"mkm2d_gtvper_log.sigma.2.0.mm.3D_firstorder_90Percentile_250","mkm2d_gtvper_log.sigma.4.0.mm.3D_glcm_Contrast_250","mkm2d_gtvper_wavelet.LLH_glcm_Imc1_250","mkm2d_gtvper_wavelet.LHL_firstorder_Median_250","mkm2d_gtvper_wavelet.LHL_glcm_Imc2_250","mkm2d_gtvper_wavelet.LHH_firstorder_Skewness_250","mkm2d_gtvper_wavelet.LHH_glcm_ClusterShade_250","mkm2d_gtvper_wavelet.HLL_firstorder_Mean_250","mkm2d_gtvper_wavelet.HLL_glcm_Idm_250","mkm2d_gtvper_wavelet.HLH_glcm_Idm_250","mkm2d_gtvper_wavelet.HHL_glcm_JointEnergy_250","mkm2d_gtvper_wavelet.HHH_firstorder_Median_250","mkm2d_gtvper_wavelet.HHH_glcm_JointEnergy_250","mkm2d_gtvper_lbp.3D.m1_firstorder_Median_250","mkm2d_gtvper_lbp.3D.m1_firstorder_RootMeanSquared_250","mkm2d_gtvper_lbp.3D.m1_glcm_JointAverage_250","mkm2d_gtvper_lbp.3D.k_glcm_ClusterProminence_250","mkm2d_gtvper_original_shape_Elongation_249","mkm2d_gtvper_original_shape_Flatness_249","sub"
0.124033540338143,-1.32886948499414,0.880641308932865,-0.462513767565562,-1.05843785248081,-0.325965586003823,-0.175922141366665,0.952824497926402,-0.766174030051918,-0.515353931445989,-0.76466815165069,0.490022415029533,-0.693638638387394,-0.329235305310704,0.223209080533121,-0.141177420374645,-0.176763302946478,1.02769013153375,1.31168292717136,1085983
0.431729498494478,0.688500091902554,0.600392460113104,0.935902282052588,-0.900563090609651,0.310801729512215,-0.10557960531072,0.883761995644245,-1.03126895877271,-0.180601663590094,-1.0197074589491,-1.0639541670062,-0.170399365449719,-0.329235305310704,0.0376413956542088,0.174570232692934,0.39936033103676,0.903315011727641,-0.684619025977092,1125173
-2.05061007731258,0.00592972101840368,-4.32668840620967,-0.491740490215753,1.46759949689687,1.51600846534141,0.864865317503746,-1.60161851272176,-0.556035561328014,-0.902625046601469,0.193775425822944,2.97849150213734,-0.666077231819433,-0.743747951996856,-1.59121535366359,-0.916470972184284,-0.750016479233202,-1.09125817683295,-1.6945783928603,1154608
0.780836272574457,1.12675816871691,0.154662580352366,-0.745619404896523,0.288497483717879,0.0388283590293226,-0.206580418155745,0.400397531638998,-0.363183717314218,0.384007016173834,0.404938302026737,0.11950963554875,0.597585516111044,-0.743747951996856,-1.33547159111605,-0.586035181573528,-0.499955263561685,0.128547106063381,0.978025873237056,1181124
1.18911268489209,-0.62714473382127,-0.725721845334308,0.687894553250868,1.18578583247612,-0.445167124440432,-0.267228813375271,1.1547789268933,-1.01060605447104,-0.810298790170519,-0.676235463662737,1.97743432904695,-0.533779237412683,0.499789988061762,0.779140857906109,0.585470620372714,0.211942449065114,1.3884677017123,0.612247159021528,1183075
-0.619639399988404,-0.707111921418333,-0.463878708159626,-1.2499354775502,1.16994797466453,-0.687513062268495,-0.218690338017941,-1.13022553765462,-0.189105127684936,-1.26369109856124,0.162846364096685,2.53525684403401,-0.675530136399358,-0.743747951996856,0.500524576972817,0.196221840439324,4.23114651842954,-0.515882743954256,0.174462190666563,1232870
-0.328010456778292,-0.163799906794483,0.814143857930973,-1.44589599766098,0.183158919492589,0.946449868549858,-0.0653103018711664,0.450165979199194,-0.294131962509291,0.741990679198922,-0.546839802732828,-1.05554905773038,0.039699540908568,-0.329235305310704,-0.0413610356420816,-0.472579540835119,0.386223381950284,0.0607759317154871,-0.314533799260688,1279943
-0.233841811371911,-0.675544934114697,0.0610559334944518,-0.00364208408406863,0.186357705163143,0.703273984905378,0.166970494621439,0.484361680631637,-0.412073380800848,-0.922102194889632,-0.679693610782707,0.848331386145291,-0.95605962146443,-0.743747951996856,-0.13642207609902,-0.391155050375026,0.276191941218177,-0.201139121923733,-0.906227840114156,1329352
0.00935006512036052,0.420485153397267,0.0523557552386578,-0.902905453947301,-0.460750308157405,0.228577551396669,-0.0220748648022003,0.342517613883896,0.0789605905782146,0.352230153904151,-0.0272441180650801,-0.0551399155703941,1.24972759410845,-0.743747951996856,-1.04930940418162,-0.418956485206343,0.335721910962575,0.300674203552877,-1.04583905399901,1330263
-2.66716357211144,1.43552945625926,-3.60961381496581,-0.24131702680263,1.54181889926116,-0.683222387101051,-0.148948983918342,-0.563005711223917,-1.24986093050199,-1.12466407864231,-0.294223965232441,3.00935104918788,-0.62063348565983,-0.743747951996856,-1.30980009887507,-5.87493759218587,-1.36876940106878,-0.778798785706111,-1.81078084550867,1364384
0.249036330689008,1.75433006368013,-2.70249457968923,-0.319012969096366,1.22526415528449,0.709253180267309,0.148203725019427,1.05617257333035,-1.40808244257253,-1.4006265896259,-0.403941368270002,-1.11978481557109,-0.696026090604941,0.499789988061762,0.868359372011783,0.776306444957867,3.61688604866611,0.550834506291019,0.629068428428744,1386095
0.438987290241716,-0.471675212128199,0.435343722359126,0.888658190566141,-1.12355494068919,-0.269527841299466,-0.209956045716079,0.850116581884379,-0.915487420504111,0.199356624991934,-1.01209554494546,-0.636225231351675,-0.681832369881875,0.499789988061762,1.1888475461462,0.716377598019656,0.4051086553565,-0.929661778444626,-1.12689880153666,1458656
-0.330685351581823,-1.5749354048245,1.33278469004502,0.813457992636098,-3.17893927479227,-0.562490374239436,-0.295555476439636,1.12728938707505,1.72372146662085,2.01675897073418,-0.161994728566764,-0.0156409136251113,0.755871617085737,0.499789988061762,0.58043843237471,0.620465279400482,-0.537951424718382,0.705670136509656,1.51968160629526,1485662
1.00681659455421,0.52724761663051,0.868414885292677,1.18634100919381,-0.318009187049765,0.179738293770631,-0.08681057427756,0.52355510219821,0.579657770487124,-0.198392361539803,-0.191719759001071,0.0277419752912795,-0.384169934442292,0.499789988061762,-0.484875351292802,0.141989301620066,-0.696304618638854,0.275885909030906,0.567426327208087,1497807
0.14162399086133,0.0690236270645551,0.223727162186664,0.21596294049135,-0.715595313493955,-0.00768119128512906,-0.164331150940036,0.952050853909509,0.0414220670998816,1.48351541571547,-0.57364647722839,0.819750429036007,0.501461337345674,0.499789988061762,0.114423079202516,0.309081915853077,-0.702128143235801,0.100023363668544,-0.0310849832723612,1501387
-3.0024240861678,-1.09348692422493,-0.751298976136989,-2.50091675242316,0.852787118749197,-2.98459481343163,-0.991948685413726,-1.64038308523362,-1.31426876282531,-0.0975166198188644,-0.943298097711515,-1.64165362354829,-0.572612637619279,-4.88887441885929,-2.51844292852286,-3.59216593381172,0.0858258471308263,-1.34544525662363,-0.502271961202471,1518948
0.416329487247625,0.767149402723321,0.369258624402253,-0.655084919792238,-0.235402830424037,0.206736772444386,0.0464476977916974,-1.34991969035658,-0.936688760017135,-1.24414705513886,-0.635688225927676,-0.60526720332036,-0.950565408064572,0.0852773413755351,-0.324118267162658,-0.391210347203215,-0.620458009151121,1.51096136027969,0.666429207101459,1526417
0.335502264071885,-0.443304504192683,-0.884445942243954,-2.44721125379605,0.0700282859571811,2.33828421563346,2.04367668161202,-0.166281449007735,0.0795116091395177,0.335596766501899,-1.04033568750682,0.933289424766592,-0.736518765408159,-0.743747951996856,-0.524461200443615,-0.481102831561923,0.081127992328596,-0.131026322266124,-1.03519235787732,1565177
-1.70904639465453,-0.90668700225196,0.55634299083295,-1.37834080556288,-1.16360285338446,1.49052931950493,0.299550423009371,0.215144590954666,2.15258015514144,1.38665076820416,0.901800442536275,-0.379009864628722,0.998697156132171,-1.98728589205558,-2.65259109065917,-1.93139686114594,-0.0750553682231522,-0.149223694264323,-0.6682692177958,1606693
0.204443244299194,0.954573097696268,0.296671690978696,1.30832483686895,-0.639050259673763,-0.804711538769708,-0.179544775701413,1.38783530197087,1.31903467061704,1.30353668765816,0.764546893058713,-0.109129800995413,1.96222639826783,0.914302634748025,0.552982076567507,1.30477734065105,-0.178911687648749,-0.293846978593448,-0.618378441230778,1612262
0.79970499649921,0.858365973116838,-0.0721913994701645,-0.0918026404303604,0.73277991045502,-0.795539180437424,-0.797463321742731,0.0466746878371756,0.0152260661329264,0.0692235351995573,-0.573983197055938,0.616854020692613,-0.460834862650055,0.0852773413755351,-0.390467387836031,-0.00722437924086764,-0.694764226965125,0.92214904460807,0.696022314760411,1614566
-0.376373885621531,-0.432389246803753,0.175810960129657,1.33635567495325,-1.09962452440784,-1.71728745185836,-0.190631678948451,1.43823698695251,1.12346339179938,1.03487077323969,2.23980830273178,0.0429057442311102,1.92931649411664,1.74332792812047,1.53413920077826,2.04808434583644,-0.81693257036878,-0.581795491472504,-0.560910325208477,1644034
-1.57379413015424,-0.86113573898026,0.428891443003629,-1.24875596226281,-2.14986862531475,-0.273653541495192,-0.179896651535803,0.482809687291136,-0.589301213079897,-0.00611768857872911,-1.04277411225953,0.306882098183663,-0.655619868370957,-1.15826059868316,-0.700997957526334,-1.22991782682115,-0.593563939032385,-1.66776710866579,-0.666141728819901,1668599
1.25352956694051,-0.180581121923879,0.138466447615363,-0.740537225373471,0.947471902902179,-0.0889264296111544,-0.142130348977835,0.478754651490154,-1.99054153642818,-1.15812848017092,-1.11601849779037,-0.236040900408389,-0.909950685281094,-0.743747951996856,0.239909606641677,-0.204498969851431,0.898437478300418,-0.80111345931503,-0.269256794405906,1671370
2.56892296059462,1.08172315563895,0.296631400166817,1.38597441737175,0.910429882955981,-0.148231526316591,-0.216477620992306,0.446564170337123,-1.2636812958112,-1.56497891236939,-0.856012334073938,-0.220189985212737,-1.1523366774641,2.57235322149297,2.68168827861291,1.85689477623188,-0.686903716065125,0.754346377918268,1.80180862000305,1684230
-0.0612740892493766,-0.204475648989454,-0.588848377576568,1.22413403561925,1.45977981886776,0.689085287153299,0.604646878954328,1.43834017869853,-0.139009178683827,0.451864633778516,0.00598423071100649,1.24307180092777,0.994491371775041,0.499789988061762,0.654468598508899,0.487757092442398,-0.197290396743214,1.24984030338684,2.32432703536061,1692385
-0.0633314688120742,-0.203911691680281,-0.469650763715295,0.0806552957904275,0.232393472330652,-0.829603627790367,-0.144496834806045,-0.660378823530976,0.14594513413619,0.74213399154846,-0.0799160787580805,0.395852819134052,0.631629926122968,-0.329235305310704,-0.634285151390966,-0.165302913284154,-0.462459436014722,-1.0246976716634,-1.19190119731126,1720713
0.47103392224745,-0.292847087160803,0.561318343999266,0.181698398527882,0.0176635517539446,-0.758479333951501,-0.225791895758492,0.130077089910415,0.475615584276196,-0.51526327399984,2.4051291733653,-0.0232816442499657,0.134225173179298,0.0852773413755351,0.0107933759824927,0.419294272502608,-0.525314272997423,1.5400243260392,0.759864572285977,1738800
-0.362296818247829,-0.935339484157089,0.743202945438877,0.0321921834212659,-0.755668590521197,-0.648514096089976,-0.215429807718146,0.929485623999489,-0.711453999202384,-1.28762122379059,-0.594624705587725,-0.376840772132944,-1.06767595583922,-0.743747951996856,0.0579454156331671,-0.216507800276038,1.07782595614552,-1.25279275877206,-0.967621835993905,1740845
-0.00926271068289765,-0.373248020998063,-0.367598789091384,0.203969983253207,0.405667664036046,-0.92921801503738,-0.62506399974388,0.0353914537871337,-0.466980548581772,-1.4548130514141,-0.632189594640911,2.73218930611413,-1.08758521374305,0.499789988061762,0.79004183689958,0.45586317516119,-0.146640356444443,-0.453459444402201,-0.0313893863514104,1742294
-1.18867113901901,-0.173476383051585,-1.00253269536902,-2.95378015286034,0.636779606709347,0.393105752015964,0.0293217753915275,-0.313033672781055,-1.10605508613604,-0.930169108608462,-1.33396472297264,-2.76394842182477,-1.10541056638375,-1.57277324536943,-0.337440213876241,-1.15967860677522,-0.512097137848265,-0.535854702963544,0.334324183377625,1767700
0.49931495047828,-0.212592850218829,0.470146038147426,0.120018917041318,-0.287860569323408,-0.224061563003384,-0.235404397534493,0.428617040882412,2.24917572096285,1.81820003406098,4.80840115246337,-0.164002816754673,1.80903916308841,0.0852773413755351,-1.10954084288954,-0.190459745302091,-0.797519677623798,0.559456451328435,0.313932229779907,1768972
0.184504154014629,0.423279572381343,0.354907044038028,-0.511545783688226,0.673834321232946,2.28764383239977,0.958929861164682,-0.220046486135473,0.776486139557343,0.45199625129135,-0.645093393942845,0.49364078635677,-0.381819391952291,-0.329235305310704,-0.906434832324109,-0.26479161056426,-0.583478490459595,0.221649289100178,0.081745926816137,1889409
-0.070294828023548,0.2830569554433,-0.379804159206719,0.624262995183101,1.18642578108408,-1.54771836591514,-0.283422104247527,-0.457446216822578,0.565889629300725,0.731935581191021,3.10634725154163,0.11243166648213,2.25609416733729,0.914302634748025,-0.542400789344533,0.10475861837784,0.64035297417365,-0.311505158853065,0.528340848162891,1915938
0.76612067322673,-0.680657152100549,0.83887387536326,0.27140962750311,-2.15827107444002,1.21273886975952,-0.0812816732483972,0.602488880922607,-0.585943726531223,-0.938606278455201,-0.186283975491383,-0.487174042846934,-0.24182134953719,0.0852773413755351,0.759191731152394,0.391541719950786,0.0325770998632377,0.0583169583995714,-0.310135452200856,1916742
0.834418671774189,1.69780684220827,-1.4644814120478,1.70352051737348,1.16537520859916,-1.16463606467177,-0.422626645767715,-1.31438786277552,-0.33372860434526,-0.150811014643177,3.57303619009067,0.0127643504808164,2.90097073632077,2.15784057480674,1.24999186352836,1.89341602945321,-0.80518013884102,1.72662786975157,1.55221625709883,1919296
0.227319561837167,2.07262112150545,-0.61928351345197,0.766928817797433,1.19695025103756,-2.29584649778891,-0.367817216543887,-0.347397451576291,-0.104606464533513,2.15770836793486,-0.697205479280616,-0.0587990116557146,1.40367088676977,2.15784057480674,1.99757909222141,2.17739556738091,-0.447555204211313,1.60280737715455,2.84964260983316,1926770
0.205916358679139,0.602129033151996,-0.0210706881551677,-0.364132656333107,-0.217171701314751,-0.202350234310017,-1.63543947896916,-0.294376963955613,0.780193936873218,0.570758786431539,0.326377552136431,-0.203756669305879,0.215924252136647,-0.329235305310704,-0.767745381879232,-0.247771900874048,1.68390596706618,-0.439751588795574,-0.389558558289394,1938156
-0.918610895827264,-0.890453039034738,1.09026614245719,-0.167891148106308,-1.66109190465234,-0.294495293646465,-0.194277534906685,-0.179780482181406,0.974436042761208,-0.216470234482381,0.720824732113179,-0.156045251993896,-0.35749087078309,-1.57277324536943,-1.24309237772354,-0.852870785568437,1.26831303980314,0.302496441599299,-0.251858003492744,1938561
0.20665483909847,-0.445333535350296,0.611046205620136,1.01547937184525,-0.100570571383312,-1.04786340018953,-0.409822042618743,0.892776912121981,0.904907531811804,-0.0773517077673168,0.704687033209641,0.480471145228571,0.0118479790526011,1.32881528143427,1.20688774446832,1.68934824690342,0.465392011659881,-0.318568089246165,0.118124964107291,1966316
-0.166965118974368,0.236802496228333,0.12794810389437,1.19944680989768,-0.745802643660189,-0.480289949841054,-0.201602664761094,0.498740530718483,1.31712807708555,1.5030946192917,0.0306467899228226,0.312196404083882,0.384755952630276,1.32881528143427,0.705145547013282,1.48109100494885,-1.29506023323247,-0.690529219166993,0.156473089225486,1967281
-0.327433487970835,0.100947567961448,-1.85382677422026,-1.19520381417497,1.44059617824763,-1.30354028909717,-0.73957339865325,-0.452872290166422,2.20385392253741,2.94069028420739,1.75943135574343,-0.452935420621456,3.33376387726029,2.15784057480674,1.60533803279804,0.912828419916535,-0.944732322178808,-0.144524629863961,0.616973349254115,1973544
0.0441494331508652,-0.454099746880219,0.436419279206413,-0.395314170403989,0.703971471160396,-0.151019895828906,-0.170127806599044,-0.511637592548696,-0.937817127042444,-0.771027189854901,-0.379423610928901,-0.523616986826776,-0.643670281229352,0.0852773413755351,0.858348808396959,-0.121261962844067,0.390452599504292,0.455393621929341,1.05472219458245,1975401
0.64425645439868,-0.691662436297958,0.743168721123015,0.481894850929533,-0.478644754184175,-0.295842847800879,-0.168248736819716,0.197554402791029,0.906428491472754,0.204850301973543,-0.194713208717867,-0.378428915462794,-0.0642808632426718,0.499789988061762,1.08108620168247,1.02669444586781,-0.0436516762753055,1.15323283817663,1.10931490527948,1976407
0.376212489177265,0.486591040126317,-0.410231258225904,0.955389355324619,0.323905332672957,-0.19331000924792,-0.177117722595297,-0.455087793459428,0.677457673683407,0.27112436265903,-0.555180474838954,-0.180946394118925,-0.654856259967474,0.0852773413755351,-0.101031357515768,0.420001935169982,-0.924946274748712,0.723648645318114,-0.769527154214721,1978972
0.336043762185303,0.175070351352679,-3.04968026810479,-1.37547999775844,1.61347485260332,0.174882472059719,-0.0539994079070796,-0.965906787257573,0.716744964489327,-0.484453182888535,1.60811977972704,-0.444145514331793,-0.372328280943406,-0.329235305310704,0.0247122243379533,-1.988462237908,0.026409219981704,0.688877247703935,0.468613531450938,1980052
-0.30427512983884,-0.191340455027579,0.0574756758337017,-0.976326589475781,-0.136716188578724,2.19515621405234,0.0608969501295689,0.633340129370993,-0.555218437747276,1.32036626749735,-1.01967442082639,0.379644854358528,0.19387999557425,-0.743747951996856,-0.664686410035258,-0.525109781685994,0.332982367281094,-2.9864263821688,-2.06985825664804,2001182
0.478204098009805,1.79541135870663,-0.533667646168305,-0.14585924046656,1.44317758006297,-0.395778642539939,-0.278346669809736,2.41370767053701,-2.25088551860038,-1.22313605734284,-1.28376785259511,-3.27935981926141,-1.13265522930274,-0.743747951996856,1.95271848175609,0.413114035258789,-0.615151948696746,0.261628342733366,1.11717884296245,2002465
-0.11809005164053,-0.389203482488995,0.601408659943491,0.453894076683511,0.857064660678329,-0.450260465588924,-0.217358960650886,-0.552715107721479,1.29832849519647,2.55884294950464,0.42418346131493,0.00903551910439102,3.00778727999288,1.32881528143427,1.42093817489723,1.63933838728354,-0.647873960299132,0.510966742080502,0.953760217246064,2004451
-1.74046957815773,-0.186607565301123,-1.42577950200435,-1.95551678643423,1.27891887856159,0.734761879755875,0.0315758342912512,-0.215442462183633,0.225101782377435,-0.701675995788057,0.245157034905519,0.778191373657703,-0.536542862588654,-1.98728589205558,-1.51030645893087,-1.22123127058854,-0.712606503540398,0.96870166927464,0.861942698842225,2006164
0.341757339547667,0.126716494420353,0.275956091402467,1.03137069593766,-0.474736433623042,-0.919357968789052,-0.463647669703266,0.744364824360793,-0.0920548428635533,-0.167143669637495,-0.395607912185295,-0.787846418972069,-0.386768597039497,0.499789988061762,0.0219594838126759,0.478870320663782,-0.538253258413145,1.31920141703189,0.781301266089191,2007309
0.872167103840851,-0.771081032696627,-0.162529906256372,0.405163840156962,0.202990563856315,-0.516691657324603,-0.154221295220619,-0.789597033409655,-0.591726398669347,0.561098997909302,1.04359896745274,-0.452257584627988,3.46447267846112,-0.329235305310704,0.68307023358553,0.572689521724556,0.459737994358317,-0.781552064834679,-0.469164714135058,2009915
-0.171147429052583,-1.54090843787235,-0.478143114375908,0.424054005370616,0.226337021789901,0.233799308155748,-0.0541756235511109,0.691731270231185,0.181496740259556,0.466243980289531,-0.458497006473394,2.53602309696099,-0.436821835139421,-0.329235305310704,-0.108869953829207,-0.371016813055569,2.03527777885988,-0.135162141434392,-0.426195831113799,2010259
-0.182219341505028,-0.689560982680443,-0.698627961049273,-1.01670136138711,1.08916370579101,0.584506001457609,0.405667119347771,-1.65871290351457,0.133460084082478,0.622881671581197,0.0177260589015963,0.150117367505598,0.68257805188734,-0.743747951996856,-1.34232912630967,-1.25748749119091,-0.466182726031339,-0.275691260879174,-0.459319865085772,2010554
-1.1630128107331,-0.232192208065279,-0.46811503155211,-1.52391768503045,0.858658707566288,1.59304180669533,0.750294022439606,-0.42808856116802,0.831389462561604,0.0397326057508822,0.118431605000145,-0.84511720417973,-0.843215974540749,-1.15826059868316,-2.01045013183352,-1.51103084824316,-0.255652699887857,0.926350145224189,0.514521391923785,2026671
0.493282890299625,-0.725678810357135,0.286151053980126,0.302894338771023,-0.32502622375092,-0.232651797694524,-0.194459328375791,0.676889116503966,-0.789316000053907,-0.676791244411858,-0.688287760310963,-0.0734041037366587,-0.641658896009864,0.0852773413755351,0.752586900256184,0.198609415009041,0.26538041899804,-1.1870278728144,-0.422258756542309,2033049
-1.10310718037801,-0.975790474617802,0.0795106611647777,0.0873175743060698,0.585469850881186,-1.34683038122401,-0.912553180258846,0.203820782047655,0.770794728007884,0.425987146631364,-0.197349085419867,-0.0182672276044611,-0.0578954097083943,-0.329235305310704,-0.261181486907272,-0.109624318905065,2.28760872787916,-1.60661375823954,-1.21854631272316,2034136
-1.23804108102466,-0.897041695456703,-1.88243794842369,-3.20411456597194,1.51406806247777,0.0603749646508888,-0.066437178664677,-2.7232443385704,-1.2389512373478,-0.56959465278253,0.0364166396477203,0.835274242322812,0.29280807837527,-0.743747951996856,-1.92404375149692,-1.57659460684832,-0.391566735200676,0.148960976948125,0.208597782194879,2040495
1.42392915528184,2.90287420107563,-2.85588857089191,0.662633315063061,1.58910814022551,3.66862826030927,11.9465224162316,-0.766820914437538,-0.424507048853396,-0.291007367834548,-0.568570103814276,0.187947958213653,-0.415021006530165,0.914302634748025,0.232023056643554,0.781788312814229,-0.02813973293492,0.803886159567286,1.32531199595358,2047354
-0.472411632384575,0.0728128237441407,0.710445846553409,-0.378154423374326,0.0621763991886695,-0.357254839904839,-0.212021385773464,0.133062247779914,0.698574743868511,-0.107105963410424,-0.457082351634054,0.129799441401563,-0.516911372678558,-0.743747951996856,-0.597099891089797,-0.488265503599414,-0.468334751480143,0.34290483858058,0.795899393011584,2051378
0.130218685608288,-0.447914469346035,1.12608970248136,1.38704601667499,-0.973327932632311,-0.45476140032853,-0.277793362796398,0.903948636465701,0.879277001149282,-0.477461669290478,0.861462211298181,1.00018869179779,-0.625884765572732,0.914302634748025,0.361902706071534,1.06322810193673,-1.02043270156359,-0.122418874731402,0.135798069278277,2055667
0.283911279650578,-0.397815250123354,0.241761841514012,1.38366563584576,-0.20229413102718,0.334552642189087,-0.0962500487459514,0.550834468647373,0.724421418364696,1.22633481286141,0.300088130204066,0.53876284042976,1.11298544267891,0.499789988061762,-0.46095333270268,0.227191833514369,-0.296682268974231,-1.49914299538566,-0.589465345197841,2057358
-0.730977883674628,-1.00711030123453,0.939014893098973,0.733626501431371,-0.497937053570842,-0.677138648612442,-0.236716704786271,0.806809806015893,0.410373814133232,-1.29928339153371,0.0813051222414253,-0.485481856825972,-0.937294395731842,0.0852773413755351,0.604374417785746,0.389397141383663,0.252427774648066,0.648518761459635,0.35347003954887,2059713
1.60840666356247,-0.999049072192857,-0.198568433333345,1.95399016426296,0.68775552204965,-2.18749321548405,-0.250543177776963,1.70404323409153,1.28982060233713,0.591973487706914,0.311701077527813,2.20613316180532,-0.174912161548648,2.57235322149297,1.65514110962049,-2.19139081691831,-1.29581395444391,-1.21274849309538,-1.04130732793521,2069079
-0.876332445710689,-1.05708110256838,0.247376207912083,-0.814146161818182,-0.418362487002985,-1.20063557058417,-0.527009492091218,0.374027515922752,1.14106510251366,1.49986966154494,0.0484046931248602,-0.265204329532858,0.516319781803727,-0.743747951996856,-1.09012668178622,-0.649656720646934,-0.296493700060963,0.150743403962046,0.795723845934192,2070958
0.926246092757131,-0.0341928492962648,0.113817657745971,0.606931352897792,0.315686920774276,0.574261498896127,0.00745681068663245,1.06837627547169,0.160729763400376,-0.0877220959912741,-0.528984384087488,-0.497614860340212,-0.776612166408141,1.32881528143427,1.65620850936722,1.32620740628903,0.278868995374953,0.43957837880919,0.812725686763011,2072215
-0.555520975378425,-0.809389954382442,0.958981698168013,0.532170539925672,-0.712964924394144,-0.418558382726376,-0.144552829084023,0.233237437267356,1.21171017084575,1.33417830079691,1.76905262531046,0.0476845572517813,1.24001645625168,0.0852773413755351,-0.922089464989458,-0.0348248314223204,-1.05324564125253,-0.129049823230562,0.672586414373863,2075832
0.659512104481029,0.234917122628972,0.639032130232496,1.47211911846924,-0.467766517856142,-0.513299471924066,-0.227093357315116,1.03471589913607,0.0112118148897915,-0.64314613404152,-0.152538310115765,0.806074896365677,-0.506464219969193,0.914302634748025,0.481062109429511,0.876283009660515,0.0304087433192216,1.2456172226797,0.766894387124672,2075846
-0.103916604700746,0.78736607279718,0.399931900331937,-0.337599767714138,-0.00578249509802515,0.366674039759933,-0.0835218527891042,0.10820496408188,-1.24200012789607,0.953318576164957,-1.25909528987974,-1.48579649065542,-0.0170897469525711,0.0852773413755351,0.967020507610227,0.150952264501395,-0.754828891537247,1.58208668831872,1.05392034390557,2076301
1.22565507370721,1.35166804151217,-0.104267009546074,0.470855520068149,-0.0796760154447933,1.48616436413887,0.464500807300819,0.247429042782647,0.980062356795846,0.837822911961167,0.680051435815878,0.125458658907928,0.440281075598887,0.499789988061762,-0.64131659106847,0.245782918364563,-0.423925302429711,0.297818739295745,1.16728703297373,2078198
0.719317875612787,0.920730615694969,1.13989113585753,0.95586845093963,-1.18537916471884,0.0292620631946441,0.360409533454083,-0.248526662061668,-1.84817076900784,-1.86580254353321,-1.37524676696135,0.257439919398277,-1.28855705392893,-0.329235305310704,1.36780388292895,0.478419075594127,-0.484640808655799,0.864616843106924,-1.17378889230186,2078899
-1.08919747361269,-1.09459403961187,0.120839979203308,-0.472104880898127,-0.768714523329563,-0.600465977015904,-0.146265127569188,-1.08712168480211,-0.189568218217721,0.371216160126923,-0.877383874108139,0.694198627926594,-0.31279062898947,-1.57277324536943,-1.03263973716855,-1.22861631442996,-0.326509730138589,-1.07667986605487,-1.0981508265569,2085349
-0.783057517056214,-0.544187948073002,0.209233264793621,-1.33757766449512,0.390788044023941,1.23476712734215,0.410253113264493,-1.0699927380634,0.139816293109304,-0.377453379937022,-0.383933322409503,0.534459258240408,-0.645915952640857,-0.743747951996856,-0.81736656880087,-0.649909405138834,-0.325238745550092,-0.193476565605438,-0.359404518580512,2086044
-0.836485760500689,-0.988299241810353,1.01545048327286,-1.09934646052681,-1.7115424698585,-0.443670035450826,-0.251380592652234,0.0670386952108199,0.951915981874978,-0.357235557491668,2.29312920826549,-0.00724484976829563,0.810943602038807,-1.15826059868316,-1.12011787312519,-0.887786775308806,-0.506983933104728,-0.782053948758404,-0.861541209008086,2091555
-0.636308246933993,-1.30692824416377,0.929717886443529,0.486627676526379,-1.39361135412361,-0.261452981739545,-0.211951478200203,0.647814405388374,0.700050552768453,0.794114157724797,0.785369036928785,-0.119756681127798,0.81118360423959,0.0852773413755351,0.1942167228177,0.350635852115978,0.204354825369811,-0.754376698936998,-0.586946436614921,2092954
-1.14829724112603,0.0532579180684587,0.690972134597166,-2.89794771791649,0.368340147944796,0.094120695498833,-0.0737500881985039,2.10931735850284,-0.754765884976765,-0.334144878911379,0.0188301213018658,0.155815370301134,-0.52011375734947,-1.15826059868316,-2.19904614271642,-1.7914726547512,-0.613902656433085,1.11347561505982,0.644977022283607,2096627
-0.0548774482311486,-0.221064485314069,-0.204800538347949,-0.163122677424811,0.824399225761092,-0.133598547760897,-0.0990621709774113,-1.24903537058857,-2.11989558623817,-1.80768660164956,-1.10349315193628,-2.16009474740969,-1.18997236043417,-0.743747951996856,1.51965056946618,0.421018504498912,0.0727994516428999,-1.14623529542985,-0.837046251587867,2100050
-0.667013614819905,-1.01318195271909,0.163342708536318,0.544532430030964,-0.566446631133961,0.400125199714691,-0.121400760862233,0.522161095617428,-0.261610043692692,1.25957765510955,-0.426761649406242,0.26130086686083,1.15012086496915,-0.536491628653777,-0.251550701887962,-0.502065768408591,-0.233371314382886,0.434081523904742,1.51649364770679,2108003
-0.49648705368672,-0.417291735239043,0.502140161765196,-0.370623057424561,-0.641239133295399,-0.764603173093566,-0.224278218873532,0.349065605707298,-0.346105172130141,-0.23582971656123,-0.334897669619919,-0.665013295960045,-0.507777724726335,-0.743747951996856,-1.35548612595294,-0.749138335298009,-0.447344833067581,-0.389639301657585,-0.726322040600613,2109902
-1.73780144935439,-0.113923884979863,-0.492540552709883,-0.984517148766907,0.354130023821922,-0.562858949871427,-0.24770415232006,-0.990463666858908,0.574665940700667,0.144183964032618,0.932569223610956,-0.257798229742843,0.6724124579052,-1.98728589205558,-2.13341517310946,-1.69537792179245,1.78803196582153,-1.54152709113318,-1.02037319942953,2110540
-0.0355770881916788,-0.0393566036800818,0.69032284874174,0.159401279154624,-0.553329501378099,-0.26523523339379,-0.17157463275201,0.36002755348792,-0.743699390740851,-0.91516732222983,-1.1191847019554,-0.176652835231711,-1.16470312294637,0.499789988061762,1.02949577208315,0.0778851346425741,-0.424231445916552,0.237361412237521,1.41505189799521,2116787
1.24393407999484,0.663313853338216,-0.0500042386326876,0.765868684121714,-0.430806568446716,1.9913046377648,2.62143381369168,-0.297387726096088,0.133864490531778,0.220810844490849,0.139761217252041,-0.224082902323425,0.0947377446414411,1.32881528143427,0.422368951697937,0.938598811412603,-0.880277080931005,0.322986521803897,0.141508879089508,2119177
1.43552261977828,2.49549353854534,-1.6210327063502,-0.873168180990092,1.09527869567411,-0.376240697803136,-1.49439178869154,-1.11570011016151,0.065277922593552,-0.136238261733617,0.421058794093686,0.494031572904819,0.387519030141991,-0.329235305310704,-1.2118470072294,-0.502525720507335,0.0686894059529433,-1.76572154900667,-1.47605974691436,2131601
-0.167626531429624,-0.257382656135697,0.0214122024473625,0.127120874733941,-0.242408172944487,0.332737898892056,-0.0473268283181634,0.263667062851689,-0.623354024063904,-0.465851369259885,-1.17137742577957,-0.778289241127164,-0.930270594742626,0.0852773413755351,0.904336282644685,0.236567552915575,-0.0949305064447384,0.409184912905064,1.09382527165663,2132424
-1.03002634834203,-1.86729004939352,0.537096944379275,-0.508922455242152,-0.677417220585141,0.66162954128147,-0.149591435374567,0.355955182726897,-0.550429620213282,0.476442630006123,-0.231885493759654,0.404906814988014,-0.0539938509150012,-0.743747951996856,-0.548914613169619,-1.27338177885531,-0.0935094928772609,1.58523252465738,1.16702709255239,2132982
-0.514477575570623,-0.871519439523917,0.476548248625523,-0.368402684267605,-1.13471635878049,-0.296509632806944,-0.195771457321247,0.483700829978559,0.00186226856802587,0.13212081356,-0.310423309976914,0.554988407101725,-0.240735800033069,-0.329235305310704,-0.775310159759363,-0.704785936322921,-0.056342043350757,0.663905988917079,0.885223845068038,2133204
0.451389145536008,-0.176978874762844,0.858017176850367,-0.14969542902659,0.266768958659393,0.199547725731509,0.286706918746566,0.746790180570344,-0.373243967911144,-1.35793312595322,-1.11531389963929,-2.18604523962944,-1.23676078822658,-0.743747951996856,0.875929617697459,0.0590510010032534,-0.739498654323256,1.42476121597109,1.2732853763248,2133380
0.201730896090946,-0.0647415528829547,-0.17920903927287,0.726129318386697,-0.181557976569485,0.536018799090775,0.263940582936732,0.30360976360407,2.08876094980638,0.545439984202449,-1.19277656135002,3.87771062164598,-1.24145644706394,0.0852773413755351,0.408860545362861,0.319385565676091,-0.587547137810342,-0.300104287268097,0.0550013767081342,2134220
0.657469952136346,2.29875682561699,-0.688145666515857,0.30441553154193,0.894818285343267,0.140574209125561,-0.0379669475643959,-2.10939025417788,-0.251110479580547,-0.363210374996515,-0.544852789560659,-0.501119674988332,-0.689124210798781,-0.329235305310704,-0.677855224383556,-0.280736968097204,0.183758298764112,1.46323432008876,1.96013133537284,2135748
-1.01378822546425,-0.272750415121376,0.0277864421307171,-0.308386204679991,0.326775149084281,-1.62339443066826,-0.37340458805903,-1.11890946944952,-0.632025703717809,-0.865033310557509,-1.14394352650353,-0.440353853963907,-1.06369436769493,-1.15826059868316,-0.162924119007364,-0.662487436208317,0.813429736446255,0.871730272211524,0.179915652836215,2137799
-0.384442645690507,-0.0844909589984555,0.774986736990359,0.0291401510606441,-0.195580754551526,-0.871677959683205,-0.286556890583381,-0.894399929024624,1.1575504575959,1.10431181838548,1.70029853063753,0.142915787898873,1.14568115654346,-0.329235305310704,-1.12757056421123,-0.23801081871643,-0.519850033454788,1.30862935622401,0.852830906433849,2138375
-0.69943610928897,-0.00296892189901398,0.301842125445115,-0.485657002997104,-0.472194375557245,0.571244067860659,0.0902511524436728,-0.302111781023558,-0.526457915370582,-0.276072776782341,-0.771717139795238,0.797204762913766,-0.51347874911286,-1.15826059868316,-1.08963986677789,-0.934226213621087,0.147458812128857,0.080492128888391,-0.144383078571292,2138678
1.43852674368998,0.832714848200312,0.00143604325907619,0.875463767515739,0.306859291188721,-0.19859823968881,-0.246489472937113,-1.82192186100311,-0.621501105920204,0.149144191107471,-0.618443322052084,-0.328886911107319,-0.45178211080502,0.499789988061762,0.0478093258881122,0.522427353385235,-0.434242486404938,-0.158509184321748,-1.46934249529639,2139733
-2.18511900127399,-1.26297043911723,0.899247331785301,-1.06823013826658,-0.277961467363505,1.15418075314893,0.361924451612089,-0.313532217369888,0.194201686646031,-0.57521662000249,-0.730613426511939,-1.0349054965422,-1.01295443106588,-2.8163111854281,-0.794009701103675,-1.85733408175403,0.267732944791453,-0.104493590558644,0.590171394763454,2141116
-0.608448742993421,0.428435234524076,-0.657053737167793,-2.53467526881209,1.23751016716494,0.488920007920969,-0.0382389648044042,-0.913960777296841,-0.768735922839339,-0.118391863369514,-1.09491947073465,0.759721768915274,-0.783420115989521,-0.329235305310704,-0.031173836375865,-0.264834158532122,-0.00187429882341917,-0.25709530203551,-0.38839853257045,2145166
-0.891798709234865,-0.248923654658599,0.444778425856473,0.131731465685823,-0.177593617531844,-0.381770658001868,-0.246912089996143,0.0877138905685433,0.682469368575073,-0.626753115956855,-0.561392024857774,0.191149384618964,-1.05242109338899,-0.743747951996856,-0.678536619563536,-0.539638177610732,-0.0754354396552258,-1.55229509579703,-1.25097143862588,2145694
0.332465881457443,0.608730062679464,-0.00428925274764849,-0.106722827654201,0.417119703069331,-0.182682623472446,-0.113377989530861,-2.47838516935734,-1.48890396623964,-1.17827292747155,-1.01278211449477,-1.40468890762553,-0.955125389995762,-0.329235305310704,0.76401556333201,0.506299565401989,0.520346473159113,-0.0830368874453734,-0.598949273915394,2146138
-0.383032938398062,-0.937559529878481,0.390967882911463,-0.154778642774209,-0.420865126713669,-0.494875240410212,-0.180441398129486,0.506738336715432,0.790501673034967,-0.890705274947561,0.703114639709708,-0.12366625790378,-0.362257621075892,-0.329235305310704,-0.379412510887075,-0.232161652557648,-0.678686633291582,0.500137828956133,0.685631333283746,2151024
0.688226454130655,0.0629317762712232,0.215390766398673,0.37861759577591,0.240972340737275,-0.150720748705162,-0.160138378230827,-0.175669538316413,-0.348481622306221,-0.608146764796206,-0.0810303332284223,-0.723109394161556,-0.329283244966428,0.499789988061762,0.154705074933059,0.196245867152353,-0.549055341022961,-0.389788130112238,0.1011256981041,215131
1.91562078336971,1.83160260000307,-2.11676706723468,0.411080638905717,1.28207776073051,-0.948754226487447,-0.456405979140938,0.246835172592475,-0.285626415596645,-0.219469763334636,-0.113937263670435,-0.374967881457556,-0.291251073255626,0.499789988061762,0.0838384000873717,0.407077627682774,-0.869750014882672,1.84628497215426,1.8452713057112,2152442
-0.830472149444898,1.36977338224234,-0.918367540650486,0.24639557344472,0.963219983360788,0.739834973535145,-0.0370705872872772,0.31331966428577,0.78205306937002,1.3369212679847,0.289688677891605,-0.14236303712214,0.19745212015558,1.32881528143427,1.29583313418771,0.711699890724518,0.059285106869531,0.710893986813828,1.13790558763417,2157529
-0.0915768479049039,0.255768197932285,0.145342161681891,0.324655333068548,0.18466492822287,-1.14813449446684,-0.265005708995778,0.259849349290086,-0.836426345869452,-0.557594300120857,-0.680883181861475,-0.782889366377376,-0.420850765246041,0.914302634748025,0.928507238303035,0.761373823858763,-0.0418576419445439,0.493648428821392,0.378364719070735,2158101
1.65461111874784,-0.712709508896979,1.19610074910736,0.458765657771209,-1.96554254805406,0.752811895617501,-0.329780395210768,0.290300203172055,-0.498473323074419,0.962755040655066,-0.128566083740803,-0.232161434283956,1.11814894477486,0.499789988061762,0.177857745411868,0.369520901095035,-0.384084457007841,0.494586888143702,-1.86019624329733,2158329
-3.13162480044348,-2.35465021271625,0.259017785298718,-3.21974448088927,-2.68634310059712,0.0696542310905772,-0.132375912750475,0.5423416863115,1.40966386985188,-0.363142400915191,1.34604097056809,0.904800103456136,-0.081499584497214,-2.8163111854281,-3.18296651124974,-2.94298456663607,-1.18408291653152,0.0520425096868056,0.698599336534552,2168082
-1.21378554037092,-0.796173758873174,0.490157178516973,-0.232134610488676,-0.626431277343969,-1.76961271770306,-0.317049925363893,-0.11506404127858,1.23600573304962,2.0312030211322,0.853650576787235,-0.53288205264378,2.21516844447349,-0.329235305310704,-0.818983564041674,-0.303912723545248,-1.13023640471309,-0.542593990030273,-0.36320462423537,2172217
0.597279892020869,0.147482159512627,0.507546864832877,-1.38987668903671,0.408283647036298,0.942033871910727,0.108701548607066,1.03090687833073,0.893474792138866,0.381229019192014,0.761254516337741,0.897422708610663,-0.220904243552451,-0.329235305310704,-0.956315263221322,-0.187462302475728,-0.808824706020006,1.40967078148422,1.79396584519919,2176530
-0.785004310930818,0.267954497585748,-1.81033299153082,0.0943380065724673,1.36608139230215,1.16143721696637,1.41367488420474,-0.41451232765933,0.510787410498073,0.876566777968342,0.0245611845500014,-0.0412317485766267,1.88679457916751,-0.329235305310704,-0.0407112326485941,0.0860344098823736,1.28924052350499,0.0840037461324851,0.769275207479692,2176784
1.43792978915889,2.53539663666002,-0.87438488381461,0.599312505814811,0.879072325013406,-0.544172676507447,-0.305812117299052,-3.52639907736281,-0.129565212940177,0.136765806304471,1.389308865131,0.574263706057596,0.483995250817687,0.914302634748025,0.278075959995803,0.943908852684296,-0.797368344823888,-0.542459051217577,-0.294192318896011,2181724
0.0280198636827358,0.485611567129403,-0.778254741085874,-0.926735806783518,0.804520896127312,0.15224802128922,-0.0573140340912911,-0.125642260410289,0.132533806972186,-0.197031140156498,-0.200223031116481,0.598796593691824,-0.167381264873573,-1.15826059868316,-1.23450319410532,-0.583932124185046,-0.65442492415213,-1.23095824530994,-1.46258707995036,2183291
1.75956376718904,0.236860951439337,0.171805278493144,-0.151624329170186,-0.321270719962895,-0.93334432724125,-0.29238326277424,0.23782380435124,-0.805472495208913,-0.468201763369147,-0.247929760121901,-0.369585571934285,-0.640564749871192,0.0852773413755351,-0.0602244664442921,0.446377502509583,-0.621396432582495,-0.74128333663276,-2.06811924674213,2183356
-0.621201419115174,-1.6462409457522,0.457191653416072,-0.688471543291982,-1.85590888883993,-0.512360961727926,-0.180727632804705,1.02693964816937,0.953713093338245,1.1571804309859,0.608531910541167,0.482074425374458,0.733556466251625,-0.95100427534001,-1.54788788477833,-1.15818015098437,-0.604937464110583,1.41261800714893,0.866173389889995,2185290
1.77675680318382,1.84451681094702,-0.808504732532427,0.6721733412683,0.910049361472617,-0.60314449229778,-0.0480092986725837,-1.4393514438746,-0.353596739239294,0.168023129987084,1.00987185786283,0.322196318518413,0.306464616923599,0.499789988061762,-0.255719810242167,0.218699189400171,0.791079092359421,0.273506137864166,0.779902893331991,2186951
-0.0163770334854363,-0.613381557156933,1.01740477408336,0.521192709763118,0.414164173782419,0.276757724900894,0.0123641602394822,-0.979772302910996,-0.356636897080062,-0.374598115118798,-0.569360227673273,0.509113301524089,-0.349055383127911,0.499789988061762,0.263884581062084,0.525837781061495,-0.551118988543193,0.416819813286208,0.0573668448000064,2196212
2.24803265768578,0.414919458626327,-0.0543920525520996,0.872978882510001,0.490030086936564,1.578629415971,0.750149468942419,0.696667303032055,0.496360016148181,0.822880981119857,2.6300599853109,-0.168765408120204,1.26618853338004,0.914302634748025,0.0895525617698903,0.796398638198795,-0.891481168910689,-1.02045036625088,-1.07332849171846,2199403
-0.178284830607419,0.463094240659995,-0.224401401687633,0.395460780930731,-0.915799113314279,-0.539469411794153,-0.184878500331411,-0.0366116087300329,-1.21518735269224,-1.87768098462437,-0.974836268286501,1.19080036176041,-1.15055263770117,0.0852773413755351,1.2145595324288,0.378376104813556,-0.770589619922912,-2.85608695283565,-2.22454548872087,2200416
-0.0200981452327135,-0.616420030688489,0.179690430340313,-0.710736722066,0.00591754615472087,-0.512636142889951,-0.161560292025992,0.0388899178302992,-0.0671318590341585,-0.947831482948796,0.394936778522889,-0.651579789365767,-0.0208137900711323,0.0852773413755351,0.5013843503777,0.0978428573732,0.116816211866537,0.294413877051677,-0.640495140688987,2200813
0.148218526232381,-0.095865490050803,0.23592395630413,0.816334830921334,-0.652005949702011,-0.0857141565016016,-0.307686178036069,0.845974567397046,0.511217458013423,-0.140325508622073,-0.346797976512776,-0.718827427264012,-0.644781761742364,0.0852773413755351,0.329240434564953,0.55397124466042,-0.410096325064745,-0.217467618358982,0.376599114534298,2205389
-0.399410049294409,0.316149708731939,0.38753446572048,0.719609352737789,-0.12982744319318,0.0319465131310608,-0.19328647744797,-0.00383775740850047,-0.351300433464076,-0.964912603976291,-0.54696880734269,0.911914366247882,-0.796683771514029,-0.329235305310704,-0.157453705743472,0.244108512421921,1.66152533749643,-0.448680044296015,-0.490085903840585,2212664
-0.308040733613743,0.721684848848911,0.602202732676906,0.538921369462013,-0.168753301418629,-0.761368132033354,-0.19255821931836,0.176888257571133,-0.163155807236676,-1.07959281790673,0.973998057874859,0.276133561241576,-0.470769285546165,0.914302634748025,0.911040981005507,0.892191587790386,0.654486950348579,-1.51175664157083,-0.49133115585516,2217034
1.568246382918,3.30596709970585,-1.15093671986676,1.16194390129478,1.10194373175925,3.21029793338498,0.433577268478851,-0.151767892200832,-0.627249302902473,0.530519935952883,-0.606298586238511,0.893989686882745,0.0717770923904164,1.74332792812047,0.845037573438859,1.55850051522603,-0.867293285444825,1.31688489359551,0.699914817773559,2218615
-0.3036286670221,-0.818472938633858,-1.45148811083353,-2.32570883982546,0.000654389201432002,-0.635184592177152,-1.65346868940152,-0.0349409620203436,3.87295214513549,1.66666384120256,2.36433909756068,-0.420754834945033,0.904480914506936,0.0852773413755351,-0.0460262093050007,0.0341174095429077,-0.543165097765292,-0.0991919283142406,-0.570988558341913,2219842
2.30971843508293,0.489891915406963,0.355154917555442,0.528019447816398,-0.401936562188628,1.6365536467732,0.239945766923737,0.807658944324202,0.373637801212997,0.500961285045366,1.4906622677198,0.250364364480647,1.05843120428169,0.499789988061762,-0.445411183281831,0.380290766204885,-0.849401335812765,0.70131059454203,0.672035905574924,2224150
-1.07966622649301,0.292239234915898,0.442230459982452,0.725324388538656,0.637102823721653,-0.155525710264802,-0.143864716474168,0.0275950237766736,1.30820078719441,1.40097845677132,2.49455666684886,0.237096609077847,3.11555281114457,0.499789988061762,0.0578954588921896,0.614254216319885,0.359684600384791,1.5985664293011,1.20381274182398,2228399
-0.0146979154659904,0.511177081041419,0.90725831723197,1.4154563081867,0.309387044114313,0.584816634145237,0.136367456296427,1.0319932554329,0.492229525924314,-0.436977462902129,0.765068460906353,-1.04501297812165,-0.413142120792751,0.499789988061762,-0.148417808774643,0.379372187163722,-0.397440269456343,0.886232742306244,1.18350983389087,2228400
0.948326034723959,1.0403635656207,0.78858896910907,1.14190583596886,-0.306712455914765,-0.399403939877507,-0.333051138291381,0.924474029495612,-2.14722880976399,-1.85841697920461,-1.33901959436458,-0.742852386099576,-1.27085706359889,0.499789988061762,2.02249601395744,0.874439830623234,0.561649647267086,-0.283936901770933,0.343779171843128,2234271
2.31826130092936,0.790801055250099,-0.0515773630999022,1.15955733894876,0.377657197677826,-0.544188151511131,-0.538414789952295,2.25979020342541,-1.80505380101915,-1.33852894363245,-1.23751733364936,1.73772151704247,-1.14909649366392,0.914302634748025,1.96327145892058,1.20809717776146,-0.197659575774946,-0.84405852078433,-1.34611254200747,2234422
0.0552102622506208,0.71341294002637,0.508262666060233,-0.27505665967748,0.235900489651498,-0.0712180102703097,-0.277620505872227,0.140701069005709,1.68119333286864,1.62885946030118,0.745695290630441,0.246936334031234,2.32934992885287,0.0852773413755351,0.0358252763878778,0.321717326791112,-0.168557500661816,0.327725239747376,0.250999079125509,2237571
0.806982080021349,0.878827259585108,-0.0743333036324597,0.333959796797157,0.572235993929829,-0.264662743685906,-0.168758002183577,-0.605150017813597,-1.31866664107639,-2.07331016034673,-0.00919582447246801,0.597008371397924,-0.929566148463588,-0.329235305310704,0.605621806705271,0.220442294381126,5.65591948901142,1.36959890857513,0.839095734555313,2247869
0.200378984814781,1.53067432813625,0.215374282477241,-0.532439545023266,1.08126124044548,0.299059308892202,-0.12114062801845,-0.214312245861465,-0.445552872799215,0.92055072507813,-0.146395462025345,0.148716346188251,0.724841506237887,0.914302634748025,0.20419001154781,0.678246418686518,-0.858980277883486,0.379906312583981,0.140580460227394,2250648
0.732502782662465,-0.663671943607444,1.22991421859545,0.518399821982403,-1.83632340208311,-0.703070514083433,-0.247272275996064,0.901202521019774,-0.724505808649515,-0.868467003032964,-0.775764337792876,0.406743381379428,-0.717889325648789,0.914302634748025,1.28489391697891,0.664192133467374,-0.334953650833695,0.190063101737713,0.670192374409375,2250836
-0.68436316599565,0.108410856650959,-0.264224673334891,-1.34122248584731,0.123327707084953,-0.520622127276199,-0.189723655311477,0.719144979786556,-0.172031894391528,-0.593594487105997,-0.19644909302573,-0.196724212550193,-0.794394670139072,-0.743747951996856,-0.866496696741965,-0.572741142939087,-0.0177978191750199,-0.562728198797967,-0.958991594446439,2267382
0.48519309367035,0.798590269917266,0.0282126420854183,-0.810039969320289,0.489654193225797,0.242594060508015,1.02591034540261,-1.32526983178347,-0.867493529768659,-0.709767119763346,-0.679911259675495,-0.385209455261964,-0.636414006881738,-0.743747951996856,-0.524772391256486,-0.554549776784125,0.320107210411787,0.273352257399849,0.639303496898558,2269346
0.590979432297659,0.515549088843071,0.0915955858917136,0.352646540737324,1.06199305215948,-0.560893558724918,-0.753997096336882,-0.0800025071307678,-1.76770038470261,-1.27939797312227,-1.1453334080795,-1.33775696299955,-1.15077162991735,0.0852773413755351,1.36690268133424,0.638422812892027,-0.168690772899696,-0.65672985776551,-1.05518927568793,2271329
-0.403827726957272,-0.237538272360045,0.665453301054153,-0.728987076733198,0.0114510452767542,0.711899139745105,0.0770447616492919,0.281936873925369,1.73637282340488,0.179768712928836,2.4844353946416,-0.151800302047546,1.15096662471955,-0.329235305310704,-0.172229560707876,0.0517302743681936,0.272310371895356,1.31030148707686,1.0021561174902,2274521
0.100252115375414,-0.0151375242567894,0.947665187577743,0.769046749227866,-0.133306170297845,4.841822974271,1.20581421785559,1.12365868529896,0.732544373365754,0.909361446090202,-0.184440982383175,-0.14700401955211,0.275695906957472,0.914302634748025,0.0360931280945606,0.775650238127929,-0.6894062341262,1.40233199347542,1.34216512033718,2276121
3.23356763079829,4.65331229075369,-1.68530493064606,2.84743109053773,0.959931768729409,0.56205309372617,0.133403318291506,1.91096216005782,-0.637625576350262,-0.373676106590565,0.0968913248892674,-0.244018756244229,0.546046090755979,2.15784057480674,0.68480286676298,-1.49522190199593,-0.0413422601536374,-3.20411982831845,-2.72892291800795,2278618
0.221135090688653,1.08330483076039,0.502037633647647,-0.278092483242731,-1.21902997638476,-0.702749338421362,-0.256194766708029,-0.261167217493406,-0.904953449104371,-0.764012621052712,-0.66469022638434,0.180311179866471,-0.82033393585881,-0.329235305310704,-0.222452528336259,0.0258761755592069,-0.179102728420312,-0.856594622892641,0.222593930895364,2285214
0.178706430411073,-1.66716013138507,1.5103220258121,0.48480421379426,-2.06907348928099,-0.69591795893952,-0.245475696291409,0.23789190547712,-0.144983195166585,-0.428852340856054,0.213770241877637,0.227668878513012,-0.127091037647775,0.0852773413755351,0.594626038742016,0.161926689062088,-0.0950988981916678,0.110935732890157,0.423212282069545,2286108
0.212473936323143,0.463262715783488,0.324544046605867,-0.235362746329045,0.767924590263095,-0.877448299308519,-0.239537227360134,-0.288405384268391,-0.579936241381636,-0.213588999322209,0.943942012790192,-0.134041170148235,0.806433447184081,-0.743747951996856,-1.81747176193714,-1.11377935474075,-0.493574789783481,-0.90529748857097,-0.447499334105282,2293123
0.26587297443932,0.425470917813266,0.180622097471139,-0.0629342230983183,0.163263369162834,-1.25222594892321,-0.242182871912786,0.953323429803141,0.584174841225672,1.76425260731261,-0.0457343230606587,-0.27337990111517,1.58404811425085,0.0852773413755351,-0.471462830743709,-0.145948527859533,2.72352610437564,-0.494738999160961,0.219664015971336,2294852
-0.718429902603324,0.591500830550544,-0.692469543814936,0.939375743092872,0.965874469279188,-0.152220620060534,-0.118488168497404,0.42784032263889,0.00224587008760008,1.62968914295032,-0.59248862323826,-0.0400448225482714,1.21937723528796,0.914302634748025,1.275546659325,1.10781716062403,0.666766982278882,-1.87012351312859,-1.38723570680384,2294873
-1.79417536639976,-0.844734828369462,-1.60709445135868,-2.88139983953851,1.12391775688636,-0.611650156980184,-0.34109585061318,-0.245436861703958,0.990645367477883,1.82470061066966,1.70593641364526,0.343272144797641,1.72606231588946,-1.15826059868316,-2.02989454375234,-1.35048296710941,-0.574485420314693,0.882028308777111,0.570615316427289,2296332
-0.00938167332360992,-0.600639633400035,0.899738426084205,0.834571669343326,-0.437522822413295,-0.842553915345496,-0.229736588893798,0.814544754504959,0.454736911326993,-0.441534929857392,0.0787689637684377,-0.727202018436976,-0.60107416558557,0.914302634748025,1.40808790717149,1.12079623177401,0.0062383370081816,0.0321070643741921,0.041265766171458,2305114
0.0454256445333246,0.727666344004226,0.356554750593836,0.405047222421285,-0.0812789125192874,-1.1374783314439,-0.395835688999148,-0.492914072618819,-0.723392547863217,-0.677680569399326,-0.827567230293563,-1.25349546238668,-0.764246686463728,0.499789988061762,0.0219669324185288,0.0804454575563461,0.283942918608188,1.38037107298306,1.04559094888269,2305115
0.13639114153009,1.52290016274101,-2.11916603517096,0.878341693519916,1.5471050227321,0.548443309725526,0.228729676244311,-1.79425186098728,-1.40970979140999,-0.880598001663161,0.0856310905758274,-0.462591609133837,-0.580079014305356,0.914302634748025,0.328574243583582,0.230487748429519,-0.647122841807102,-0.349463912933286,0.717640517227154,2306459
0.129430240879858,-0.0731481783644938,0.854758408651467,0.733831705850663,-1.40250610316352,-0.0277418811533027,-0.15758873300155,-0.738805255918207,-1.24379369137319,-0.407969969148535,-1.04559363994424,-0.137818488230132,-0.338836764091771,0.0852773413755351,1.10166242147154,0.608815799927144,2.58174953071278,-0.903267393315951,-0.843853971915055,2306893
0.810211082978213,-0.392292399003293,0.215713689200674,0.153482082074761,0.2342216160314,0.64988340618676,0.266854486584961,-0.178850882365554,-0.424807360359871,-0.175915940800357,-0.46691554760362,0.70228743275319,-0.372423321267655,0.0852773413755351,-0.0621459219028672,-0.0466849050062351,4.51212492443919,0.730448330051835,0.0802170464979443,2317120
-0.181815582302447,-1.47099492139931,1.09398899329018,0.354175178141969,-1.84378685142092,-0.164879235863291,-0.178727091787131,0.565056046418335,0.564274541842836,0.68252321482446,-0.00154773342231537,0.386719064686846,1.0091762035927,0.499789988061762,0.346128419335066,0.214577921232706,-0.264368432595442,-1.61805821886397,-1.46054214532795,2319068
0.667485178932657,0.244100922013585,0.847613201895525,1.11021098988351,-1.0791518226908,0.0202694602619546,-0.173159048295305,1.69646286943676,-1.23893853310683,-1.21712906032545,-0.637192367207609,-0.347966225984772,-0.856165798331186,0.499789988061762,0.74881591253815,0.826758945515165,-0.632372861578269,0.861065681398422,-1.11557262966706,2321962
-0.749630749887806,-2.4679285361287,1.55566287350368,-0.534558706824305,-2.95030470662276,-0.149284112246578,-0.150188545342568,0.685763165824697,0.405268743790076,0.256786584130327,0.283223017706347,-0.199959090707767,-0.32936181795232,0.0852773413755351,0.299701997331265,0.00227139316652217,0.01951757222306,-0.138766082810132,-0.127870923077575,2331869
-0.494707134656375,0.322762194802059,-0.0371207024721673,0.670758415071669,1.22458855654396,-0.160869999590395,-0.0709414006303866,-0.145038900037506,2.39358722165694,1.20329510640812,0.92271832079832,0.690404196889825,0.613428553012808,0.499789988061762,0.468031863442799,0.696912010658781,-0.858439059444317,-0.0732616191768641,-0.157354262052447,2336735
0.293827688146675,0.205242637191571,0.586327170392782,0.432966524735456,-1.06576500972588,-0.325230803518738,-0.210038076785751,1.1498767134564,-0.261108098112436,-0.191631027012933,-0.812116019947247,-0.556149070559021,-0.481052626365484,0.0852773413755351,0.105120637353345,0.57505219617078,-0.401329253360825,0.483890010089244,-0.936271922430257,2339674
-0.523292548630575,-0.288846929566743,0.66091652418852,-0.219682582362918,-1.37082823352611,-0.606324881522098,-0.197786054989843,0.0956392474425039,1.34414691323756,0.442911982899292,2.34884547780496,-0.843891753630346,0.823109337921066,-0.329235305310704,-1.30094920649321,-0.536978454121431,-0.513628738257469,0.776857321173174,0.925274723092995,2340155
1.53496801173033,1.03687423276616,0.0907289807717186,0.57982213372304,0.736777284441456,0.160394086510729,0.076246822140127,0.143261757349094,-0.739457069491933,-0.2796675469737,-0.0369249366178597,0.0432463022193527,0.0328354183987981,0.0852773413755351,-0.668725624271882,-0.0539532846545719,-0.710140613548291,-0.072541648720316,-0.685275111358079,2340322
-1.50123485016224,-2.06657019853838,0.840186999231283,-0.97228234346317,-1.39979758237818,0.291875887887936,-0.0477436241323645,-0.369350363007161,-0.749763438924362,-1.5485784513124,-0.718979309882594,-1.23384433034571,-1.11155938787776,-1.57277324536943,-0.453424404048538,-1.12253354990278,0.186753165783317,0.217245003526597,-0.0314438775725057,2350037
-0.137144178840834,-0.127850917129088,1.01271477023419,0.512770252359992,-1.36854805189952,-0.217401773969615,-0.161986635655835,0.28505793039476,-0.204594449827773,-0.420567261691226,-0.408005561237252,-0.529022184927189,-0.624473588963605,0.0852773413755351,0.252581892454881,0.278512801870621,-0.0527456513953535,0.0854248650419528,-1.08826941198867,2352038
-0.43102445037222,0.688085821473643,-0.813703100345026,-0.365362955613041,1.48626889925614,-0.26095874575498,-0.137093631086465,-1.98092219042927,1.45108559860826,3.93381947023784,-0.516732373718099,-0.746268783814189,0.777910807563794,0.0852773413755351,0.00347015084693146,-0.28429148254021,-0.0725834870779488,-0.385059564334497,-0.756044369234142,2359944
-0.356421431866993,-0.342595457660917,0.649038168734428,-0.159784610645535,-0.994197343594422,1.21873264649483,-0.0134633179159306,0.54130473089681,0.548948243108198,1.60571852191856,-0.187381872614536,-0.306157647426377,1.04317441583471,0.0852773413755351,-0.258993346712785,-0.500860242124483,0.264913194096604,0.905886796535286,0.961255853556443,2381907
0.387173270696179,-0.735554257405157,0.275379454206376,0.608997162976331,-0.0689273414534817,0.907076783964198,0.316699725500403,-1.76599671467063,-0.255610913141281,-0.0267869057107658,0.72677966437343,-0.0502004037544453,0.619831427486699,0.499789988061762,-0.104961750155785,0.484347556290358,-0.372437408904355,-0.190492548661462,-0.536563652911634,2393207
-0.895226270752629,0.21936744349628,-0.39419535573856,-0.666279687473484,0.513624975808134,0.0213837672061756,-0.0736238772755364,-1.50921006871724,-0.354624834481168,-0.453219548233281,-0.0855350291515193,0.581889972161071,0.0100195262178626,-0.743747951996856,-1.12737168496376,-0.849177426428635,-0.203077992376456,-0.211066861461343,-0.82692660205275,2395415
-0.0720588060600356,0.44018840537175,0.0695458494045712,0.418947182772533,-0.520608380411588,-1.16127992559579,-0.235028238259111,0.749279340280101,0.0262353437380508,0.891052560912183,-0.131894077025129,-0.648742053996624,1.40043147655666,0.0852773413755351,-0.386032332793562,-0.172928101220269,0.189897419866426,-0.722028539812991,-0.0297567195051094,2395943
-0.0751021083347459,0.0488179306220036,0.922554858822736,0.087588496564022,-1.82195261443949,-0.67932829630325,-0.222367882751945,0.73951278041921,0.206497539074719,0.0473203985099064,-0.201130335664249,-0.165779345196077,-0.119836116272675,0.0852773413755351,-0.25688873412699,-0.241096838116887,-0.53852372964505,-0.446764850701053,-0.297073435517299,2401405
0.297759482730655,-0.638054530434608,0.490422872630083,0.391645294693502,-1.08868134241388,0.445675947185238,-0.0180963005407601,-0.489526158041365,-0.467584473567088,-0.503697733916556,-0.549632587908648,0.114502537747338,-0.545756148881206,-0.329235305310704,-0.0470208380262799,0.0116515989999467,-0.313997481246495,-1.48945961076952,-0.417819808953771,2405144
1.40262330321813,0.412582175919474,-0.354617502998198,0.17721544069489,-0.0974723137052611,0.793242075146723,1.46641470698799,1.10584583368115,0.29065108313754,0.0270847208642717,-0.422506376563951,0.205109970223311,-0.385812117787542,0.499789988061762,0.0102058157755999,0.478050439116488,-0.204834798776492,0.360668097449352,-0.240254512771899,2414406
2.51420871117694,0.0536428569210899,0.782825100146477,0.675231454156118,0.51530254584654,-1.24925621313637,-0.438653500802482,-1.1968906629479,-0.900817223572567,-1.21290694344532,0.0206908611816684,-0.11470475349639,-0.401925428621616,0.914302634748025,1.14625761962563,0.999836368273819,0.850388643007187,-0.0378713984127567,-0.135895941411542,2419459
-0.59580027814493,-1.39854940711025,1.45584191970081,-0.320076936535567,-1.3350337725854,-0.314189895597143,-0.160681147200262,0.693188854398819,-0.721999412388502,-1.50589819664266,-0.615952292816142,-0.440453516553473,-1.03765428079414,-0.329235305310704,0.842218288527881,-0.0405840810439489,-0.438796011190178,-0.295092093571893,0.688013370629189,2425694
-0.827892662679219,-2.00638232339887,1.4712358461503,-0.108460289264123,-2.66582096697725,-0.899301984882166,-0.196113964498358,0.685295942434851,0.66640582703323,0.451987798148878,-0.177388533129087,0.0251345619594093,-0.169302877585814,0.0852773413755351,0.176598199186413,-0.0191089634948605,0.170837035746865,-0.649221595371713,-0.47678495262334,2426863
0.0349226709100864,0.117319487747082,1.32104693396269,0.490537437682343,0.106002651829139,0.613179089081292,0.0716370124560101,-0.187291642991528,-0.486494204650156,-0.906873141740925,-0.979986526511196,3.4105556382026,-1.04416990105703,1.32881528143427,1.36005116082376,1.03610800836486,-0.595762829560334,-0.651390896654766,-0.975696523605489,2430773
0.362380861558461,0.769949446576341,0.0586217373757389,0.544835778795388,0.51230568784718,0.153761352783007,-0.133602122933379,-1.67729473125761,-0.84348547793137,-0.372305337446094,-0.805243370747565,-0.320470230214396,-0.486481361527714,0.499789988061762,0.685045890317971,0.57936847747545,1.20527138658997,0.396746758988296,0.294303373386066,2439458
0.0478359465968038,0.0102655129791519,0.123960134561674,-0.220850257562165,0.590300507165463,0.636052328426292,0.347998175590955,-1.1713251137848,-0.820018163624115,-0.723290688611734,-0.569210455610133,0.675284982750358,-0.436176733519582,0.0852773413755351,-0.0243778395952992,-0.138061206091463,0.600869967319543,-0.515277434646448,-0.410785396986199,2443354
-0.991574391045296,-0.42842217019721,-0.36551057822999,-1.08516881087928,0.760756791282997,0.767375097427757,-0.0684051446060856,-1.75752216895419,0.117427783275167,-0.203207020351613,-0.320860747203011,-0.998260344665236,-0.21703962793849,-0.743747951996856,-0.318252348101898,-0.402451184545439,0.0285963919845583,0.861010069688571,-0.616389813421815,2445526
0.575797221818844,0.474777888423136,0.641186709689769,1.13398424639103,0.109365997334204,-0.419722231371199,-0.189581833053327,1.00385224639614,-0.198897108032339,-0.20542146178775,0.146613462016675,-0.397033417146518,-0.141731283029266,0.914302634748025,0.380301606459949,0.808797219469788,-0.947707497506672,-0.160237090620628,0.726067544793149,2448298
-0.475623940917525,0.0322424589458636,-3.1329818957938,0.320760345275583,1.57974745786242,1.13512177867574,0.278455832338803,0.551551285317079,-0.49150964916809,-0.893390051331706,-0.528465297164245,1.43973550812612,-0.896034755867513,-1.57277324536943,-0.540397658087003,-0.495339630819449,1.12032651396516,-1.80675712745415,-1.46418861500003,2453577
0.202382613090983,-0.390147161369854,0.0900475955187652,0.537790088268656,0.996111093663582,-0.336791951584023,-0.196193129700769,0.260779106810937,-0.591209235435217,-0.39033908588515,-0.294494324147407,0.862678194843054,-0.710753323958854,-0.329235305310704,0.480541114535975,0.397749560692475,-0.143705408529161,-0.669884120923234,-0.678935088600955,2474709
1.18048686243087,0.24094546204985,-1.42294312767441,1.33750159577367,1.35409584605028,1.01320730769844,-0.0348264931646652,-1.76677293513314,-1.21367271910751,-0.46868137760417,-0.56193146883718,-1.49520478579294,-0.090789372155657,1.32881528143427,1.11683906184013,1.12391651432815,0.469891899819635,1.03975152539685,1.57527584664534,2480056
-2.1335260985801,-2.05142197012977,-0.0698947091253911,-1.95116904900553,0.594599251454808,3.11191920845281,2.38025051791764,0.00525190785076389,0.83218548782473,-0.0475594263450687,-0.452664728431551,-1.35298105510531,-0.843786112197672,-1.98728589205558,-2.16987763222431,-2.17174510260796,2.83392727526535,1.11929328997379,0.806907990233282,2480330
-1.26586165444106,-0.553176662171821,-0.917750924133358,-1.46404228793897,1.15082981508079,1.35204686453038,0.114239248290611,-1.63093644033787,0.471022929697824,0.122609031355378,-0.161941490029703,0.240981983246224,-0.482236609328811,0.0852773413755351,-0.917940923250292,-0.361192735094826,0.222792351219191,0.375149271664138,0.157649684185363,2487135
-0.537491136341762,-0.275593617152304,-2.87544449881112,-0.433862038111799,1.54580775037431,0.573978720688628,0.0359114819131036,-0.218635859230429,-0.727588435127867,-0.551613446083183,0.365949875023598,-2.72106042326523,0.0646774468401311,0.0852773413755351,-0.17448236414188,-0.537474813275356,0.00613941460494895,1.23259983665346,0.943344510054336,2488660
-0.163771269477834,0.0597614802716745,-0.078008802871817,0.0328955809471449,0.14512104663686,0.0630867714787036,-0.104510276040149,0.530446441270534,0.515239996258962,-0.301368995239718,-0.718801404356469,-2.24346409264187,-0.959584632449988,-0.329235305310704,-0.436006092051305,-0.322812345491299,-0.774097954149633,0.681878650725387,1.44173410871606,2490180
-1.9240544651341,-1.22445218621238,-0.910918682234474,-0.694623610298308,0.653321581120923,-0.942485675776686,-0.378944847597507,-3.65851540090564,-0.830177048967389,-0.344330354138919,-0.671123908992118,0.298816395846145,-0.0625060256074494,-1.15826059868316,-1.01493784994405,-0.963984415604796,-0.185256362980798,-0.5620588898252,-1.80094697525141,2493534
-1.30313104378068,0.287121700669159,-2.36498140023,-0.266117054327856,1.39978754472425,0.14277097633018,-0.017501460398135,-2.33769269048678,-0.0462766715452268,-0.611619434748488,0.00555817515907815,-3.27400509419158,-0.734847375710071,-0.743747951996856,-1.03818602309265,0.00232179013133629,-1.24112772595257,-1.94536213292451,-1.08556053654049,2498991
-0.098628417914467,-0.135420898239621,0.759018730189521,0.534311759240323,-0.404000479965307,-0.0662126706490234,-0.211272594512081,-0.0409647927262536,-1.18402922506955,-0.427496187494344,-0.21825799882197,0.336428083339791,0.51139485181957,-0.329235305310704,0.512827857540975,0.0290297628210437,0.455708070560909,0.571563262427416,-1.01534028082005,2500377
0.730804670274718,-0.711282414657921,0.798046245594159,1.6090186398408,-0.0996775009213367,-0.798641099134708,-0.249813585224305,2.76756337580894,0.082308107085145,0.279178662914717,-0.699267223262859,0.772229790612002,-0.539981307714475,2.15784057480674,2.02838312362518,2.08647338031059,2.25709439736443,1.09304682862911,0.396564690996556,2504802
-0.490116980991585,-0.03465435828975,-0.400178529824627,-0.141112613321179,0.321424656352539,-0.774064365774716,-0.350639014951745,-0.081730147917269,-0.197450346811601,-0.669509713258559,-0.462290225684151,1.08977937028356,-0.750832501833196,0.499789988061762,0.232706239400677,-0.0530735594049723,0.966595566675709,-4.01966702967734,-3.19815554566259,2510402
0.778666195736791,0.463158679348007,0.171855511680751,0.0171839087946357,0.0220061336068518,0.637404953571578,0.830947491888259,-0.313000709441259,0.00201750445151546,-0.383155883163037,-0.0431407901435657,-0.0456883694766951,-0.18157095685695,0.0852773413755351,-0.261102946868797,0.0727384940702136,-0.370767826364121,0.468687277915735,-0.326089561822383,2520618
1.95133241641051,0.0552800923990032,0.281347897638905,1.26156968396236,-0.0514057112990857,0.00117476546216957,-0.111041184012123,-0.119643085947795,-0.244408491277764,-0.110404547295412,-0.105286754601655,0.290726613136414,-0.199480838025629,0.914302634748025,-0.00415907447345437,0.72540106259657,-0.87713920907857,-0.550517600237339,-0.222009202759228,2559453
-0.0675314250153277,-0.0270151241932621,-1.9109493803237,0.915245286817596,1.05703556116857,-0.348540788249133,-0.162555376374394,0.189726151142423,1.6457554274864,1.01881943355552,0.896821469806068,0.839974396868767,0.429549695145828,2.98686586817932,2.05922790735732,2.79262300139201,-0.367220088568396,1.75436595694498,1.7297252413145,277752
0.187994379103391,-0.592717585824634,0.649677263551858,0.43060133339191,-0.449752635408733,-0.488107656103378,-0.265577709378045,0.425780392030817,3.13127025166107,2.74817575165887,1.98758224066762,0.218314081732038,3.18764132679204,0.914302634748025,0.480048733000398,0.689387390267028,-0.0214976469355107,0.832276555535681,0.654557482028563,308862
-0.252972411723085,-0.296009338454465,0.934815366039248,0.00663863414157017,-0.713582860186475,2.12106510312974,0.932044844349959,0.470169549528496,0.593252228156621,0.0439229032673564,0.311044753543183,0.188777101249784,0.196370877299952,-0.329235305310704,-0.412009137585023,-0.0330470009792891,-0.540724930723973,-1.84248405317439,-1.54412355332107,58325
-0.358773858605767,-1.34270277141342,0.963020615086401,-0.589048147673321,-1.85854354563487,0.393462466129247,-0.0238062676432337,-0.295551859146245,-0.991982899046484,-0.809778659209518,-0.775011147931673,-0.561999419398051,-0.736264392676502,-0.329235305310704,0.708392533741758,-0.226861427842154,-0.390299868897572,-0.552054608412394,0.614621571325355,92173
-0.717037603510638,0.23552144200257,0.94749004819943,0.0294038337466262,0.144214355843245,0.0520257905499901,-0.0037118355287216,-0.0468456505431204,2.5723474738235,1.63345540876532,1.38269533649617,-0.377394661438979,1.90607486215764,-0.95100427534001,-0.693877571661142,-0.490398507537422,-0.08400013683028,0.65117852075589,-0.259160743059236,923666
-0.0156821132197126,0.761509658814567,1.22933736880462,0.818350819906068,-1.01351972470414,-0.394643311435112,-0.273500039962374,-0.0117076909197983,-1.17350677985085,-0.698458663692807,-1.08427642715542,-0.336311488814084,-0.936830713070021,0.0852773413755351,1.15749965235626,0.509334015772506,1.49549659168279,-1.15087363171503,-1.27290418460219,965005
