"mkm2d_ctv_original_shape_Flatness_250","mkm2d_ctv_original_shape_Sphericity_250","mkm2d_ctv_log.sigma.2.0.mm.3D_firstorder_Skewness_250","mkm2d_ctv_wavelet.LLH_firstorder_Skewness_250","mkm2d_ctv_wavelet.LLH_glcm_Correlation_250","mkm2d_ctv_wavelet.LHL_firstorder_Median_250","mkm2d_ctv_wavelet.LHL_glcm_Correlation_250","mkm2d_ctv_wavelet.LHH_firstorder_Skewness_250","mkm2d_ctv_wavelet.LHH_glcm_ClusterShade_250","mkm2d_ctv_wavelet.LHH_glcm_Correlation_250","mkm2d_ctv_wavelet.LHH_glszm_SmallAreaEmphasis_250","mkm2d_ctv_wavelet.HLL_firstorder_Kurtosis_250","mkm2d_ctv_wavelet.HLL_glcm_MaximumProbability_250","mkm2d_ctv_wavelet.HLL_glszm_LargeAreaEmphasis_250","mkm2d_ctv_wavelet.HLH_firstorder_Skewness_250","mkm2d_ctv_wavelet.HLH_glcm_MaximumProbability_250","mkm2d_ctv_wavelet.HLH_glszm_SmallAreaHighGrayLevelEmphasis_250","mkm2d_ctv_wavelet.HHL_firstorder_Median_250","mkm2d_ctv_wavelet.HHL_firstorder_Skewness_250","sub"
1.30881026026862,0.800584781239504,0.710932096544967,0.124400576437182,0.198249434454394,-1.32441026726346,0.488054505246788,-0.3395956888496,-0.0858988174229057,-0.103370091896064,-0.625011061640591,-0.587214423216224,-0.967737523348339,-0.28297190283678,0.0390373492043335,-0.568210663654684,-0.350878183032636,-0.45959213813583,0.0810287698756876,1085983
0.207712242144571,0.603637414643192,0.0328099956434473,-0.752640651571961,0.910542934302558,0.286746093064161,-0.946163864831495,-0.664074360826768,-0.0598792957577148,0.290188125041183,-1.01316475305268,-0.584468301013685,-1.11941373339742,-0.278290930573808,-0.191495426333218,-0.53287722494352,-0.415280401600718,0.504490957299498,-0.712703110622855,1125173
-1.77978312813069,-0.472203251817337,1.39815756694881,0.216029050687194,-0.505457115018258,-0.708920839418788,0.0169884537649599,0.346645496988521,0.420042356513169,-0.524539048940613,0.0528393178900284,-0.842066789799445,-0.348895871620742,-0.294162182398785,0.534536890040739,-0.786893186959626,-0.215008440147807,-0.277346927428811,-0.750973042793897,1154608
0.947046439148062,0.512255643198397,-1.47099049730906,0.496793012382727,0.465064872222811,-0.195920487423106,0.574171064479548,-0.409054964856366,-0.0762006863250662,0.807155932671937,-1.22380233210055,1.80232311072964,-0.74657755995764,-0.247418534644224,0.898936491287126,-0.0506541957026897,0.14120260160835,0.14841727168958,-1.03398347845716,1181124
0.498026448452127,0.506177227649935,1.29808974358927,0.325745180150292,1.2058108379101,0.711376831592793,0.496184396932669,0.658544432298152,0.110876400933492,0.77866905113749,-0.678882002179229,-0.235431392607654,-0.555748065522335,-0.286441711200247,0.0430675465661081,-0.790415686004862,-0.176327436468937,-1.26905610267264,0.193790826361213,1183075
-0.040555282256636,0.885648114442777,0.355290337418032,0.347413678299252,0.154346597854887,0.442566970108401,-0.789719524681438,0.209038979230091,-0.0314809040661706,-0.380364504053858,-0.380342504472387,-0.603847527464429,0.555224136147607,-0.252945430748138,1.01062426924556,-1.01323364268932,-0.380033726031111,-0.563170569285343,0.509226252071212,1232870
0.326442447809471,0.714335481417378,0.398187677063545,-0.5441506319158,0.688315164648698,-1.1366200608257,-0.215921033611086,-1.26470339026941,-0.204054230011811,0.00186176380839509,1.36469030369383,-0.748623962983805,-0.539318673654211,-0.207323614259445,-0.039532424214731,-0.0995116479620514,-0.518494723047446,0.709632088990452,-0.586624462764467,1279943
-1.12719639939352,-1.48133400742435,-0.402104096388304,0.099378050941801,1.05082974046504,-0.16422372268026,1.34656894497205,1.07638396956973,0.650507596410952,0.174612921498317,0.553927435747124,-0.7836639689007,-0.576060365194032,-0.263656616598638,-0.213331122281014,-0.771406766585719,-0.399924455183228,-0.335116525246304,-0.749511841660247,1329352
-1.34905215456648,-1.06866605295259,-0.600071392534237,0.421023365193034,-0.168682383081688,-0.343404712276221,-0.853354134378827,-0.689876922508674,-0.239895025715751,0.3852491119014,-0.685617735256584,-0.534434406715246,-0.283104890733563,-0.223309168904348,-1.45477488384058,0.153918175509388,-0.353875244225919,-0.333897077002989,-0.151672635613357,1330263
-2.0016901349136,-0.180199441281054,0.642171336878199,1.86921938393464,0.520945847044398,-1.6252352912198,1.65503992164182,0.0899888162802994,0.0639268222665444,1.62859972946035,0.739155591111319,-0.687871760518213,0.505457258625354,-0.305502776715156,-0.74333998322173,-0.835906391491013,-0.149912640081364,-4.68220758800261,0.272400362268982,1364384
0.619699225547716,0.475938388643323,0.521544152091873,0.206071769600767,1.92438381580479,-0.664443854536683,0.529095359346885,0.143342210339368,0.0178502953441917,0.920539572853301,-0.373809651517357,-0.481277400690096,-0.62342611740581,-0.300419643306686,2.31759532408956,-0.879865115352843,0.000452005952902911,0.137620386751406,-0.449604534711412,1386095
-1.23162889338185,-1.32559025059151,-2.24027455031644,-0.214682918541621,-0.3089471867131,0.925147872408427,-0.938686997249528,0.193161077979898,-0.0812344584129751,-0.571552586802152,0.72719204249745,2.50803298457347,-1.07684035144089,-0.282691029254005,-0.41898729766261,-0.00552767940491194,-0.210402093263445,0.591817004156528,-0.502376817461647,1458656
1.6065714486148,0.388489437145123,-1.28304576721268,-1.21312851198491,-0.915696779823966,0.34453183877942,-0.831878420388385,-0.639692393345705,-0.174597078041065,0.205442342614383,-0.218404706200065,0.841372109115736,1.0122571418663,0.495320662235143,0.0200004140965778,1.88084349634589,-0.566590878365668,-0.424920970621921,-0.262179827838738,1485662
0.282152634392141,0.473403687051222,0.209476686742038,0.667300398567396,-0.420392807987691,1.33489169946303,0.334868191477959,0.82341590659214,0.0699850289151571,-0.290518685557621,1.04134721325753,-0.26918063796092,-0.107289694235557,-0.162123846168415,-0.436309337396258,-0.39095070183278,-0.203438030316904,-0.235425880036496,0.345488305008711,1497807
0.642043114724185,-0.925144582582686,-0.201445769723631,-1.33257433890277,0.090607181768408,-0.201638241221404,-0.241343143713157,-0.800496516232732,-0.0825341563330405,0.752142689761041,-1.99866349718452,2.0651613690931,0.307016311242238,-0.0385423658687072,-0.908147000176168,1.65233404179104,-0.555690681350839,-0.523607622709319,-0.538264572370926,1501387
-0.559060039216753,0.634975165692865,1.29456567800382,1.15229621021287,1.56624368771038,-3.88443828060041,1.8653502596509,-0.458161946776469,-0.510073491732204,2.2769822328923,-1.1062238697382,-0.931311479172894,-0.529533726285324,-0.299823080147425,-0.331285653366224,-0.368095695380355,-0.560796847390348,2.45583744332856,-1.39302868979575,1518948
0.497182512383408,0.977405226754402,1.18690805591672,0.484686532172129,0.482864960549627,-0.827634647324597,0.746411620745388,0.225726041999989,0.0389866867540478,-0.815726009284308,1.44115714989413,-0.528166667791855,-0.790334394869346,-0.276786523372306,0.685698211927636,-0.928759226616479,0.427050183156779,0.858758905912342,-0.112517104658723,1526417
0.533346297044829,-0.546957377097786,0.314360666765281,0.218749982758829,0.046286203824556,-1.62562847289464,-0.732467221972447,1.43729124709778,1.73293203355429,-0.505042888316895,0.566283017642886,-0.55033234660547,-0.484088788019055,-0.218965939367079,0.419550452467793,-0.192962493241443,0.186251103862183,-1.32563121914924,0.571133760313179,1565177
-0.474379824368576,-0.116222276945842,-1.47156881348582,-0.784105701883651,-0.584221564586708,-0.285512591246471,-0.201988001845297,2.23877870874533,0.251666465520554,-0.482082873083158,-1.03090358986184,-0.409834199356234,2.90840841367776,11.3371601042266,0.736523904631607,1.99039722779616,-0.512464122124004,0.543564853115573,-0.474862477813297,1606693
-0.0118805872187325,1.02028395814209,-0.300288135904358,-1.83841565242953,-0.4911105834469,0.534154595713146,-1.43386952590694,-3.09770467335849,-0.127091189578285,0.921896463809386,0.345760974471244,-0.529780491101435,0.921333111480311,-0.0229620722846638,-0.226682956405116,1.26669034233176,-0.55078081975768,0.791170033429652,-0.663825216622538,1612262
0.560164658066285,-0.393299153522492,-0.196732859806241,-0.275991550351968,-0.255140015170821,0.674459971275131,0.903321812112411,2.62163647383912,1.00227797679203,0.28718327937263,0.883224062486376,-0.291334608090567,-0.322653696103936,-0.198641166215441,-1.11504325214939,0.292166629739921,-0.37274815609698,0.512775374300154,-1.17931801370446,1614566
-0.697454558639788,-0.282340675286234,-0.214853957903962,0.15179412422356,1.09338170473299,0.793595965807977,-0.103666131527251,-2.42378706317448,-0.078137714714287,0.262542267452838,0.0469062355514376,0.658074530532482,0.406385715878861,-0.135418194266683,0.374839960576037,0.668210836122786,-0.565325287293087,0.103770786370334,-0.934185704120955,1644034
-0.925870237246028,-0.0195010082018193,0.389230876328488,0.103718024465297,1.06106487849579,-1.37182620944616,-0.0245449443765702,-0.163286601843087,-0.0661927521528581,-1.27594328951782,1.0403786448617,-0.269150395151501,-0.837944424436231,-0.267373764909452,-0.206301773914077,-0.224389579492678,-0.283710572941849,-0.218750994493645,-0.379544783252863,1668599
-0.330403089081099,0.142675247894299,1.7939484531421,1.13039676698897,1.00145594222703,-1.22202034446496,0.305128835413927,0.0704599595356214,-0.0159620714388019,0.105411007875985,-0.291160508897917,-0.737573566605661,-1.06784522745396,-0.307727713979127,-0.373079268355793,-0.912956299043921,0.0203489435190519,-0.935916481925355,-0.662296721585951,1671370
1.71468162878226,0.786238958578971,1.2807162878301,0.597987644729629,-2.22299925435396,1.84923446153047,-1.36753645782815,-0.0418542280584207,-0.348134034832498,-0.140241507369506,-0.270633409697702,-0.513399406439876,-0.818870353615994,-0.297298482451668,-0.16404000833465,-1.04679663071216,-0.19171116054025,0.513449365078046,-0.172322381576579,1684230
2.42442289358085,1.25092321043765,0.283115018304508,-0.114452869032247,-0.171813782120395,1.0185365865578,0.0859212401961639,-0.296550290977454,-0.625226449490209,2.07433939155891,-0.921343799392622,-0.610872419455066,0.341857464315728,-0.205118137875067,-0.728652100567764,0.362460440426836,-0.543745719044873,-1.34635894959781,0.105215028901651,1692385
-0.849335205294719,0.128706404202277,-2.96257124095217,0.222636926890061,0.957962591965398,0.19309820413683,-0.0885229413614904,-0.819778320703165,-0.0571744608111706,0.297081237875257,-0.0372718855190811,4.64013800040226,-0.0555124930132978,-0.180314826209372,1.57337377166566,0.115431481438161,0.306761155357159,-0.0932514207391464,1.46363751773005,1720713
1.47093682366307,-0.323814196669891,0.324779855255081,-0.494085865659145,0.523130845610756,0.0862574042040555,0.181824689271275,1.20720891803923,0.0211798836443613,0.665321411443176,0.383650112993884,-0.566642441901667,-0.116418746485787,-0.176550892723807,-0.206087316750448,-0.568467143125578,-0.482678170468659,0.278504398176678,-0.409216298874866,1738800
-0.984289282577566,-1.37883503606345,-0.0997712350114611,0.186156375748613,1.07548691309303,-0.280918568801033,0.0746683791181467,-0.205684074589327,-0.088118538137918,-0.616833156709836,0.79338102347493,0.0426569878190928,-0.834693550973788,-0.259885305115507,-0.224843249775347,-0.959976099100766,-0.204239669799491,-0.0227824542395199,-0.309083915158865,1740845
-0.0162214967025699,0.178409506132095,0.224941814597349,0.557868118020397,-1.58321724699087,-0.0456810084509112,-0.47079460205394,0.0894284146105949,-0.177043073107222,-0.275571860678946,0.946493623069641,-0.169492892183073,-0.285021166702994,-0.270268903141926,-0.398599063835745,-0.969099786416046,0.133858343338298,-2.04597917752722,-0.318261377928991,1742294
0.301188642516276,0.945749026133428,0.283833476027249,0.415593498193642,1.41543030191838,-2.96672938134004,-0.53555281918949,0.633858985870337,0.0318333215056648,-0.892318228236258,1.13124812341,-0.27976596690173,-0.814278373991488,-0.283818933129009,-0.534935454828954,-0.895057628051026,-0.27048641217719,-0.525700103424838,-0.466678676984466,1767700
0.0893497944395825,0.376382666873266,0.203112046575646,0.891004986802522,-0.531122114515221,0.553141945160079,0.556199987578358,-0.140399991313532,-0.0636947682083984,0.633842011573353,-1.09691482936753,0.675061705517265,2.12747034610323,2.52382580931514,-0.453073241565704,2.20811629673106,0.395580695194227,0.393137561105007,0.881742320491582,1768972
0.0394145328552414,-0.13333557039739,-0.24112809364182,-0.671253675406615,1.37120975711874,-0.0184568938725205,0.426245701021788,0.294004344147486,-0.040975453102285,-0.121376678893687,0.272256402051843,-0.209862344366843,-0.0665521823343048,-0.0982476274338773,0.828504420925958,0.354215527319286,-0.318068362574649,0.61240578396818,0.448953559653599,1889409
0.594829207078501,1.0409327015016,0.171667458470597,1.85134733963929,-1.58605212628598,0.875156562440429,2.13280642732691,-0.0824014601981926,-0.128671672694808,1.79431201414658,-0.88855457787578,-0.562842889616146,0.634433777724574,-0.164315647894591,-0.856872637540196,0.639090531199574,-0.368685406358898,-0.320164587145619,0.533424018757041,1915938
-0.486494399234392,-0.19048197848281,-1.55005074475933,-0.175232638965685,-1.49851063630737,-0.136441328446601,-0.0629081502386322,1.6216655482509,0.0736426421511516,-0.422583502544884,0.423722716692345,-0.727009309085765,-0.870278840900508,-0.26112609108931,0.0406931896329963,-0.790149208419417,0.726484492863256,0.563698781622157,-0.691490315189468,1916742
1.27358243545127,1.67426794809303,0.851472333657715,0.0132011365264734,-1.13566234451095,2.13957424935282,0.421764803750318,-0.935307717503591,-0.163662650891409,1.54714172324866,-2.64129125355304,-0.709838360873889,0.182933720511554,-0.26022939581855,0.18489608288804,-0.389593301303272,-0.54758494242755,0.356671608510713,-0.305914194166037,1919296
2.96017490846824,1.77199758818759,0.474281582989087,1.76633780583296,0.00693600443460764,0.1648953462661,-0.30650392435917,-0.776280069250755,-0.211893594893963,-1.13370708472429,-0.61598928276868,-0.460848272078995,-0.0107996931983524,-0.254737582238764,-0.934179063318701,1.94983972942948,-0.599038065899739,0.249814306430572,-1.01263090113471,1926770
-0.731952187154632,-1.00984643185798,-0.244009771264093,-2.934918068024,-0.689342245136993,-0.123578512958653,0.0923330984079598,4.62196612691332,5.46265866377511,-0.0418168739788879,0.618318210280863,1.54107010419879,0.851600998876152,0.665531763013099,1.89307101736885,0.949867849475066,1.39055871352706,0.464600724685469,3.01340005542112,1938156
0.370953770244652,0.60683638016702,-1.01478817095891,0.626959383679411,-0.459410897950677,-0.329227807881206,0.103853018469927,-0.305820728317045,-0.0856886114178547,-0.719586379674042,-0.210873297041464,-0.115459510854959,0.815247593015895,0.123428688652396,-0.229614784871344,-0.415838098402983,-0.521310335633879,0.260575474827781,-0.364789819131766,1938561
0.107728608831464,0.350597986340161,-0.829909334484382,1.26272391950424,-0.475059978049793,0.876378200959776,-0.148370063013006,-2.08117595616523,-0.785248177440836,2.19135019678718,-0.494237676256427,-0.532961660314141,0.565651017902118,-0.147778074002845,0.133433153401928,-0.251310570016546,-0.526954892465966,-0.210644264394604,-0.394484172140263,1966316
0.0398414333604586,0.881056750879172,0.157502722661258,-0.723743008284913,0.55978181842707,0.819766035478658,1.0694401842063,0.414738734728294,-0.047731614455671,-0.363946288915769,-0.100667873873291,0.63287836777591,1.31000586178068,0.0907563161290551,-0.603902452985586,1.44703166905178,-0.587295795404876,-0.0423878010573189,-0.786905765765792,1967281
0.894423515290486,1.12837274751485,-0.0283121169186105,3.26749960299001,-2.9100552703888,0.19882304305531,-2.06209205644909,-0.261184806438198,-0.141971777610744,-1.39703455175915,-0.826965347824914,-0.855388518678743,1.9686802163459,-0.0136827284217883,-2.9601273327094,3.48515752272865,-0.605603138078361,-1.55468798484806,-0.184632407364704,1973544
0.735253043721172,1.08947544760086,0.912329725225609,-0.15191736752345,0.0864392865940575,-0.175448484651896,0.204280654428541,-0.644898536491647,-0.235031894850721,-0.977055221710939,1.59297734213281,-0.723886957763557,-0.779709205670379,-0.279957805104433,-0.0837620487116079,-0.594898941986495,-0.427440337894894,0.590637029048293,-1.10819597517427,1975401
0.991809379189976,1.14557382889176,0.868045203279984,-1.10800052728527,0.796341094559109,-0.00699824567074922,-0.367532921124873,-0.353400595659219,-0.0622481108266185,-0.446425943060803,-1.77125302175726,-0.802755870464828,0.185266519651477,-0.150014142936428,0.107757046412197,0.101386347255279,-0.5586559919254,1.11106170716657,-0.728748589125703,1976407
-0.643122020969219,0.215987316923123,0.975214368834895,0.293967180586714,1.35793711827113,0.153843578668378,0.859415781815141,0.925318904797924,0.32239112592561,-0.360050267981447,0.459490340454709,-0.749748856809777,0.0708820770706729,-0.204625192542917,-0.48292331996961,-0.287752127201687,-0.524465636273532,0.847301293863188,-0.119095113415511,1978972
-0.4752551970598,-0.377702884982456,-0.00734179443636627,1.51852033458947,-2.46541652568221,-0.563650919372526,0.405880527492541,-0.0883561933502909,-0.0875251788612485,-0.659474828159229,-0.124832005524572,-0.804809058088758,-0.453181254570666,-0.285244601227199,-0.0768668679838787,-0.876669041529633,-0.499120582969701,-0.306122033789415,-0.530230548472594,1979045
-0.846939739064889,-2.37238523871722,2.5063404363929,2.07358585420521,-0.320872140352791,1.09448382095006,0.178346773053104,-2.50429596929035,-0.0356542042688499,0.575352366513485,0.014602886155622,-0.922259477627868,2.57996227326525,0.221452094222196,-0.71049905357944,0.521440532464818,-0.566928769355145,0.797204604542489,-1.25597280694916,1979422
0.459911057257567,1.28562668755511,1.66903391137034,0.894531766659037,-0.546174463911291,0.314549866280966,-0.0792380402482746,-0.278731443186816,-0.0651429291461238,2.69237176625475,-1.67183361671749,-0.824959018779625,1.90027718948948,-0.251471929387823,-0.0276383156519481,-0.294449202106039,-0.520498455101607,0.731262008860932,-0.331388694631189,1980052
-2.05266178536875,-1.65053908012461,0.172894695310401,0.64015539958669,0.778884763771747,-0.580605356996812,-0.0249691397180432,1.39254943416823,-0.093807382787279,-0.083387518613633,-1.04909762156138,1.21713768437189,-0.610049023117292,-0.237209952649949,0.441186818684694,1.1395709037702,-0.467572399165437,1.00321266424021,-0.784371284380519,2001182
1.05662134191496,1.31116288507804,0.90465999616335,0.108414578200674,-0.86324790865724,-0.650306250538404,-1.12315707231019,-0.221392291715571,-0.181027494076145,-1.66008584568404,-0.272873649532741,-0.857770183814639,-0.890457974537909,-0.314767114403385,-0.239439104230657,-0.848934516932981,-0.331244815249862,0.581564218530519,-1.64030651885297,2002465
1.09256704739349,1.43447724533352,0.676575217978396,0.490800723129972,-1.46487087277245,-0.703062287207099,-0.341456383180895,0.066718870907918,-0.0710886766023272,0.0629489310850438,-0.479650809405637,-0.48258156432362,0.67008044797409,-0.0361269753055531,-0.311950470733264,2.97296370426328,-0.6015589846861,-0.494890888041878,0.0760093584819699,2004451
0.801086004382802,0.263753134748366,0.58071028459748,0.427519772122423,0.992631704068785,-1.13896885929341,1.00018692792535,-0.726263202386022,-0.11181308419727,-0.700585289106004,1.25605247828941,-0.67313307377856,0.547806636314117,-0.193357990910461,-0.137896139031529,-0.679795915059659,-0.332281253840652,0.478528355158647,-0.542290516448976,2006164
0.711180764637534,0.556901578804544,0.446870027320438,-0.247479688198897,0.56278459784686,0.82463713673122,-0.602665231667854,-0.323965116533271,-0.137290627425163,-0.0662621760146716,0.537633994985977,-0.107018718713693,-0.31300677305209,-0.19023729848406,-0.622998736999944,0.0371150020016844,0.421780193003307,-0.343812289302495,0.0696065812515573,2007309
-0.370166192252703,0.101926021741722,1.0102718056389,-0.649756404029164,1.49761828112954,-0.0336093080562794,0.645499388403204,-0.488172752608424,-0.0677284662044775,3.19276306850876,-3.60962761782566,-0.796175864593947,-0.508091413624826,-0.252568809156017,0.172015959808339,-0.0858031941374549,-0.570273501928282,0.826771463682255,-0.244985460949822,2009915
-0.546574851551305,-0.148851763865249,0.486902830026934,0.0262288942809023,-0.208163208131192,0.198168306867485,-1.49505922086625,-0.209325964388635,-0.0952162334324311,-0.764974396559036,0.0517318224762021,0.105665433436233,-0.0152424736469856,-0.182694939176967,-0.484330704441377,0.204958332658149,-0.468439089198867,-0.442611812594594,0.599781589367637,2010259
-0.0301582773296114,-0.98746919432693,0.583399307598506,0.790503761476773,-1.22992272540308,-0.395725860095873,1.39601340965858,0.987848182528884,0.409602424616971,0.563228550207875,-0.538524082075883,0.603324362873178,0.136463240122191,-0.0770186056850219,0.792890391769969,0.775845469292389,0.0510159837087111,0.262208639670611,1.0504301897735,2010554
0.45537602821071,0.774311536698673,-0.281762868475245,-0.0599187304721307,1.29375523793062,0.070050419716543,0.523036240462053,0.11680061101093,-0.223052525296614,1.2120980763286,1.11033159539492,0.468336303276555,1.07043400139492,0.286030389675931,2.1274225655186,0.156727827262321,-0.284852728647385,-0.539162118505966,4.47337046071604,2026671
-0.704459117444778,0.312454752460115,1.0050975688818,0.18596206228562,0.999886725387177,-0.215268127207241,-0.777517509220513,-0.611816134151485,-0.151526799328632,-0.329066427227404,0.493512803830886,-0.715856549498921,-0.981076922472493,-0.282989072696479,-0.0188475931167161,-0.500708811893924,-0.359076983249904,0.00387656265639894,-0.43168941851424,2033049
-1.3885810501338,-3.32295354738466,-0.549350571371842,-0.223745065369161,-1.01934729042598,-0.17932117889253,-0.333522517755232,1.23862408535096,0.360417669950339,-0.966749699721278,0.709718241936174,-0.468068272637716,0.446418310173861,0.0186643899633746,0.321465966433174,0.100971905760237,-0.459140104601029,0.205698714550335,0.0392279593111585,2034136
0.0496329850664404,0.771491465643578,0.910117220522234,0.847864397532765,0.363499197697579,0.462103605666555,1.11180599938749,0.0347273509978792,0.000394668427330121,2.70114674388988,-2.48058277580018,-0.439507139183724,-0.716124302223162,-0.282798850084901,0.754879709475097,-0.273671562895752,-0.39980828748221,-1.07837589333473,0.315340081532485,2040495
1.30914188154949,1.43051925599822,-0.542405213709864,-1.46331104763354,-1.05608010057765,-0.193582633418574,0.334467126758629,-3.69552797149196,-10.5832456015188,1.06286756700065,0.613634979245132,-0.415225568114099,0.229434167714525,-0.276453690062946,-0.649152508926631,-0.104934899520013,0.473942719856298,-0.837089159836809,0.436554618761159,2047354
0.669340715509419,1.03896373084946,-0.107492309727726,-0.113760679202202,0.0445281467424538,-0.282501026916832,0.688706568810646,-0.533591294053931,-0.0874069198296827,0.0170771491388092,0.426667702071943,-0.778700781354635,0.0399837330802441,-0.160690496752146,-0.372923761605616,-0.280806582290533,-0.442702360935534,0.174239550591816,-0.672326932509232,2051378
-0.00997255810249589,0.706209407861966,-0.0842486390868369,0.506695244192312,-0.286100860359656,1.03463799734611,0.126987352387417,-0.0138476363051273,-0.0626958452669059,-0.228429377433553,-0.533550947028227,-0.530217889472071,0.52354168023859,0.0712384057790353,-0.21573470554352,-0.301273447562608,-0.374348105170526,-0.0548439158221014,-0.203613692786536,2055667
-0.767867770303012,-0.0719052312615034,-0.279443841337392,-0.250770544054082,0.682536553015842,1.30006591540065,1.58310484147815,-0.426814804032148,-0.070072740607658,2.04752910836841,-2.32207366125973,2.03092959630847,0.663927451049886,0.122227281081525,0.570060450834377,1.82466921416583,-0.465449278308817,0.595016300309902,1.27686528955296,2057358
0.465841784391949,0.0738814084125931,-0.298410807722267,0.183005186491529,-0.0633552798284954,0.271939041788823,0.286085749152873,0.408350071233436,-0.0153318070525061,-0.902548671678192,1.58311907515672,-0.374171395098201,-0.00888527849079749,-0.157810509653979,0.955701049827316,-0.951937465704616,0.00954591355106974,0.360718789628383,0.0479931438484293,2059713
-0.700606005189114,-0.0679039095274907,-2.74207691222781,0.758253727941869,-1.28196597532931,3.06116143677641,-1.1065305498759,-2.1352832689542,-0.182574253507122,1.26285459936201,-0.707885115663159,2.07280841428857,1.74559849493144,0.0453647126162631,-1.34081528055992,0.509360969765203,-0.412367646382146,0.3104505901137,2.68284926655473,2069079
0.633590800010516,-0.0274438072075461,-1.20392034532333,-0.368673676811574,1.04733297674328,-0.323870147396593,0.906275013630384,-0.451374657946061,-0.108127400463484,0.276461885488484,-0.56819678192794,-0.407337129286951,0.678588116231795,0.104423823789291,-1.19230227318349,1.69008884059297,-0.398127051799396,0.250837833842378,-0.990547010146478,2070958
1.08137693007146,0.890793351987006,0.687871613638837,-0.0652534353163787,-1.39649938641057,0.46426366333186,-0.911767189264504,-0.250142302933913,-0.129779238235621,0.0477531745211538,1.603589582045,-0.626351555006955,-0.183257619122282,-0.204262194037545,0.0630315203105221,-0.477717094543677,-0.489675590849698,-0.40813280931808,0.537331645721568,2072215
0.575248728380928,0.665151223903227,0.582859292444836,0.347412852600511,0.0880283090687117,0.254748546812514,0.531371715434284,0.396994074762971,-0.042107258146409,0.347533689660504,-0.307678234194703,0.439720510099116,1.72244339973865,1.65277606244491,-0.86454530352425,1.60560366073573,-0.520566386782384,0.23696374928377,0.229219071823568,2075832
0.759183985126285,-0.0932008171733904,-0.0476929484722986,-0.350318473103156,0.371463123514392,0.361878500003409,0.459105020480039,0.0598139777578775,-0.0457213153312187,0.778054290084053,0.421214145285978,0.558696233798855,-0.138425678282979,-0.1928420129373,-0.147188841550175,-0.582145155957645,-0.466756600509982,-0.00811581501339024,-0.621717839461367,2075846
0.893108743161243,0.896504223840925,0.394346976885254,-0.500371736584557,0.0103767474858175,-0.745591798935014,-1.57324092688152,-0.625850842687304,-0.208229398325638,2.45450476483144,-0.634463076981109,-0.823640235922625,-0.969204884214117,-0.287419860124775,-0.692475179329591,1.10270635241668,-0.490539318232059,0.319939082218679,-0.250056638387425,2076301
1.46149885957297,0.439658615959985,-1.86176282503297,-3.42611686365152,0.68857347140098,0.723962539299571,0.481202666711204,1.04737538086356,0.754495573941547,-0.322814864659327,0.617219268527839,2.3679299962332,0.501747015575032,0.419874967646951,2.48663797572209,1.08638837999092,0.250921042955686,0.261359591606983,0.513589224780144,2078198
-0.312467211877189,-0.100757177476267,-0.0132379338660467,-0.534038208887218,-0.597747896116095,0.0795817838797572,-2.23929795374438,-0.0557399914529319,-0.222069733199191,-2.12915864037975,1.53048797289201,0.13553734470898,-1.35174239302652,-0.301974038058701,-0.467018556774015,-1.09281720229513,3.35137513366689,-0.481451585906704,-0.277580928563942,2078899
-1.35168810148386,-0.146121344278983,-0.839898153588757,-0.0236230081681981,1.16091439170706,-0.806646991515398,-0.0827214944882636,-0.278096685124785,-0.107955621675185,-0.593717055126359,0.166156046219312,1.44677243549887,-0.374248095915431,-0.224708574971058,-0.242834227283695,0.0344453066344436,-0.481699931286175,0.831768615209282,0.113978074796095,2085349
-0.369495072513078,0.00409704540080731,-0.142317844685426,0.556062698259354,-0.379215260465271,-1.88340180326658,0.608293196849734,0.157321949468206,0.116850200130279,0.335373655465948,1.02542799258336,0.0839264876397443,-0.478050011575919,-0.242371844678915,0.157858727545748,-0.579319178322507,1.06584230875109,-0.165574035259245,0.87959519981104,2086044
-0.845595799680662,-0.845249065427108,1.16157222666968,1.49942459168416,-1.73241977252703,-1.66228424228406,-0.761330133846525,-0.576822309032075,-0.212144756755291,-0.940982909577127,0.637542168867701,-0.699805705323911,0.280639956681323,-0.136982155075638,-0.300968398875192,-0.583046752138372,-0.418711352434164,0.60311886203432,-0.481945739825638,2091555
-0.945528316117782,-1.06754934797776,-0.699753840176128,0.753182864456553,-2.25563429460612,-0.322892988018799,-1.15314864315867,-0.257378221280353,-0.134527296135283,0.116081775744919,-0.544454249968866,-0.667697559292759,0.728954378110813,0.200863712948917,-0.654605402189575,0.591733108391265,-0.530670839328536,0.210866661073621,-0.407152306402005,2092954
0.383850016934045,0.72292536195948,-0.130160704029292,-0.572478951291566,1.85323164201939,-1.23930772865292,2.08564631019854,0.709527899563963,0.0860024839765259,-0.938262137473564,0.49684764216189,-0.739904108161071,-0.912316729082269,-0.255042152526553,-0.492294298760052,-0.647995118341916,0.0277307481332887,0.0690093161132888,-0.2878547753658,2096627
-1.0320455677541,-0.170147818820634,0.357190137683398,-0.0668495083627341,-0.483952593283728,-1.06763574567688,-0.526117551809651,0.686900705630377,0.133644278464575,-1.28366807904516,1.47908970470551,-0.938114224612633,-1.07463086642439,-0.310697398527087,-0.430681172627212,-1.06457204135403,0.33112041752793,1.92228537597411,-0.0275768649944075,2100050
1.04588840393468,0.702847542540175,0.391289582398681,-0.608802813621478,0.913271328095215,0.349115424773292,0.320092827864622,-0.193459350777398,-0.0497883996054426,1.40726466132332,-1.52720973742778,-0.290554762005709,-0.616974674178726,-0.25121815448301,-0.758165739354725,0.842754490570297,-0.440394179096834,0.440958642971325,-0.901646960981151,2108003
-0.754934081263597,0.239827962869455,0.560316332932356,0.235988208847361,1.32032154670349,0.237692985902574,-0.0298660092329375,-0.079210815241151,-0.0245888405168493,-0.495297035609376,-0.818045164752947,-0.370947064676417,-0.334725816673167,-0.20769385749132,-0.177097841867147,-0.166724454187864,-0.466775149922314,-0.231237797742655,-0.486750618291227,2109902
-1.06443069370292,-1.3565633466005,1.51354205715788,-0.626260233943299,-0.00934559837477144,-1.4447763993693,1.08194430960528,1.97608415602728,0.67616230813192,0.655065736752332,0.0751307087139011,-0.220600837292236,0.26406278874819,-0.16198365159545,0.123226070534141,-0.115752277895901,0.251055379749407,0.391727595746333,1.7974526060025,2110540
1.07800787040305,0.175551210225566,-0.448447519603015,-1.69241782559603,-0.694627031363279,0.381858044426691,-1.48569372728573,-0.393847340512459,-0.194520282630615,-1.78634282789406,1.41877901030103,-0.845693888451547,-0.967171298986211,-0.270647906441182,-0.263468567269501,-0.900130449931763,-0.365624889360081,0.385290035999865,-0.39212514308324,2116787
0.0226626413624815,-1.37615775171733,0.876352385842462,-2.04723959749614,-1.12645912237439,0.318479921407349,0.50385762334477,1.93962951089648,1.72092224842778,0.122499097904499,1.22611048130692,0.0470820582750465,-0.418270044582247,-0.213854531354756,-1.87461344355415,-0.0188700442660438,1.93283863659838,0.348960332184415,0.295881899361784,2119177
-1.53263920344988,-0.950235778556766,1.30079749850858,-0.12414291758209,-1.26287629048873,-1.05574368437084,0.381574427867066,0.81786808145678,3.30979937508492,0.74358278119801,0.761819660182409,-0.237880097546669,-0.247054896811295,-0.238373365607049,0.994039267502745,-0.314512118810801,2.3987365582964,-0.158553769971866,1.84179147141691,2131601
1.07277202349444,0.668970493021259,0.639309801081477,-0.273484905299877,1.17705026095098,-0.0674239365262461,-1.11284570751867,-0.216183792942597,-0.112433381803411,-0.636925123400067,1.22566629509217,-0.871758342325652,-0.540958149271697,-0.269626774920743,-0.2244851200059,-0.436064341085649,-0.394491394591881,-1.52676470065136,-0.177449525876271,2132424
0.521651761155441,0.0249734138988879,-0.139194450321059,-1.22025380205987,1.18890194015831,-0.497254102476492,0.120977555285696,-0.48289511033443,-0.0471313413410033,-0.867548393039201,1.38758002384265,-0.722128772877438,-0.819038934611939,-0.225019097656664,-0.615159400291617,0.482006572941116,-0.158537688338737,0.836150559432089,-0.577020839906111,2132982
0.764589995163186,-0.376769889664138,-0.132905270079395,-1.36692405798218,0.73133568358041,-0.176910368238794,0.0814731736426483,0.287836282838373,0.0094421187593731,-0.288379822794599,-0.124608056929839,-0.262174968707495,-0.109008358954461,-0.0926505965646269,0.824245189685667,0.170124790642783,-0.252785708765062,-0.137653698544074,0.250547042499396,2133204
1.69469968206303,0.91763197149809,0.756288651958797,-0.348782024609268,-0.899472202507345,-0.676460821025785,-0.132164116614075,0.0370747107191413,-0.0625593522238017,-2.02622703699349,1.81043664711184,-0.826252624548121,-0.363667982803128,-0.22035328279135,-0.270981011058449,-0.879839814950041,0.0377204709386109,1.72046784758062,-0.31567494710605,2133380
0.65477298080012,-1.27810794088601,0.225175595631694,-1.09296661960276,0.885697524513058,-0.595273363754377,-0.00509998203955204,0.114249560215635,0.0334344271263838,-1.99056845057729,1.04209008410041,-0.148983536853194,2.02947200811667,1.08355539039177,1.71534235490563,0.36487787351062,-0.211876575488589,1.27279811017126,-0.399607348452375,2134220
2.01409762048296,0.609772241363312,-0.516642258006115,0.65835871633785,0.0807494180975229,0.58171502180796,0.488862313795142,0.380395908007013,0.148237827945778,-0.260143289747821,0.419905297283068,1.86790495083823,0.700559774952013,0.272277555180559,1.04369876664425,0.264982196073755,2.31935451480881,0.822338090241177,4.127673111972,2135748
-0.147476343487264,0.103042129153747,-1.44409979084004,0.486431366836529,0.354086063523689,-1.18676509549505,0.0720914670041751,-0.0793592307644143,-0.108843600865281,-0.726762718833496,1.34457628524449,1.82394416972466,-0.535474083058523,-0.27428326354065,0.307050603523344,-0.844569698838743,-0.178705516199476,-0.809840444355551,0.592082649274555,2137799
0.976351292207183,0.554341104428546,-0.387883221261163,0.487244733329511,0.117123738125759,0.107192705842749,-0.30343804670975,0.243898366807521,-0.0440871504086825,-0.179842634247212,-0.805780191204642,0.0599307181554549,0.449313986112066,0.0408056219639766,-0.119565339737876,0.540122671526109,0.0170153078032827,0.14274270510464,-0.0736446192186006,2138375
-0.391288769775571,-0.38924112255418,0.348610498723636,0.45110357477917,0.896329059718947,0.0299947198091751,-0.255710289698619,0.505011952415116,0.19972622665168,-0.335689163734862,0.239082469355665,0.768658769523502,-0.52561596250625,-0.222155175898793,1.31303193491257,0.0688378338405422,0.520097292215487,-0.433790809470002,0.525615478813837,2138678
-1.47417591695438,-1.75386415761664,-1.49289141370216,0.374121530536619,1.07675592437342,1.49907320375611,0.383734004335944,-0.171522093054384,-0.121703987380291,0.400764638667232,-0.331420470197165,1.07966921304396,-0.561228086450176,-0.27332862202031,4.45624380951351,-0.167745500935801,0.499323671615364,-0.0134490516777131,0.341910384222012,2139733
0.614912498130128,0.0395200036030996,0.732820581467372,-0.34797623534163,0.940260842444423,-1.33356025570999,0.38263879748223,-0.193566576542213,-0.0982160044780237,-1.10302903799413,1.14908267869867,-0.841341565020242,-0.278648809685723,-0.204907471886504,-0.125859219015635,-0.663436945540849,-0.498260990638242,-0.153949052493851,-0.313248379902171,2141116
-2.2421431286749,-0.904479958601092,0.623103088976233,-0.553795905288853,-0.37759584450383,-0.884012393453123,0.129876270737726,0.452030071564909,0.214606569571127,-1.09564930573874,0.523513150894669,0.080695843609853,-0.514958271576551,-0.305338753553497,-0.634105369319361,-0.95107956040737,0.00632918603627516,-7.67999720118283,-0.399310177533303,2144796
-0.543460337564375,0.766276801611754,1.04392494047587,0.0679821226950226,0.565308775901146,-3.08952593373432,1.15593139344753,-0.0943173258858218,-0.0352181313197888,0.330017503847386,-2.20024781684657,-0.53250306349568,-0.248851849441537,-0.286581213123136,-0.921251682991757,-0.183873016210024,-0.472120030686304,-0.343341039019273,-0.435272987976379,2145166
-1.4527331200106,-1.12881033540321,0.489466257093265,0.122926057507417,1.4030853320597,-0.658621554652033,1.0561336486268,0.397614361120093,0.0228237935449198,-0.721373421890761,0.469326372402747,-0.130828692209005,0.441015212969775,-0.177494145328413,-0.106868614296945,-0.632760406994982,-0.378995783655884,0.559892643810686,-0.276777442922552,2145694
-0.708144632398255,0.31578430629246,0.352513539201245,-0.479991981292456,0.68456804969973,0.874461247134614,-0.383563208260232,0.213251791227599,-0.0454452746616527,-0.827687580791276,0.270055009958173,-0.730111475713924,-1.07024777113798,-0.301059069193893,-0.302740404475011,-0.998262189046932,0.0443027787121401,1.85923897709465,-1.11326849005885,2146138
0.592912462857213,-0.0986997910146555,-0.0491102414533236,-0.634167680085108,0.786398728994963,0.0537822111370746,0.736431179401905,0.289993259788337,-0.00596895992167162,-1.19046825132435,0.525327732772919,-0.661031789199597,0.454651325822116,0.310580890192523,-0.261407069275504,-0.863698048480387,-0.146105417762689,0.827618127753464,-0.756280946422235,2151024
-0.103644381954109,0.84051468172083,0.903066932654795,1.52235263976593,1.06192304371354,0.355807208752357,0.700373095506942,-0.379953201309798,-0.064365914342078,0.122368172635932,0.0818439768322922,-0.775148592269463,-0.473322858102319,-0.250878182535986,-0.204336378653656,-0.800623774180503,-0.516268285460159,0.541300753842778,-0.697123268895087,215131
1.77092468844852,1.5372801343341,0.704735897383199,0.967595050199834,0.442824714289766,-0.960534936513606,0.206504638885859,0.533645133025892,0.103725938477628,-0.28905430071189,-0.694607851603606,-0.845871526850592,-0.139411820481611,-0.274611134172717,-0.364123844118978,-0.154748154537749,-0.398640750355162,-0.987447937350103,0.181349098580714,2152442
0.945409165828756,1.52500002885946,0.323497496948835,-0.863651059295578,0.410001380391451,0.167998845245432,1.41599683735266,-0.0867240145932788,-0.0901883579834324,1.56388132321718,-0.902591668155226,-0.640491212149451,0.958972490404665,-0.176926696351157,0.297392178730807,0.733979172831182,-0.595724785731354,-0.676247866518968,-0.296200836163487,2157529
0.374312299638591,1.09778903225948,1.02296054910656,-0.152181890893375,-0.832723619002781,-0.676590300244992,-0.899617720274351,0.999336595865829,0.0348793860561422,-0.736289023673723,-0.0103998199189947,-0.771557449512503,-0.612321817059476,-0.275777624321246,-0.237000461092405,-0.557787076398638,-0.451010113801933,0.0618737233865956,-0.260395778351587,2158101
-2.00968820925369,-2.63686345578586,-1.17626962653407,0.675328896320247,-0.388965455335513,-0.00904263894224077,0.536213958997027,0.519396365550053,0.115774620634819,0.308253902505275,-0.651472773626961,1.29421692664252,-0.950842487378509,-0.252876264184989,-1.95386157448319,0.425099521188582,0.832255322256547,0.478516565232503,1.2562816007848,2158329
0.492687994320989,1.25106629520799,2.41365914772541,0.716030672004606,0.770755075113296,-3.90695415897348,0.522397703742186,0.205005277463916,-0.017936087197394,-0.322642659786275,0.653479393645806,-0.876499242010305,1.58158778362683,-0.114908954422096,0.0979167763211931,-0.387721243798182,-0.540888464217841,1.0949060407241,-0.473638984157336,2168082
-0.634524445731623,0.414995593760223,-1.09158099720188,1.46075890150777,-0.392793963627985,-0.208378693872255,0.249110495396188,-1.90114080257081,-0.127380319475724,0.878795245383345,-1.93856186888061,-0.64453606460678,1.05636995872764,-0.029466795377943,-0.616873878313674,1.96502849199468,-0.581924609630942,0.485344752973121,-0.801044180189915,2172217
1.87111035434032,0.584356949161065,-0.046086526688046,-0.491627433361196,0.167746397876322,-1.5918398206232,2.66713669795348,-0.216816369099825,-0.10647097912969,-0.531747789136189,-0.0726700742793233,-0.172237705475703,0.480174042647204,0.05974272893487,0.0389570349400535,0.242323603743383,-0.42129114141996,-0.681318979604733,0.0995288523083196,2176530
0.799763937243079,1.66244433980194,0.793110442375444,-0.241370889545717,-1.53894725132225,-2.17696492672478,-1.90866834840806,-0.360001428060197,0.229551528177299,-0.847801437056448,0.38917389275982,-0.839132257899528,0.864410587825997,-0.248266626080389,0.303179002687014,0.818382908890495,-0.18493262513763,-0.0859282872755074,-0.678159156425748,2176784
-0.298266395678243,0.644524427405027,-0.632105120643435,2.097782437736,0.240308153383903,0.375314236698147,-0.763383817926425,-0.19796329523822,-0.264544668929738,0.919595228080051,-0.436399167845289,1.21632766317597,0.104772233545577,-0.226383927303771,3.11473101448772,0.144311809420483,0.235384642764259,-0.100090733777719,-0.733121041516559,2181724
-0.698628997910653,-0.365854840690294,1.83071258745326,0.0760982594079574,1.56977292050905,-0.818844833319074,0.115309584482917,1.1627186449924,0.35418010818195,-0.292985131109751,-0.00713776013623126,-0.48660908895478,-0.187212850703441,-0.188090490717567,0.508731120760934,-0.366875094111181,-0.108696890855677,0.702767505632241,0.458684219597647,2183291
-1.46357959428963,-0.270742216557821,0.757421740458086,0.826901047214449,0.815039487226492,-0.342642748936936,-0.0332957988106608,-0.684777744518026,-0.122277910389887,-0.0878169675042373,0.324028680851515,0.276273111045743,-1.03751451427798,-0.279951531155927,-0.366072002250926,-0.568839783270609,-0.155407649072397,0.235810070334336,0.0630956338532992,2183356
0.594777211961644,0.843883616902731,1.35379345252795,1.43735899313884,1.33923313957279,-0.488392340118584,-0.76604173270249,-0.166480103394444,-0.034234828192721,-0.758984338738034,-0.786987030415547,1.4002737571047,0.652826212124252,-0.102019739530991,1.9006729537221,1.05966316239207,-0.455168785725488,0.159933631091309,-0.477218768602754,2185290
0.700701207541361,0.531421742049124,0.819557611032835,0.606912811148095,-0.0958184185770105,0.394938829735204,0.616391986725941,-0.773314244581266,-0.388303212129986,0.232071155886483,0.681021606449643,1.5230868106984,-0.0205586341704733,-0.141305308149441,1.79250817693806,0.283370240137089,5.49453512833361,-0.141955345567683,1.08924291000228,2186951
-0.127209014057478,-1.2071542495553,-0.603732875842885,-1.06379724591764,-0.154861545522182,0.0823278126624172,-0.607379186141925,0.238254038369357,-0.0568880856169397,0.0667800107693967,0.276402469513662,-0.0554092998810176,-0.611169972109836,-0.239106145663847,-0.185528704234443,-0.595722437091134,-0.352191826511945,-0.202907067568916,-0.0729957261295997,2196212
-1.31227964952173,-0.684435424573519,-0.901914633267829,-1.92729049472164,0.365537411768903,1.82921551240389,0.499278224528951,0.644078590443088,0.118757199866948,0.838087962608722,-0.596905521757173,1.05756548276362,0.125853448271377,-0.161690479192846,4.73923941594599,0.594876654657917,0.518888185517623,-0.232397371655161,3.75397464520335,2199403
-2.39389663691186,-0.480256328340481,0.450621828144181,0.112516269337799,0.419622430960202,-0.087128157969625,0.313205105964325,-0.359247467766184,-0.164996700310506,-0.950597271174318,-0.369238012666971,-0.902841540580026,-0.642931418056854,-0.29616298723309,-0.235472652865449,-1.0784821590485,-0.109305912898461,1.90161220283083,-0.621855522291666,2200416
-0.696969473467385,0.0074058939244319,0.193455125952638,0.723734232746844,0.118750567973533,-0.537826405770576,0.820065118337496,-1.40168258810356,-0.154154031044096,0.940285468389665,-0.806087587655442,-0.572595044704097,-0.378733195779751,-0.254831304955244,-0.194409934612439,-0.90988897362187,-0.477993423585279,0.619818945654616,-0.289058030053849,2200813
0.0967393869274883,-0.0893525795629725,-1.34452260371689,-0.171684797501082,-1.874580855917,0.753598213993702,-0.323365635190406,0.319598132403895,-0.0381443886766491,-0.907722233282159,0.80830146219355,0.906939487841091,0.0466180067144764,-0.121746775634391,-0.195663070221056,-0.420436509884919,-0.378088739368072,0.10737148182906,-1.02720891533031,2205389
-0.327974359353684,0.00955740485531746,0.0162663576878724,0.10742198357394,1.08126921119193,0.778545594352949,-0.110258366555601,-0.196455254812926,-0.0945311743524579,-0.326144837438519,0.511749316400158,0.566907690157291,-0.241529755230012,-0.238640027410354,-0.342880284098282,-0.839185449948566,-0.177192145589138,-0.999464472809736,-0.0282974468830076,2212664
-0.819013213000494,0.753876603021779,-0.103628669663286,-1.2008376588418,0.0857807946029967,0.169021095966064,0.906800626568804,-0.489629196099199,-0.118862848068692,-0.322205003274847,-1.10253196522712,-0.574209898403904,-0.0584935340443063,-0.192079120085555,-0.171819610393092,-0.906473104099275,-0.314763352072987,0.407487577241042,-0.712672168452665,2217034
0.59600648082854,1.15168689707525,-1.53749830383536,1.41496105155605,-0.798409767101116,1.20367898236748,-0.250402933505847,0.685217142056942,-1.84210102577174,-0.0247773546001631,0.662801369620738,-0.627754944444468,-0.0602104148994068,-0.247320507447899,-3.40070511891823,0.036755255178215,-0.198351582718818,-2.18795046287673,0.235976265671378,2218615
-0.407642704940069,-0.162289294532762,-0.0339919145111626,0.62552250152459,0.699567138413387,-2.50328902779226,-1.94957082720932,0.0182757506600061,0.596953452900026,0.824438636628355,-0.753009885462873,-0.549373675538887,5.05564195821989,5.60755954106954,0.466610011051749,1.26366951853214,-0.490702388533054,0.503760877681788,-0.642524731312381,2219842
0.798378778614085,-0.751099515997896,-0.518349746091067,0.410236695549255,0.0813633676027584,0.701750556179505,1.19988481575725,0.503288624877009,0.183917575833011,1.46488563275034,-0.625938825405656,1.61870071133134,0.0580179124048648,0.0280357044959922,0.298896503150609,0.509811514562221,1.52869819044535,0.0957418177694624,1.14228184218904,2224150
0.93878230183111,1.14788882008765,-0.0314763654552456,-1.82982899454894,0.858532875438656,0.816850396490722,0.605980730901641,0.0965490231852562,-0.0333130744690008,1.47525168119123,-0.93942510347242,-0.53120051758996,2.45560967828265,0.411926583724491,-0.668517473888435,1.19993466715873,-0.570397201704419,0.422511150701802,-1.27656785987845,2228399
1.32053877146635,1.40549303179218,-0.371187776726083,-1.34719840827819,-0.0231496523536164,1.1521961039361,1.47465233084129,0.329486085692942,-0.0682872780188236,-0.150063382616493,1.13570175873541,0.204817268673629,-0.0703732460441431,-0.163246220794892,-0.754090262065704,-0.429678368948714,-0.274419923493113,1.12287056076543,-1.68650029173874,2228400
0.397288091869932,0.650972906216635,-0.0781742138934488,-0.609933278975752,-1.29541334411131,0.796532589732026,-2.83896591072294,-0.391677338032374,-0.332028267091327,-1.96591628477375,1.96240582851828,-0.623279296921601,-1.32486295801434,-0.307919526937864,-0.299188968528325,-1.07542781758214,0.800565922251685,-0.870636007629132,-0.556423847931099,2234271
-1.24035367508968,-0.798891411349611,0.723740757791165,0.661799203378425,-1.356243901335,0.089588662368479,-1.17464971102612,-0.235122276168301,-0.234432097852312,-1.07043959826459,1.50601473674488,-0.81088858000433,-1.22438001713786,-0.304298988566449,-0.395473486993965,-0.961767144407479,0.563284687221689,-0.387853674000533,-0.797334664778037,2234422
0.135155869662634,-0.254481904310293,-0.459220646239296,2.24668622148115,-2.48595125705848,-0.522806800889774,-1.24765088207183,-0.267699863100388,-0.208499793577153,-0.708380997867436,-0.307430655158265,-0.453676974376307,1.22335066898911,0.379506421630724,-1.45435779076189,2.08812518614307,0.0538650612532337,0.335079586895473,0.00240299784532939,2237571
-0.417084805223878,-1.08198434930286,-0.192144973689187,0.402779351351697,0.0809565639959719,0.62595744826205,1.19879497199234,2.01834425536835,0.392894603218074,0.112093918506727,0.87613748136079,-0.593996136004708,-1.05904099102988,-0.284119288477934,-0.393329272455625,-0.173453669471797,-0.410007376761419,0.423984746985401,-0.314055444662825,2244172
1.07698051802676,1.19796011319553,0.57529547557491,-0.199819450316272,-0.250380454160535,0.291783064938392,1.58354243310148,-0.478779630801034,-0.086088509428204,0.404084620171569,0.680053983501813,-0.60564735726536,-1.17601601080692,-0.299135268976772,-0.204555934379874,-1.16288560136254,5.04837953765633,-0.412035159284198,-0.714101447591706,2247869
0.00511366324624502,0.753928282790796,0.424149629606533,0.571897947786771,-0.403067775946393,-0.540859486227181,0.370793155263949,-0.894495464426,-0.140824274177729,1.63407537067634,-0.511071108471843,-0.0749642799947627,0.0591878288402756,-0.235408416079851,-0.0798443975920933,0.414247306499166,-0.546134999701897,-1.01076956713784,-0.70012520284926,2250648
0.650178251652974,0.52827338324136,0.960382025423914,1.29015034570365,-0.118332014646228,-0.0717447626867979,-1.25150437006364,-0.432427220085825,-0.114353201563959,-0.893467988488948,-0.0926657180976284,-0.860337681958138,-1.05166153111139,-0.279660361815325,-0.262570680328008,-0.835298569198089,-0.234392965158298,0.208069298817837,-0.527740726068567,2250836
0.287502806860767,0.653821962674855,0.598104557328894,0.128996884450639,2.08815699295785,-0.638658869260635,0.394068382451642,-0.00100510159208972,-0.0585299816353653,-1.62596769784094,0.939849463254411,-0.784616412402447,-0.669642285390607,-0.234793690035601,-0.505607647084333,-0.605102371972947,-0.158723672152695,0.948059230806235,-0.475784845403024,2267382
0.713355439203871,0.457036873594675,-0.949062051673432,-2.03291849718,-0.807179009848613,-0.28576764398341,-0.742670040912452,1.44895590978561,2.42544379807866,-0.722813945963922,1.61937531083093,1.43685455955982,-0.759007423320635,-0.235743109161413,0.928892803452967,-0.338027795381999,2.25586723588104,0.0620820698755601,1.18968633816105,2269346
-1.15816819171594,-1.0197467097641,0.371956601782141,-0.260217292476725,-1.12205104642565,0.978681896995751,-1.42381917006478,-0.335854017573738,-0.444348227937599,-1.21574499114168,1.56604908746556,0.295496986583344,-1.19782069777796,-0.307299362125364,-0.46414184248815,-1.00301347309991,0.0834253097165638,0.883127036129742,-0.717734447257003,2271329
0.549404935136304,-0.29564728668704,-1.64138175760668,-0.608193024107817,-0.552803248108537,-0.323116486087446,-0.348909812681671,1.65941352232486,1.32805047992122,-0.54678834833347,0.558759497704496,-0.332087543017126,2.40998303522987,2.25571203480935,0.132972100651017,-0.00222904807315584,-0.32174604088679,0.363775125703044,0.395713356364135,2274521
1.18364654837574,0.609965181687357,-0.748744629322898,-1.33171088291346,-0.796171720324177,0.529880375272266,-0.140129127058125,-2.05086023597703,-0.165384869827775,0.713267925013463,0.130903880944877,0.873179212241745,0.793525111517329,0.348309954122516,-0.0601606547161881,1.96138713406855,-0.301322754520998,-0.220793310229297,-0.246910478556897,2276121
-2.68510695009715,-0.411414243780642,0.240790671663625,-0.546715438997586,0.740884346432829,3.97929856471832,0.752765631182929,1.12082086886854,0.151406673789032,0.761136550808732,-0.583592581155694,0.903247344734384,-0.405471711600133,-0.259947299690165,-0.764470889867356,-0.375475305325108,-0.421299932827307,-0.606712615934933,-0.339654175362328,2278618
0.0627469826023023,0.43350941230006,-1.22730210241855,1.10525263939513,0.646552155959881,-0.0750948732975076,-0.571338806459542,-0.589123715666029,-0.0963321470834065,-0.818710043866285,1.2056952495933,3.63690560659032,-0.817460239131623,-0.266819381808826,-3.17734334872287,-0.76488135079774,3.84323227609037,0.320899209880584,-0.0158140166996707,2285214
0.407260216489955,-2.22698463218435,0.570807187142373,1.20466409825976,-0.0599705039103454,-0.519095635027033,0.0229278405782344,-0.353711299585512,-0.0769384097899798,1.28416301659692,-0.985236770933801,-0.57453252953869,-0.741880437053591,-0.260737058756485,0.156694246364207,-0.624798867463209,-0.323061569448649,0.915621604116845,-0.337542544842331,2286108
-0.573307878100435,-1.4265319541212,0.282868026046112,0.506997512538086,1.61879607222094,0.190055218419512,1.74538941809439,-0.218939550529327,-0.105362552955164,1.70283165385311,-1.60778188120295,3.80184631067234,-0.830323886053672,-0.236092446637245,0.252044548330324,-0.2903589146858,-0.0670739617037046,0.00646482710439571,-0.24947159375584,2293123
-0.0842581847308578,0.440261437854265,-0.130643928194236,0.464750798173211,-1.2194974099737,0.117142238898546,0.362312012647119,-1.90890954312137,-0.360647330858217,0.96682191871238,-0.804988465117602,1.299683912857,0.505089421066878,0.212479128058016,-0.0242489140225142,2.67959183040455,-0.100147813619423,-0.781730023978187,0.329772846311557,2294852
-1.36244586984862,0.12093435656221,-0.746451621975376,-0.714677722949561,2.37245288144696,1.02894993615071,0.110871289906236,1.36881329821809,-0.00921600634408866,1.49072744898818,-1.26201917716826,0.686811055222416,-0.261722032904913,-0.254755715915772,2.35492407375411,0.971494867198309,-0.420476260484689,-1.74404702893279,0.951667543127867,2294873
1.05151022927119,-2.22135663395886,-0.76443461078123,0.422974247248207,0.537477064789189,-0.289245512754962,2.34960006379434,2.35823091404842,0.210165855623342,1.14480668546884,-1.58893636067535,-0.226459051687991,2.53080689615945,2.10459645727253,0.324589017139242,2.93539671910199,-0.529908709624876,0.662864999069365,3.20264099996057,2296332
0.0246746007087301,-0.079036318844331,-0.625454706009249,-0.430818769455879,-1.89554596903927,0.958656272248841,-1.10570564545721,-0.587031496165943,-0.12117264311198,-0.0216386126108335,-0.0364757608787105,-0.426406978936254,0.0557767863865691,-0.203250678298207,-0.0604688656826531,-0.658862834157286,-0.416380621111183,0.232724172753682,-0.215407836470545,2305114
0.802971843864825,1.05091411216456,0.981173876784655,1.07486502346553,-0.634916039975804,0.177898465677045,0.357935832737784,-0.464729141229513,-0.0680000203724985,-0.308899091355213,0.450890229620544,1.28947487099695,-0.7107917538198,-0.240740863798162,0.515135069524303,-0.532948703438185,1.26070789447392,0.0739787699829413,-0.625037183499457,2305115
0.327230890570275,0.780059167883707,0.484036166390236,-0.742023346416221,-0.731681236050938,1.50074544664734,0.897823297793615,-0.172009132565767,-0.0563313642336927,0.29396983596654,0.923826829413157,-0.746978446364276,-0.512499754776115,-0.299250946501996,-0.27088700657756,-0.682819568701164,-0.485740376410532,-0.0590310156220973,-0.701676673857135,2306459
-0.634492278226385,-0.480856192651335,0.0828130552380952,-0.515433398155494,0.940366889553641,0.426436755254617,-1.52454740765959,0.692078958785189,0.0338149806801755,-0.0506601603562074,-0.685771844609276,-0.62580479756174,-1.02445702530447,-0.294561931354952,1.51387589967045,-0.682200728602063,-0.452461020504621,-1.73176978584161,0.480198230992116,2306893
-0.0890738527163246,0.446623010153074,-1.01189672273797,0.574613809286506,-0.67198268746845,0.36506443980318,-0.566049605076791,-0.341641719783786,-0.148801061519582,-0.380513461111389,0.444566095508991,0.491674589379809,-0.347322908713043,-0.0756149349458836,1.12766062304729,-0.338901646890311,0.0788391049727162,0.0684066428298155,1.22849922658306,2317120
-1.61367010193134,-1.09832459520783,-0.238698641753938,-0.899671216597382,-0.372665824131265,0.0285874001467341,-0.140618860409647,0.0386615009171978,-0.042656199330511,0.214982038037966,-0.734788761908033,0.0102458647795809,-0.0277958505388846,-0.124517478405332,1.30968700576088,0.58694268217735,-0.297166436124168,0.431605113734128,-0.370345375637318,2319068
-0.198259213832942,0.285839916130023,0.00802587337833094,-1.0383454605436,1.07055759469257,0.431059375083997,-0.440822267936941,-0.432285055175163,-0.0778487074439653,-0.997381060645593,1.42745996806161,-0.838973860175741,-1.13026534551629,-0.282613708458742,-0.417763008400723,-0.952357755990416,-0.0866608849320812,-0.425898436410508,-0.394147900947568,2321962
-0.227412851533743,0.718292664013482,0.351029916988344,1.62972541161084,-0.404029601338862,-1.06022413821183,-1.41056980942433,0.118898534985749,-0.0248519765231602,-1.55352977126099,1.83861548622584,-0.707865531102223,-0.585266397009236,-0.241952655156579,-0.272415652061606,-0.311901313211774,-0.417199659325568,0.702916743557658,-0.192827930635785,2331869
-0.100077158902714,1.22048304672132,0.769687713749801,1.83443433660848,-2.89069800778085,0.48199027861264,-2.30857667548196,-0.104367252450262,-0.24374509396062,-1.7672983007807,0.584981663539463,-0.669426280034682,2.80238730642836,0.349428354609934,-0.302992990177877,1.0938211939802,-0.541975054958587,0.386329514488218,-0.683012263675805,2336735
-0.40199154776579,-1.04565316707185,-1.75117554771796,-0.886310403146286,0.259865287304469,0.132704794232392,0.109714408761546,-0.0119433033212469,-0.0932605429997469,-0.255381813669027,0.0944282767597348,-0.0105823431075702,-0.808679749695828,-0.235982347426343,0.55036978968241,-0.154623103648833,-0.288536729630254,0.679423090656353,-0.194264022261559,2339674
1.02923837883991,0.5362194506874,0.229170925156282,-0.681492823571605,0.527205418727492,0.264877394447578,-0.369628581265411,-0.107281718434627,-0.0387390898101906,-0.993856296333776,-0.533383491116081,0.282091410421348,1.01214361081397,0.574312890584253,-0.181071405617746,-0.0215500881182242,-0.536996191813489,0.146543193576501,-0.234340644201514,2340155
-0.446289312440536,-0.953100820757883,-1.07370037607642,1.22772570034545,0.683138723634693,0.480607868903816,0.8103816682977,0.25368577122006,0.105160023295168,0.528948745587418,-0.647399564604025,1.09152188718987,-0.808282038128782,-0.250523703634219,-0.0346498938172828,-0.282118341349528,2.79501491551325,-0.221629759254202,0.322161609936578,2340322
-0.320626953867911,0.547292512454508,0.741204235741474,-0.290158525735274,0.390288770374062,-0.709454286384564,-0.0708951241459609,0.264184702696945,-0.0161233732567141,-1.42712243837733,0.757733499987617,-0.763802583428463,-0.876122213211335,-0.282019193152582,-0.151252507749815,-1.04986318885113,-0.117289319128249,0.489451837318479,-0.164740734526034,2350037
-1.23957667486284,-0.639631621344843,-1.7430607435551,-0.843095883230039,0.249380070792979,0.189390731499222,0.59466995379762,0.047501229512131,-0.0543636709863914,-0.950737296217123,-0.138058811159287,1.17361645867992,-0.36031449769132,-0.246273524217583,0.0137757008385056,-0.602567757049223,-0.447192361565695,-0.281723417365933,0.159870399820337,2352038
-0.866130722444108,0.979288889617039,0.6625505362613,-1.4998271352688,-0.0830760469175693,2.55059651951082,-4.59217126356935,-0.466673836047957,-0.563752220488597,-1.42968131857202,-1.57815949205048,-0.506762117907109,1.92467291892539,0.424377383693173,-0.866343959293763,5.01271244911484,-0.615953878223691,-0.179590408044159,-1.42189882476286,2359944
0.921753575191422,0.0966623187546752,-0.158814898457099,-1.13366459555195,0.492877621589632,-0.300886863567842,-0.511089714866537,-0.726405763451705,-0.072896612153362,0.0940623617433773,-1.3524136161351,-0.783233497668639,0.00933788604437385,0.00769752453949547,-0.138468939580058,0.908620709965521,-0.568379562438798,0.284065717897505,-0.128676109326693,2381907
-0.315626994903982,-0.187534078982892,-2.28325593295637,-0.0853144575827818,0.173322606962969,0.595657549345652,-0.456084690231309,1.71485992997875,0.186467480987055,0.0533232402249841,-0.812257285499044,3.38906910812768,-0.550085040679014,-0.196589334358009,0.979105159757261,0.185408939079092,0.561699428701747,0.431823342955301,3.78860400070886,2393207
1.2948323093773,-0.254123011948792,-1.58094109885815,-1.14774361925759,0.40147966965717,-0.0742252424012567,0.757950295250309,0.0265375358863855,-0.00905258818246725,0.363046135754279,0.0624269204748657,0.369329702463918,-0.554400048574461,-0.221158107331156,2.04470623866743,-0.350775123265152,0.575661372224853,-0.0419328197163001,1.64027423734894,2395415
-0.191962690336822,0.324034634419258,-0.939346623711635,-1.06030233600421,0.993961632210703,0.381739613977234,-0.992046307440668,-1.39726918517542,-0.0846877059692607,0.841039790559987,-1.57910393260801,-0.64928466736163,-0.497062044728146,-0.227049546988122,-0.178422920255807,0.286070981770591,-0.583041337531541,0.458660032304396,-0.195968472213086,2395943
-0.493768673179932,-0.498761093663463,-0.299122036599615,0.12014691011548,0.471360076864706,-0.00450133187708925,-0.0567652458002477,-0.261861249971867,-0.0426035290070897,-0.0492140166455389,-0.17860173455959,-0.826932644480409,-0.412158657252452,-0.203257591581983,-0.559126333444581,-0.238792328079124,-0.411154563604686,0.0105352124149426,-0.298995691811719,2401405
-0.610571630414412,-1.0709332538312,-0.0457067080601913,-0.35160692176967,-0.0644300044085526,0.241039171495778,-0.254605802061703,-0.269544278223147,-0.0678870097311771,-0.635861491799834,1.16703839681791,0.0205391558526767,-0.856570770650323,-0.260847587946741,1.1766794364413,-0.602264028158687,-0.0541738402498128,0.835594243964832,-0.844743700059896,2405144
-0.472570163251261,-0.043687323184922,1.10168503712602,-1.29578065208761,-0.257026134573615,-0.220209605453063,0.523800109963164,2.27922812706036,3.48505924683955,0.696046905430633,0.828446806390977,0.681902637922527,-0.135996660847889,-0.12982436708553,0.434490367807544,-0.145426555943367,4.10261304824814,-0.0303716701539751,0.789845458514595,2414406
-0.193633598537647,1.10656246716797,1.26182317007747,-0.561480417569068,-0.653958150452627,1.09199709056796,-0.347744394173868,-1.04978737969342,-0.221368035679182,0.76299137653632,-0.898108786672004,-0.562248592253217,-0.82564236922806,-0.272550322415042,0.50601704391052,-0.907450686986525,-0.398987373575696,0.576956900333502,-0.954057088768983,2419459
0.805861587554845,0.0490230067787362,0.540101610665132,-0.431717672186977,0.14675160287003,-0.527783707633911,-0.0705440644725431,-0.192830390909503,-0.0488332301210167,-1.06467667754813,0.00498766109011355,-0.920070837617167,-0.963276962880706,-0.285370037887806,-0.2972438358368,-1.07490554356526,-0.163924635373678,0.602405296982276,-0.490557660792889,2425694
-0.305473517949968,-0.317337405714035,-0.517891919839144,-0.100248212889599,-0.0502061919524571,-0.277080214600366,-0.489584698434551,-0.0217713156858427,-0.0225802492871631,-0.381735952492557,-0.248092423264844,0.409396832645959,-0.223467110125501,-0.0792058213965578,0.258464203202179,-0.0326792309668637,-0.273118270642731,0.193207750150922,0.132361722005402,2426863
-0.806290978847373,-0.391502930105295,-0.0244102542724882,0.103326271645125,-0.866671122562186,0.635729011134341,-0.287119704005876,0.226424310808646,-0.0562863159521848,-1.17496400219598,1.4290436475499,-0.760636323550811,-0.409442547960728,-0.26668628664977,-0.020527884090506,-0.79498346212352,-0.469726490714157,-3.9976343111081,0.471238444095596,2430773
0.257916986227222,1.33406672100001,0.158388976966408,-1.3108387866425,1.03974107656348,-0.00921366308098886,-0.229080335474052,0.295724746357772,-0.0423245549388207,0.204306606943713,0.915203625960989,-0.732791736956437,-0.497796948423301,-0.276602522975785,-0.0916387779189748,-0.548795782095461,-0.531565759989738,0.927699372060544,-0.178956246123387,2439458
-0.493013443093954,-1.91002038450637,2.52316581692378,1.02103607965386,-0.0261032144235532,-0.382932868196896,1.04758623698941,-0.119965141169087,-0.235824607516057,1.35233921597015,-0.0419362682003256,0.142769334227597,-0.779168156268715,-0.279542581824288,-0.109450506262421,-0.762628075674108,0.258533687217154,0.353554126642619,0.0271196384544412,2443354
-0.0292097166592532,0.136483855434604,-2.20962280237216,1.52726730954429,-0.0426197727608964,-0.24088352545725,0.935631172403588,0.419367869116378,0.00252118146710803,0.0505679069162329,0.0725771962122778,1.18323109670096,-0.318417759262949,-0.212516213787781,1.01185171831968,-0.253362759218578,0.0862723302943746,0.281121761780623,1.90150346453689,2445526
0.705607110000562,-0.221639636804929,0.42953834456772,0.424448077642015,0.583678855023586,1.32735251347622,0.838138254387478,-1.08521128153968,-0.139291218408288,1.3097123021508,-0.535963827496974,-0.346936976216152,-0.330227128481715,-0.229455184702548,-0.976837410220668,-0.34608669473682,-0.113255674777091,-0.518076182360141,-0.262088400953708,2448298
-1.07938515100957,-1.80472481596983,-0.203355514648572,-0.862574565433777,-0.211578528407364,0.892477510163909,0.625722981893359,-2.26547933317681,-0.677414381605513,0.0163042711046089,0.533319628962472,-0.596281334076926,-0.332395912933154,-0.270126738920225,-0.617066074228411,-0.775276780942808,0.0418300766127241,-0.511006965761762,-0.674239528015269,2453577
-0.673214662020841,-0.505280381616423,-0.180263629403217,-0.066702008825127,0.267804061993441,-0.590585842060734,1.49401910423702,-0.0688671540865722,-0.0960802400817103,0.664741377897038,-0.548784319374885,-0.248981662051305,-0.448979730504484,-0.275726578356759,-0.608230155111868,-0.579600287145305,-0.373741673005735,0.0378204535497448,0.15665827480921,2474709
1.21330940311375,-0.0968109581590088,0.302600752234613,-0.18939012569772,-0.762511945741158,1.76262100751987,0.181643320960017,-1.01391058130345,-0.192645202125625,1.28972439539859,0.115734134986091,-0.675824928418647,-0.94151899806454,-0.297984766213436,-0.00916934559579447,-0.660933057870183,-0.532682478143127,-1.03296658823522,0.302149792253578,2480056
0.577231526598128,-2.60011221054484,-0.38537324777001,-1.60044449959438,0.237679606681975,-0.263743279404351,-0.213883498321249,3.80651512583871,1.44933429466142,-0.831659843005361,1.28118124936317,-0.0915848751820043,0.0537047962098103,-0.113257342990914,0.173691589556444,-0.49678778684724,-0.386654592243932,0.0552718559929361,2.78406654470002,2480330
0.339406942868972,-0.481514413708625,-0.515689949720308,1.83868277157056,-0.344008908268752,0.12972521145533,1.43455876436381,0.014211308010125,-0.0514563216677272,0.100816606239324,0.071194446306451,1.32203278074535,0.683168263275161,0.341357522491003,-0.670352731828666,0.0644986084625788,0.688823768607945,0.14145136142935,0.874364002884313,2487135
1.25975340006199,0.466057872122139,0.698406452754619,-0.0299339990427867,1.1080312032666,0.317952794646927,1.57119991352337,-0.0965869325016755,-0.0708574214771591,3.18678056561049,-1.68839930085619,-0.320062499088998,-0.65279095172952,-0.255807937147277,-0.419880004641941,-0.554167952240019,-0.439156443303892,0.719508319401801,-1.39867504422725,2488660
1.37162472631182,-1.00490783003102,0.0629248412937376,0.589507137186713,0.46109695098316,0.0112888281136001,0.675128399679567,-0.25536849124987,-0.100289375157207,-0.878097872110601,0.178149172312241,-0.770720204425615,-0.186450895767892,-0.214262798225126,-0.212199394373315,-0.624819116597206,-0.53124762845063,-0.318087595156603,-0.495972386137285,2490180
-2.05921764316387,-1.5443649474806,-0.766146434780753,0.523367483963137,0.092984469882867,0.15972872519159,-0.416342397253965,-0.309297716551168,-0.12055254084704,-0.263842015700382,-0.608741156351703,0.458939139502289,-0.454583881350718,-0.235051334517113,-0.00816291799417839,-0.338858349093168,-0.35408331242785,-0.0990146429451878,-0.00616237094421009,2493534
-1.25123197239437,-3.66706392350761,-0.174792305653346,0.568054103672079,0.216700788763449,-0.0642966247438599,1.83391703376034,0.716743987044317,-0.0929549804674068,-0.0461920264469483,-0.483219323982101,-0.574457210608638,0.432282539389862,-0.268732832339808,-0.129472110711535,-0.513062410955823,-0.389116542026909,-1.12137294486894,2.61843694067953,2498991
-1.35966155567184,-1.50778876299653,-1.90063053191347,-0.646403818153198,-0.835828574273569,0.254415646607314,-0.00225684305009274,0.409517635303134,-0.0665472094777679,0.728323746517285,-1.05511965493806,1.40902096395647,-1.13259963625117,-0.291289646392968,1.53152156712823,-0.50328066489683,0.467136806862352,-0.197261715727436,1.75561130116812,2500377
0.381846871349885,1.17621527723018,-0.140786258660879,0.620504807448041,-1.66250151486122,1.48146600790557,-0.881259257656772,-0.573653479385301,-0.111835884904117,0.161610610985762,2.33695440766901,-0.888006108044074,0.390611311110216,-0.241413466359022,-0.538376490941898,-0.181207806834388,-0.565348944804672,-0.982349603405446,-0.966352683632614,2504802
-3.29998836288584,-1.55040950594314,-1.17211796843651,-1.18358132183134,0.210381636223556,0.400938079916923,-1.09015738250662,-0.0410008975674485,-0.10776286339031,-0.124500492090058,-0.616070906790549,-0.30911475450382,0.0711687080787872,-0.158352131375968,-0.163854571103387,-0.674753606668721,-0.24036899146734,0.132412938196163,0.0206314596778223,2510402
-0.328757323158754,-0.849672886781736,0.771761077685965,-1.36879506656516,-1.16121932263164,-0.306796151266637,0.954598744054699,1.58374648226823,1.59484925201615,0.463627391990863,0.994179930613073,2.35716371712874,-0.408166038002551,-0.210683711452617,1.63558012235525,-0.510870044761903,5.602122643543,0.825288692639954,0.958981138983179,2520618
-0.0282510620777345,-0.517338350083794,-1.1563265774774,0.505265875960864,0.419178493556857,1.40604188253928,1.31388897792566,-0.0256988077407035,-0.0350516443973258,0.470389241566679,-0.130837906995168,2.09157210443453,-0.56648374652543,-0.199241958614347,0.0316669412332728,0.217761521872214,0.0510196064883011,0.28168345929137,0.452888343814735,2559453
1.6886100985038,1.5381102950631,0.55213436653038,0.441123141771521,0.44349493260281,-0.186305902071798,-0.561658590054802,0.758366096170773,0.113692595114182,0.219888659566527,-0.982490507030743,0.654243187966257,2.84137320005243,0.0308789504960725,-0.542649193271341,0.566586855763312,-0.536965160349978,-1.67297770089991,0.604585987712265,277752
0.339699822312071,1.18982869674812,0.77374361133039,0.353773004262733,-0.693958039988638,0.107294447241395,-1.63808992406161,0.252780005332806,-0.0798386618608835,-0.668002987956674,-2.12317631089411,-0.253248316928552,2.81942474661488,1.29016814357753,-0.614953588686389,4.01331671722242,-0.595793747042876,-0.383014487256019,-1.00108347682674,308862
-1.75689911835342,-1.52028450797122,-4.35959534076615,-3.65704125905156,-1.95925095745315,-0.0896591606948484,-0.586657970635919,-0.195158071839891,-0.304090943309369,-0.511600699742048,-0.410071212363124,-0.025445042149501,0.0387344192864634,-0.116772254619385,-2.40148518103933,-0.0793550347866074,0.682316016858494,0.0667740848214195,-0.641395837296744,58325
0.861361670032316,-2.65887032986506,0.575333367042816,-0.025617269242716,0.779352699964684,-1.06040716146905,-0.603402115119902,-0.702704308714132,-0.239212769132944,-0.605278674214543,1.32064987973845,-0.823478341634004,-1.0829319044197,-0.282962042714413,-0.193003977878568,-0.787746658243954,-0.184956873439898,0.465519110807386,-0.141851811464307,92173
-0.314006893417326,-0.210098612982391,-2.84956673755356,1.39349852209106,-3.12935646735904,-0.0661814985046854,-1.98305646975894,-0.84085447126647,-0.755844359437735,-0.908631037508212,-0.939874517248269,0.289047419617976,2.14178139643239,1.76910924015166,-0.238261135976941,1.77963116731228,-0.381505634776072,0.19008064562252,-0.264800438084636,923666
-0.663874938532155,0.310692098662394,-0.0566921157086968,-0.604330934045086,-0.193594229646218,0.43816136975086,-1.55444481720666,-0.322364091400554,-0.0801339098561723,-1.53824352597746,0.78815160463187,-0.687801266281324,-1.05226670765655,-0.284157647608386,-0.46707641361228,-0.571870292763098,-0.389835354512184,1.46501031638281,-0.592413110777608,965005
1.00723802354498,0.952087123001404,1.5495461844961,0.17690204359996,-1.34133686708523,1.3709784340311,-1.74562758752972,-0.600890004424902,-0.108988636866893,-0.427254820344814,-0.0993445969447288,-0.849320736794369,1.85257684265094,-0.208781811717723,-0.375295648678477,-0.352166484291586,-0.552844105229375,-0.332925101621185,-0.344911611723603,983079
