"mkm6d_ptv_original_shape_Flatness_250","mkm6d_ptv_original_shape_Sphericity_250","mkm6d_ptv_log.sigma.2.0.mm.3D_glcm_Correlation_250","mkm6d_ptv_wavelet.LLH_firstorder_Skewness_250","mkm6d_ptv_wavelet.LLH_glcm_Correlation_250","mkm6d_ptv_wavelet.HLL_glcm_MaximumProbability_250","mkm6d_ptv_wavelet.HLH_firstorder_Mean_250","mkm6d_ptv_wavelet.HLH_firstorder_Median_250","mkm6d_ptv_wavelet.HLH_glcm_MaximumProbability_250","mkm6d_ptv_wavelet.HHL_firstorder_Median_250","mkm6d_ptv_wavelet.HHL_glcm_JointEnergy_250","mkm6d_ptv_wavelet.HHL_glszm_LargeAreaLowGrayLevelEmphasis_250","mkm6d_ptv_wavelet.HHH_firstorder_Mean_250","mkm6d_ptv_wavelet.HHH_firstorder_Median_250","mkm6d_ptv_wavelet.HHH_firstorder_Skewness_250","mkm6d_ptv_wavelet.HHH_glcm_ClusterShade_250","mkm6d_ptv_wavelet.HHH_glcm_JointEnergy_250","mkm6d_ptv_lbp.3D.m2_firstorder_90Percentile_250","mkm6d_ptv_lbp.3D.m2_glrlm_ShortRunEmphasis_250","sub"
1.35119706091473,1.07962102283098,-0.0602383733209115,0.141956867902675,0.8026535290703,-0.350914119864356,-0.724895215999947,0.333638244177672,-0.126764684113715,-0.133307457275957,-0.519476492237585,-0.186193982689451,-0.164692740782761,-0.129115769611083,0.40008481359759,0.143028380497395,-0.616251748010221,-1.07092971761909,-1.62718566835776,1085983
0.110236965876068,0.510187462944375,0.83913079839351,-0.369349728613795,1.16576064017456,-1.05772886270409,-0.855709733452645,-0.623259121860081,-0.467065930314327,0.225292134623093,-0.726338009160725,-0.195297918221742,-0.155887420791233,-0.644245217858343,0.54294100088016,0.142709555362943,0.211986023926514,0.259570433299202,0.530521631219807,1125173
-1.53027357938603,0.0441565856017556,0.0239409512553516,1.01871905173289,-1.1304094285342,-0.745872278907821,-0.362257224951596,-1.48962582926771,-1.00111912908828,0.817889494321903,-0.490924059856642,-0.200758848093657,-0.845690533875101,0.171917651322949,-0.243058056182929,-0.136241703560217,-0.842096413564705,1.66913067966493,0.0499701170303663,1154608
0.884728474582034,0.769919787907309,-0.338667559133816,1.18909570778052,0.357647655559464,-0.260871187830611,0.683994691186295,0.00589367567066152,0.225630035628058,-0.289170487564419,0.386896107358994,-0.158623656508189,-0.704177972231683,-0.0296463060152168,-4.42075342294508,-0.39931882248631,0.601825215244116,-0.40166487152289,-1.17309088107763,1181124
0.245789447239916,0.072740298126473,-3.05487053953204,0.719349152391241,0.409803687887566,-0.493569692747377,0.0127695255047095,-0.186700654271927,-0.820366522618515,-1.07135789012045,-0.530084023711023,-0.205482990286255,2.38619050852052,1.4553960431536,-0.240706223553249,-0.230086326521775,-0.65710307684259,-0.276768884644332,1.29273063305682,1183075
0.0380830206982791,0.761206300343238,-1.45756891398797,0.742300362396041,0.436349853242305,0.247463139999426,0.0025558759959776,-2.58344488100916,-1.06680987102004,-1.1359099373495,0.048311153411236,-0.164152734412683,-1.05912039395993,-1.49404901107006,0.248160076404814,0.13171399815629,-0.415421427001868,-0.328772785244977,0.691529444298815,1232870
0.194384973611451,0.587059051524983,-0.8178637587333,-0.909849210640346,1.14380604126935,-0.328731869335855,-0.0243698198457459,0.283836654123178,0.227655302925916,0.726095874878769,-0.520328083937979,-0.165840310691287,-0.364276347554088,-0.152224497154168,0.234936869940076,0.118977335726934,-0.282401735259498,-1.11818520428519,-0.535652503899813,1279943
-1.02730961234489,-1.52655546141733,1.15506202808574,0.658110491238685,-0.198831727037101,-0.57155465257168,-0.206100669331595,0.645344633698898,-0.891717285818911,0.170867640357532,-0.638145366312078,-0.20203307190334,0.331949257348396,0.125270805312037,0.500169077285277,0.750587303728288,-1.09904819915714,0.761947911965796,-0.14516473156026,1329352
-1.32400921503537,-1.35326708521692,1.1778187271771,-1.47433947491434,0.101813601240973,-0.347794942894425,2.68788018463714,0.392162921189907,0.0972324932296192,0.608349608698512,-0.195971468111192,-0.152219133410111,-1.20887465759997,0.327626691167409,-0.47067443707276,0.0807200297707309,1.1106028161692,1.07491273717838,-0.40160395065283,1330263
-1.15899980052833,0.718312666393672,-0.0890868802584465,0.0201289940049174,-2.22534712567582,-0.453081316877284,0.603954819640314,-4.06770467320374,-1.1202261597415,-1.10886855233425,-0.706492062937471,-0.205562453090441,-5.0745791006973,-0.401288298797519,-0.768569440302223,-0.0764955265746936,-0.992572751897279,-0.0881839888987273,-1.05111550828817,1364384
1.10959173052513,0.595180683057976,0.237415529602565,1.33603403780399,0.119062772368045,-0.949200953752786,2.42047098690733,0.402515946812016,-1.12978905870675,1.99064569259111,-0.579329419997612,-0.204515944164981,-1.3967452266003,-0.234916780274646,1.41474381471141,0.508940400781155,-0.883588066573605,2.11552898891669,-0.485831311537263,1386095
-1.33133499214597,-1.47859182948463,0.322783306121462,-0.231409043906522,0.843414735736884,-1.01645536873273,0.311364067611761,0.619629751068265,-0.0189299288708354,1.44724876701257,-0.857679705066251,-0.205959904523075,-0.118376750493452,-0.79140743776546,1.01688486883927,0.371595675066996,-0.80684557683392,0.688201075404501,0.723081046540538,1458656
1.48871148548033,0.13758285970451,0.414909165200238,-2.8823284656729,-0.450672623274522,1.52249712399066,0.0298734589055585,0.355051837796398,1.95747773862546,-0.967221892966133,-0.166342701731304,-0.0904352154148386,0.105066583420122,0.16286813770353,-0.155204205366982,0.098743715170602,0.729547349248096,1.16841454845091,0.474865585893948,1485662
0.264573856819893,0.621178566031752,1.04874063081818,0.113239113887758,0.215032521034837,0.00439985223889085,-0.555010213278836,-0.794945250735582,-0.374337339601349,-0.775093467500721,-0.163478164456436,-0.13193029147778,-0.43862938133288,-0.259217167514367,-0.576135307487008,-0.109468964000495,-0.23448658095288,0.509328195252794,-0.09438134029185,1497807
0.101921375961268,-1.22462796273042,0.601554283253603,-0.677905298777402,1.41388502164315,0.184810346125768,0.610397296696542,-0.0310912845157538,1.60975788976841,-0.43230638793346,-0.488200169980019,-0.197360477080127,0.907070248049216,0.482681694626809,0.116228081622012,0.0967110649766319,0.761279467250982,-1.37238686951375,0.324508722718431,1501387
-0.3469936289353,0.763987502871389,0.77864826071343,1.30679326635883,0.918195339144616,-0.610518565542634,0.166681016815959,0.718336932767948,-0.541268234557712,3.14924126883882,-0.814305078765407,-0.20473333834429,-0.798996823526175,-0.140940609713022,0.638950301025833,0.125926132049421,-0.490333159049633,-0.800563975487239,0.59356536994807,1518948
0.610174527789223,1.22893830339706,0.50887822918207,0.73923812441044,-0.60499845065327,-0.845459439309489,-0.811571236371528,-0.163604182272002,-1.01096448204058,0.123263615457673,-0.532012883443323,-0.197393376287635,0.216992081834452,0.147675993803418,0.819775325234755,0.431788499492195,-0.957575977626794,-0.755921626236405,-0.325545616215046,1526417
0.293776462970309,-0.431484651069749,0.217947910184145,1.58244079293901,-0.321047341260016,-0.303999380689534,0.412726146793158,0.478759359905214,0.0125288986215957,0.171897455084738,-0.788696367865071,-0.205981366398304,-0.948278237575118,0.368579798296356,-0.290091119059555,-0.296546321191624,-0.85741611920284,0.38553775293807,-0.191022665536587,1565177
-0.597954027710163,-0.326087897624105,1.1987947872935,-1.78634661736915,-0.126611537306366,4.5711407894359,0.0281736923837504,0.54828536713439,2.34935597072945,0.356761294656375,2.32686064836745,1.23125344324,-0.353899425243776,-0.36253052649262,0.653787595456347,0.132038849910823,1.57690817851254,0.968795551121856,-1.1216880625197,1606693
0.18191369523251,0.981601398997939,0.220492536371444,-0.964318174419602,1.7761997463449,0.860260610172399,-0.565975910682042,0.23780047790478,1.22223411037788,0.307013168892115,0.343435304192505,0.41132853178968,-0.0890706553471318,-0.541498628265956,0.216587186987112,0.125274230608596,1.97842904727583,-2.58800347917005,-0.218684725739436,1612262
0.772784262955741,-0.0680807436603387,1.01663591739687,-0.388243919720013,-0.0604752509232149,-0.269572833182365,0.527794949639766,0.259812495460603,0.105880464705471,0.737035960231913,-0.437632317031697,-0.195400957422014,0.359704188966465,0.449850316127165,-1.08874597001253,-0.449548799275046,-0.300351991758357,0.403126424669479,0.172504631139995,1614566
-0.688028320820781,-0.393200661608183,-1.25276267615555,-0.403188343015781,0.446900534068385,0.55605785447265,-0.0741530680864751,-0.201204049325703,0.763056589544957,-0.381959374378706,1.8127717562691,0.307454641177656,-0.407150038104152,-0.406203849862119,-0.0647049519575621,0.101310327117946,1.82885326685377,0.136391888137994,0.235055312290653,1644034
-0.930191951708168,-0.274067857456754,0.462995453444021,0.0751690594689192,1.02525958798734,-0.608600245919729,0.0138585081980317,-0.0239021357501523,0.0170364564268119,-0.875772184864588,-0.748073157540133,-0.201204306960435,-0.53681511373116,0.0490277950475726,-0.338635322268538,-0.10729190034991,-0.557283117256019,1.02383280300872,0.360655247932148,1668599
-0.188711684489909,0.361794897207267,-1.54417771368419,0.739812561840675,0.530747787514559,-1.23796807229611,0.605264454558327,2.22355439281466,-0.920968950576064,1.45314618815711,-0.97643105912433,-0.206590368090223,-0.484341147804552,0.442125921545856,0.39838023856944,0.223821390780705,-0.939154538122328,-1.76790407199952,-0.586103505075943,1671370
1.90831193190425,0.988036287208817,-1.75121649566268,0.29698708961776,-0.167188180681771,-0.983136899654457,-3.04913233419404,-3.7400410078126,-1.19830930545113,-1.01276459228816,-0.792524441264373,-0.203075311400467,0.703421633200906,1.38602283108855,-0.104381924653826,-0.487570800899303,-1.26437488056643,-0.820436163829071,0.929489194802836,1684230
1.93546847178044,1.05344868287206,-1.0506999067513,-0.0221304853305139,-0.587735887921442,0.419914518809449,-1.23188301422782,-0.923025751805949,0.255117268313463,-1.15333474890009,-0.200501647904007,-0.137673896926367,0.594024598137599,0.22622474011197,-0.0738520040594644,0.1150420174341,1.43292708717859,0.501548829579513,0.782387700025602,1692385
-0.738266564851998,0.170567091900916,1.24570741487421,0.317807099744959,1.16241291309654,0.0581313494086501,1.5473598947153,0.936740094444356,0.203799982445945,0.218116282765278,-0.0457040941406624,-0.195421040165443,-0.669222453740588,-0.148588600486013,-5.73548136926357,-0.959402254113999,0.355532185630064,0.481137887177788,-0.126923172368416,1720713
1.39106339964668,-0.157409095352992,0.57031149909353,0.867465244735397,-0.441492691057573,0.0486165964973739,-0.08564692685372,0.539711634238409,-0.61230745439358,0.0555419375804004,1.21997517811154,0.253123423315915,0.19637742748964,0.222674360156563,0.368807833162851,0.143121665855616,-0.0922191174208007,-0.3832893992481,0.089958718013401,1738800
-1.09412979827287,-1.95179714890544,0.077251900231545,-0.40322077050234,0.778173905435884,-0.705237676276511,-0.497845196721682,0.520365442729286,-1.03853927053292,-0.0973479892028671,-0.319892256802171,-0.124710226848518,1.31459581837412,0.432642108589705,0.337531211604208,0.163141766941297,-1.12194910245367,0.944559791303253,0.112884000624289,1740845
-0.135972063249437,-0.0837048757951125,-1.11589413742077,0.786448358917902,0.112079923348194,-0.336020066708379,-0.958707841493169,-3.0186230291552,-1.12865361414889,-0.610327262186615,-0.662419844322869,-0.205130891428582,3.09739584146602,1.21443418429278,0.740540273470936,1.06828568265747,-1.25492618195439,0.00195833020717315,1.71162447903942,1742294
0.412092870113287,0.975763191817161,0.403462368115632,1.03402357021882,1.20316454171625,-0.837510069802624,1.19178962492748,2.04462527573346,-0.944902854340902,0.58018507195357,-1.10575881623787,-0.206741570298583,-1.39494396505313,-2.43996042421218,0.973261470993362,0.770115474416939,-1.20775488039102,2.13747555928991,0.652184996642091,1767700
0.0912739448687933,0.445860719825711,0.504805967163295,0.39902920049457,-1.48603305500567,2.45029905372872,1.10088680085054,0.732091668094069,2.09712227339776,0.253448151695443,3.96146936489801,0.0596586646150208,-0.498259956293437,-0.269668755700944,0.165766870807527,0.0963621389411172,1.60884471401668,0.407783337045653,-1.04062507933196,1768972
0.0159354260065862,-0.176778752654652,1.21003860114418,0.385034842931383,0.356473554023475,0.25269594218331,-0.496509405618022,0.156515267564789,0.330465034437074,0.00194017476244774,-0.618039437344954,-0.198436814703964,0.761696793805225,0.0488826734714125,0.182029921940722,0.139132794884308,-0.345070934898017,0.0860258842001409,-0.390826093237965,1889409
0.289934607820188,0.895297303683085,0.0958900875904711,0.0544045032704369,-0.279221591807962,0.486594126964062,0.69878346332551,-0.0595337681923662,0.468822262681122,-0.113310697727315,2.49198475633769,0.255106781856086,-0.412070608315196,-0.0424430116909061,-0.880066915814705,0.0326363094472418,2.1001371413788,-0.416997878302542,0.137470562255763,1915938
-0.546195694857945,0.0775711439154527,0.215128462745281,-0.647238924934094,-2.35274276343549,-0.752837543737474,-1.10587862411979,-1.14009953637143,-0.843373635275493,-0.0266472267535897,0.0687016458117037,-0.0891818280494304,0.098603928566032,-0.0828287216138496,0.0312785481325562,0.11723850130768,-0.019866718408514,0.565336171063479,0.0547738954482614,1916742
1.5968457305988,1.88819837709185,-0.0998862122747357,1.33210590344976,-2.65113503440434,-0.0863651985321652,-0.12747887391786,-0.399706538040086,-0.396130296088772,0.252850748012944,2.22888268928653,1.17646129299304,0.469953401486906,0.650565327464677,-1.52622469498117,0.0847168007564953,2.16564044590845,-0.150760602071964,-0.394096232870127,1919296
2.6312270554222,1.68176237734839,0.705180875546808,-0.917574006264431,-1.63512107873723,-0.283797695259663,0.463614973410403,0.375281395600205,1.84322387164806,0.894515106016878,-0.656488634972128,-0.201986876078703,-0.377502376393161,-0.106598239364691,-1.16484392282465,0.0803381512583813,1.07500974455751,1.84082142236662,1.33891684412658,1926770
-0.745055265703908,-1.14214869593203,0.165475581123207,-1.2645610412914,-0.663316119078597,1.2717591440971,-0.36951803745259,0.182680875561563,1.03016059938428,0.00585804133211064,0.429233068843222,-0.0772601417007767,0.403923601968743,-0.203359933729866,0.678860150025817,0.120659997605826,0.369795905709503,0.488776290664378,-0.99947525137609,1938156
0.25880078949263,0.607548373435001,2.03236352832421,-1.56172710009828,-0.668671680917674,0.982357729225624,0.60200321070455,1.2346602763197,-0.424087150945934,0.466649471228362,0.743248391075263,0.321702757559176,-0.188342617085021,0.0837422915141119,-0.191495296894348,0.0801068769074576,-0.127224028135451,0.401445970854367,0.222515361129356,1938561
0.190540192024246,0.398369541925075,-0.998803083704979,1.22383636149877,-1.4379989608288,0.439663749020005,-0.655578629173217,-0.495097717673849,-0.292843828219559,-0.356805283751049,0.368981119714234,-0.0183964090904897,-0.03809854495986,0.93638025507765,0.755005666578068,0.106861177317556,0.0118155834747124,0.343508345935993,0.431244414172449,1966316
-0.0258186162563614,0.896644908920807,0.675136158400435,0.423481762287661,1.0344994874175,1.27577543551808,-0.222163650165365,-0.202114497290622,1.44076973694798,0.117980548071161,-0.197318185252157,-0.165308867490585,0.0608489198981089,-0.178112888846181,0.489917339398051,0.142100815193249,0.364619010973017,-0.222218392157719,0.531537589505056,1967281
0.322737743006494,0.615237989404406,-0.864479671832283,-3.2863057073527,-2.58394090161356,1.35862835498695,-0.819597294186984,-0.140183090118564,3.16062789064021,-0.476159212707457,0.704413261176258,-0.18668039963224,-0.306716811945478,-0.37327637207543,-5.85715529352866,-0.0305429266328796,2.52548550204298,2.09992079389321,0.371236557418518,1973544
0.744020592765772,1.23997102191005,-2.623378169291,0.0890547481008788,0.42127380701486,-0.767662371400083,-1.19353122999339,-1.12071582640222,-0.494643235131388,-0.836725727525361,-0.406203776644032,-0.194267538671808,1.95215855725786,0.812633100891297,0.421499270603723,0.180343612990294,-0.732570138128954,-1.26978538696454,0.555116190703477,1975401
0.772545774280645,1.06323191314412,-2.28426188366165,0.707595690647445,-0.494358056239774,0.305265681569131,-0.370944209707143,0.731500837821317,0.186613450609166,0.413350042410701,-0.155338952576264,-0.116846177248436,-0.199950772318728,-0.226542249403075,0.328903411428594,0.111086803142592,0.264952998734072,1.13930513930275,0.59137557569158,1976407
-0.423968132246897,0.521505263622972,0.89015751177685,0.928763481550338,0.193542693932159,-0.126826097499493,-0.752268642134619,0.18848477440157,-0.347996919950909,0.559986339813016,-0.496389745899635,-0.19820871125419,0.999717459223331,-0.391773094834465,-0.0324222707540798,0.0944467264796469,-0.569133349466418,-0.463871903952871,0.633442719448971,1978972
0.0885969692634228,0.144337727840391,0.718313272703842,0.473554265143486,-1.82054683089248,-0.654191554986896,-0.396356329551284,0.0563594414383572,-0.961130007757106,-0.337872707746359,0.147936158722879,-0.0494409347260418,-0.262087721042546,0.101570024353889,-0.369311079021058,0.0876217721120434,0.0516300095226169,0.500167603178776,1.14907382055468,1979045
-0.458630654699304,-0.54527702175387,1.29660799597151,0.694434643146823,1.4486481692175,2.34961109469533,-0.654679200140041,0.282529644132587,0.584101283906493,0.145391554088315,7.96790534486137,13.2891207470805,0.445019247312894,-0.40989073789164,1.360098702863,0.131816312610116,2.65678938846358,0.699060814615869,-0.232212475282244,1979422
1.13708351213632,0.872809634913448,-1.4896829107974,0.796958126570123,0.224087415637029,0.77420423128416,-0.121740037216193,-1.74706314284128,-0.607252789176346,1.22608712737962,0.759601535628401,-0.175861520834568,1.03181534202193,0.138825594292033,1.54158755735106,0.261673212995928,-0.491666376680863,0.955319176958385,1.02058310463531,1980052
-2.36575099412226,-2.12274553057937,0.463641444550959,-0.228453198810818,0.0584272578658521,-0.54644382820903,1.34118664616028,1.30004748455838,1.22971619621732,1.89793513989811,-0.818337732271961,-0.205559187920584,-0.462203706529389,-0.649065354530594,-0.320769384471243,0.0793813554791305,0.275317914428666,0.76252597407393,-1.02042821876811,2001182
1.3713328971481,1.43192848139838,-2.06849038743768,-0.0470836328132554,1.3880888565207,-1.19702674570543,2.6368477983628,2.41188835315937,-1.02657376354105,8.67849382874219,-1.11633311845688,-0.206753359467984,-4.73576161233265,-6.62749411042054,-0.468151547336176,-2.13132442970843,-1.31935673409936,-0.625256950906135,1.36569169923983,2002465
0.837167771071246,1.53720244407867,-1.09949040544249,1.28071089316995,-2.42016435690879,0.771799926853211,-0.127407408176576,1.00927448835562,2.7899246587223,-0.0323147339045529,0.320191562897872,-0.0467346232826487,-0.357282798258622,-0.0453166776368728,-0.130249617244979,0.115572069249718,2.69392628037596,0.793843170879443,1.0326546595633,2004451
0.963881205686235,0.396536847454253,1.42662778036781,0.327429316270649,0.329001432302967,-0.0523526328133829,-0.956277658007086,-0.887964903802174,-0.696489344114011,0.595375531019681,-0.0272727876406926,-0.130911942157931,-0.300887348217897,0.880213563039633,0.684860301553043,0.109267713700326,-0.605255893611412,-1.23866513067521,0.295820412168303,2006164
0.554009411081868,0.381849312630835,-1.51354850238588,0.097395308072548,0.379954851564535,-0.00096192618010279,-1.08301702756873,-0.264388878970771,0.114334615636586,-0.713171616718881,-0.141300505833769,-0.142955714641088,1.19313077189385,0.0383364366428072,0.262681852766208,0.118843565089765,-0.113107213009563,-0.0294402015000558,0.366385665057413,2007309
-0.735755149885467,-0.454959191544126,-2.1346334406085,0.245028066623175,1.44492408498699,-0.611971709943556,0.12225565226691,0.1761339132726,0.155104104950503,0.00403756528045334,1.07448130839776,0.363138999112171,0.0921472595659105,0.13731962500445,0.216319357977255,0.117691270698993,3.06390771965512,-1.17588039010183,0.0570346724172319,2009915
-0.72105282476082,-0.537304173243471,-2.15226170184811,-0.432001958911581,0.532299910587367,0.158048709618787,-0.33872119061593,-0.0225055493114361,0.298385135137984,-1.07674433176616,-0.479619048268973,-0.179415778282906,0.852554842319558,0.550047974983795,0.378017948842038,0.176225033517852,-0.450136661856833,0.0588688302143308,0.528758004319792,2010259
0.0194181416003223,-1.21484948530821,-0.760465467972749,0.354281693107885,-1.10039977664576,0.452350721141475,2.64030006232988,1.450972463137,0.718501376082583,0.811009236605512,0.251236136160602,-0.189032204257561,-1.39376599858853,-0.348509780821052,-0.861419156486018,0.0877755511028311,0.946285651147896,0.916788891907459,-0.703464283609882,2010554
0.573570743007731,0.555742099151573,0.116198345359894,0.4798962305992,0.685716414024179,1.18035218496791,0.991020939354711,0.385351728172885,0.10108609649269,-0.715990172135789,0.163168982147656,-0.17223247225401,-0.263776571939989,-0.572484938504042,-0.187258811260348,-0.26179662596792,-0.863158110394617,0.528052271132838,-0.0496383515579894,2026671
-0.787029204113422,0.32597375633292,-2.3128505389176,0.59983195490241,0.843018818857289,-0.869947157865978,-0.717265685989546,-1.13492468804842,-0.398722783588112,-0.880308333057052,-0.623261428952079,-0.200847635263462,-0.0641627129429613,-0.018215356462939,0.617230031037068,0.373154547915881,-0.666810566475571,1.18116123477322,-0.262370758611246,2033049
-1.60536748825553,-2.24735505791471,1.07800282280867,-0.435532855236329,-0.510897719617503,0.546105455956286,-0.207416418691682,0.213524108816948,0.17228592305323,-0.14134757328785,-0.206626270922414,-0.0368340498029556,-0.177214112357804,-0.577250340675164,-0.294774111716928,0.0330338820362177,-0.132140299813586,-0.783423681202564,0.552489300364838,2034136
0.0381680520031966,0.561553391744609,-0.58060476572299,1.40288742226316,-0.38409925091435,-0.699113994289044,0.706323099742748,0.616669805486689,-0.34883263324328,-0.331582500124728,0.238268520023831,-0.12596008698776,-1.60766107191207,0.30094188109296,-0.620519296510005,0.0284390781342116,0.943968432631826,-0.787636152047822,0.283689108126854,2040495
1.80360557797755,1.46682733002729,-2.016103453781,0.222152034762966,-1.105674035518,-0.196896861440292,0.10621048471964,-0.508252175632951,-0.459292566079774,0.0547953085127277,-0.67607567313328,-0.20522033953359,0.624894583758697,-2.33534123739642,0.726814531590146,0.910852288166929,-0.465030901053874,-1.46667775098211,0.225695192177643,2047354
0.672066149730984,0.853046777943969,0.456116126192079,0.00136536796423822,0.121099117867611,0.133581386561793,-1.22407822621338,0.00920501717007581,-0.251639259178788,0.190869175832656,-0.260747677167413,-0.165555451629518,0.494697231549891,0.479699929467976,0.290887649101043,0.14755796612803,-0.354445628744664,-1.03338115362202,0.67696303961928,2051378
-0.113096627744873,0.598166345644935,-0.151904981873836,-0.430446795598511,-0.51159973885557,0.823401519329272,-0.734185757110825,-0.500590132319992,-0.291680060431309,-0.52740566265992,1.19688113363931,0.632521820277241,0.484922861383003,-0.295960284021016,0.256029253139146,0.152751968047914,-0.43619640113069,0.318222185651768,0.168320410941464,2055667
-0.851944136499294,-0.391452994103625,0.110477614750152,0.478880879206113,1.20275582295346,0.893442281554448,0.227596065869854,0.302081854274613,1.78445903911371,0.348563573070549,0.642363794516802,0.101008996582886,0.482461606139006,0.023045087648452,0.371630322284017,0.0967659446416218,1.62699467772653,1.13734129733594,0.0256905010813501,2057358
0.491287279954209,-0.0715237590413234,-0.58602636927428,0.375249759012782,-0.820534902279075,0.161011200724157,-0.978150630874961,-1.10796789940255,-0.977575048382347,-0.349720486940195,-0.0196656542845488,0.00741778544346777,-0.505955662841725,-0.821580892148404,0.110295991313783,0.0348316954232252,-1.01486927309843,0.999690484670778,0.563777935596998,2059713
-0.307010923136053,0.405050789297331,-1.21844521848342,-0.167593486098748,-0.340467393248829,0.613576875198546,-0.73578190338891,-1.25510713039931,0.395840527688359,-1.3757285775656,0.0741645990379949,-0.194341688828858,0.532970113797024,1.3848407028431,-3.45150847484773,-1.27581648220871,-0.251335338808631,-2.58444094520872,-0.399313985012705,2069079
0.61539234332064,-0.161074883238401,1.06349849154363,-1.45259336930437,0.410343412766317,1.33908141525064,-0.92411628053755,0.0624900477898486,1.8417623407847,0.0520994096002565,0.157605549674858,-0.104140722941983,0.439008911368441,-0.0067043693554822,2.80777698022445,0.224794301485915,0.798718549473996,0.548701363526887,-0.133771971283831,2070958
1.11858335752198,0.986489473169391,-2.54005365418742,-0.329294273644576,0.773558647362254,0.0387171394569625,-0.262583960240672,0.0256751353002568,-0.421719503792982,-0.530347276294707,-0.414536440060945,-0.169503875765033,0.557902569962052,1.24103792947,-0.0081776012028396,0.0173549021819919,-0.712984621705419,-0.125786181193233,1.38700857848306,2072215
0.407357725032208,0.471591904356455,0.957519708382868,-0.510375532953131,0.00608116107555063,2.10606501486083,-0.270251186280628,0.191646150027404,1.86334666740555,-0.324511183031611,2.06319639465657,0.523140303085492,0.0113407115887502,-0.036136254006237,0.551018792402441,0.136126322069668,1.23660738838755,-0.0389924443997837,-1.18863678749729,2075832
0.689397887473586,-0.220253037966123,0.674303599239346,0.14770156683656,0.718597191541893,0.00117790333774839,0.158097412494236,-0.249076884625517,-0.679876390484683,0.403606304324084,-0.29169161299267,-0.106550717946314,-0.0223372599759259,0.367124206818641,-0.298173014849225,0.0575502324855762,-0.440205495498759,-0.160738295370898,0.139963157203579,2075846
0.830367759821809,0.798090607813815,-1.9797259610397,-0.355587169561597,0.768299867988861,-0.980496383771447,-0.59068537672574,0.954732580325507,1.16354743741418,-1.57626723102791,-1.03299856610511,-0.206575639745874,0.62297370106122,-1.22452571164265,0.413445546727799,0.191139138331662,0.427153392913406,-0.199161819699412,1.21197581798324,2076301
1.33738378148429,0.432713470004761,0.986490644089223,-2.13697522898899,-0.210649993301598,1.15069710956577,1.06118127519927,0.816110453642511,1.34307766458766,-0.0317290133880062,0.938394422253348,0.00893281704162403,-0.362621997047557,-0.207470196074473,0.215631979335666,0.0936254571995599,0.686380627847462,0.393526015938304,-1.03048446230634,2078198
-0.574939638915414,-0.292412637238788,0.72507861426207,-0.240157194589115,-0.0640488139545048,-1.31828139420145,2.54315430858849,1.95247716659787,-1.22564797925633,0.9387847977571,-1.09331697283254,-0.206749647856261,-2.08037774153877,-1.11336041547079,0.240158153881143,-0.486987137394618,-1.45230132363465,0.882252591953804,0.858154948516571,2078899
-1.39333638065901,-0.335842189722109,-0.0242833684043069,-1.17408263931299,-0.14807811813415,-0.207386034455756,0.192294098724994,0.661223885567397,0.151577787124329,0.000677276968950179,-0.602664965465867,-0.205465492703358,-0.581268605915068,0.72341110783772,0.112675846134703,0.0674231175553106,-0.207765775329624,1.44685520248018,0.135024503038251,2085349
-0.320245546003623,0.151176186604007,-0.575514077193855,1.59122957817328,-1.00173469860634,-0.458381734788644,1.48679204371942,0.890872634332352,-0.538460321406193,-0.488146118656872,-0.506252213753505,-0.204097689220049,-1.64869455668762,0.289725665052759,0.0541544265369383,-0.0105211578970852,-0.687330867525703,-0.451842316478777,0.058336415667445,2086044
-0.933956121053147,-0.843012567412313,0.395527449001125,1.79501494656051,-2.20678313749925,0.300537102171962,0.149789294994673,0.973739414214059,-0.539133151158771,0.279739124841433,1.7741997932631,0.318807914860228,-0.214989523614959,0.0070120547727908,-0.232632020107071,0.10170758852983,0.972495231599549,1.16950835825113,0.394631179421148,2091555
-1.11262817211462,-1.05430590594682,-0.830313309202238,-1.21889324646808,0.0405885443628634,0.950841499301197,-0.299288014735917,0.671223553874953,0.645208834763776,-0.188374603779829,1.01523629608003,0.168143250476796,0.48245355038702,-0.117457853566462,0.622743616281631,0.140850956267735,1.08177985471092,0.715915481425533,0.451895748055143,2092954
0.277476255157401,0.680600730474128,1.78000576933634,-0.201836108504424,0.763144730382538,-0.763905782088757,-1.28257866912315,0.512194587916287,-0.280733569863821,-0.224365851849702,-0.360569838189796,-0.15415538246604,0.303934257376459,-0.274295428646402,0.133834520008929,0.0634828829366423,-0.92323472086413,-0.386537950503099,-3.04107907521578,2096627
-1.06148615610584,-0.25404847276361,-1.58949146725005,0.483789538059094,0.211013908197519,-1.13364610482624,-0.115590835230187,0.825718850297186,-1.16961772770823,0.227958797723917,-0.969928252297282,-0.206680026753983,0.920802678309612,3.40373904323846,0.0523445925727528,0.857203566092847,-1.35819535817868,0.548493021818277,1.38533963835058,2100050
1.21519796489238,0.480630620418495,-0.0295317825990998,0.278749134333854,1.68053834802942,-0.51044399943194,0.609818761420337,0.967824633479043,1.34413824413298,0.363980576200804,-0.3318868936719,-0.180285684502479,-0.150182332641299,-0.379051156829765,-0.115926875238611,0.120364240972004,1.55115180424303,2.05432139765456,-2.41044727819844,2108003
-0.86467761381537,0.155959169513804,0.528090454793792,0.261854544579228,1.22231325413954,-0.202335712178645,-0.415854566862663,0.041883541927517,-0.126092624212366,-0.389539483864135,0.153551093417811,-0.0840039446504936,0.641440542924361,-0.664086693303442,1.01625444693458,0.270149278065313,-0.0581937419092632,0.479784870058353,-0.692776889908,2109902
-1.18073458850259,-1.32541726270235,-0.262386878630458,1.62822453603438,-0.500540802271689,0.13763658908211,0.454937105248864,0.721811861951153,-0.128128109330804,0.69958141515428,0.494393042299477,-0.0345733698500288,-0.0529537778042509,0.269351341534103,-0.0613138898160699,0.0898530324557032,0.520906159414047,1.37374818454136,-0.702483096790308,2110540
1.05434255805041,0.247513067510685,0.164404782458828,-0.84305469270886,1.10153472065002,-0.873647595531777,-0.249922097247993,-0.0276186406296384,-0.89802472431325,-0.907919079924771,-0.93587638498237,-0.206129165023764,0.908282035023037,-0.47680703292087,0.749438493313946,1.35006886138315,-1.3305727651451,0.0865242245049286,1.14352979157311,2116787
0.05880241186513,-1.15696745367864,0.33238310733049,-0.351314627451932,-1.57132888894925,-0.450258332695643,0.106690875327384,0.0763027072996812,-0.0937389090177596,0.268906587103807,0.0355702656924946,-0.192198998296033,-0.0832578458001882,-0.587227068539119,0.595415973427889,0.173886282831819,0.0113576788412912,0.114041981663659,0.0128646468391976,2119177
-1.51561653004149,-0.836373055226316,-1.02775598461434,1.08091090723062,-1.24386459358942,-0.253070059515152,2.45810990040904,0.976547990353764,-0.425623060316393,-0.211480714642906,-0.05532017642691,-0.190776451029603,-0.553986558031428,0.232826363988158,-1.1410689220753,-0.662102212823523,-0.11096961477966,1.23434073868015,-1.16537837545585,2131601
1.07177196058022,0.637512826998807,-0.318812372114117,0.57695276071309,1.07710143319652,-0.549373237073285,-0.379778453565371,-0.606807574018061,-0.483221317342401,-1.70352603247057,-0.959114132848346,-0.20665727116832,0.290006471261514,0.0600218959328619,1.39607288071819,0.760535494684316,-0.986651581973834,1.09732010299448,1.11354421950224,2132424
0.484670084367994,0.213263374011821,1.17538161896757,-0.765095443779121,1.54399851487372,-0.632387692497951,0.112649009879577,0.966508914167261,0.698634265961465,0.787181001194754,-0.344974965609172,-0.0534468997374706,-0.345389175999033,-0.299583376963325,0.275462828967417,0.106792648456851,0.134655113374583,0.305534806234956,-0.73031560227007,2132982
0.520582485377566,-0.397597876564825,0.480711027795711,-2.84416291242264,-0.17689814175944,0.121077983543236,0.714001329814765,0.105621845335431,0.229277867305396,-0.587077694989747,-0.234266744971067,-0.088454588960872,0.425566325069769,0.390733459210598,-0.205288641753282,0.0518517206438173,-0.0993024714514411,0.182952317644857,0.353569210267241,2133204
1.69038091850313,0.943470020120178,0.437416454508074,-0.354940810512995,-0.14131018642944,-0.257687474555411,-0.302772363448542,0.770510301312127,-0.801565058912749,0.850145945564815,-0.902716437534807,-0.205668959684235,-0.720631603008569,-3.90457592224412,0.464778820471716,1.41946816258235,-1.38591237283648,0.160769478849635,0.557519693421855,2133380
0.321568679334588,-1.58152966817616,0.502096004305769,-0.549790179402876,0.9954583386854,2.11396550216361,-0.239261971793723,0.0413501859768451,0.485503162854724,-0.400089460829805,-0.927342673721892,-0.206207412659939,0.750423000487545,0.158581381800711,0.21125681590117,0.119452961365576,-1.35732131471112,0.315890521154749,-0.212492999881696,2134220
1.95283575640818,0.78023274379508,-0.226083022430255,0.712223003169905,0.462786002684606,1.12228252343987,-0.262595401767142,0.525788002861242,0.231611551539253,0.333864130576921,-0.110297877743003,-0.187593629456299,0.0457615223421252,-0.558289211750049,-0.200357514630575,-0.356874824614907,-0.554541765346025,0.232672456177703,-0.343852503093943,2135748
0.153715998396412,0.258701141647355,0.714636379844369,1.02056535156727,1.15536333511358,-0.656538907676126,1.7019948715218,2.07082179822157,-0.814736232569703,-0.855308321851998,-0.983545241591879,-0.20675830822252,1.51997599279669,0.720078714644196,0.964111435739063,0.924395537978546,-1.22356365205264,1.0510336126663,0.314393065004873,2137799
0.746964923416172,0.335092524351049,0.895854595715548,-1.1458546894383,-0.159897020108845,0.929249817686801,-0.502348842083679,-0.232931818516015,0.783115003388161,-0.151655897300456,1.41449001671021,0.251873112965414,0.825609147008746,0.141854769383718,-0.442042165751576,0.0379360635631652,0.647611514812818,-0.280901653320229,-0.107066174389268,2138375
-0.600340881406731,-0.522194013298777,0.0545641598633804,0.86431873528126,0.582660925425429,-0.276404119535844,1.06970403725097,0.555084503859679,0.142511298233685,-0.920569214767717,-0.384694617404523,-0.184357000449007,1.40908793752389,-0.259814747649131,0.442700651141144,0.110986893886945,-0.221090028546362,-0.0468657526021839,-0.00491715953378728,2138678
-1.41653466405885,-1.46925031654034,0.856641570743824,0.955408152137589,0.913414199673264,-0.688703904256274,1.45133917953351,0.757995636565783,-0.272861925344222,0.681998094174514,-0.643407829926317,-0.205146550203783,1.3665760520625,-0.739331888095117,0.301274581438467,0.36177465357803,-0.522431453182439,-0.504911096789767,-0.811340651598792,2139733
0.515658206151434,0.0667535404220379,1.31896058908769,0.495431295841086,0.908022721784274,-0.153193103446739,0.468732278498991,0.903460770480402,-0.622629284995471,0.859080833635002,-0.680471060910061,-0.201749226341102,0.235197169581315,-1.81108783128125,0.330493922203222,0.198816851652423,-1.15243318795866,0.0540871928043283,1.25419896209552,2141116
-2.10026604741102,-0.606920298451528,-0.681746741067889,0.425902042386367,0.510226025330362,-0.888248827075384,3.59710936091408,-0.871252508191566,-1.19761052207653,-2.7029885417384,-1.07874556809731,-0.206759422101677,-4.47348722382832,4.80707153365378,-2.03795859115016,-12.8607424383787,-1.42613358337699,-1.74052482261183,1.21903636823081,2144796
-0.0187351130863735,0.98007114641339,-0.87640466209826,0.864270862324785,0.705695464441278,-0.50902864733801,0.282118305344367,-0.360557347526437,-0.162817783360519,-2.00311266989442,-0.8817261927773,-0.206019681860433,0.326505531858733,1.37759451695848,-0.549536651362618,-0.263053934990959,-0.918722698123164,-0.552939547297507,0.571152807293798,2145166
-1.40268762375496,-2.03093664603305,0.411802702253048,0.389226307584923,0.189093535512935,0.524433452297921,-0.254817031571475,0.141359753089543,-0.655100912626747,0.779266297887861,-0.585565995765853,-0.194795587176794,-0.681080052151149,-1.29834328149003,-0.00195643223377017,0.0424551746635276,-1.2110941160479,0.809244100922429,0.825720187038148,2145694
-0.644654846043283,0.370977226580274,-1.01256801322898,0.109293285916793,0.722076069693219,-1.22964075243049,-0.768035673484488,-0.155775258288108,-1.01016538988954,-0.536315845353394,-0.770476497625585,-0.205238800266324,0.674243433055001,0.494513212452035,0.810303271666275,0.565178759948516,-0.933830993728864,-0.880416185183363,0.0921043612798545,2146138
0.47829054209541,-0.220209299496303,1.10435352835943,-0.204582791613552,0.801898822750635,0.494347666231521,-0.743806540786184,-0.620740184633399,-0.788686205331166,0.363906973371177,0.51593351455716,0.0848712520845252,-0.127971661603988,-0.278512515538747,0.395631873503322,0.182801926609999,-0.476393501914004,-0.477014831908963,-0.967746507014027,2151024
0.040989585680241,0.740002509855644,0.474412347948243,-0.319816544361216,0.613579893042075,-0.481575124824589,-0.731058183882119,-0.847330953969974,-0.726359780117774,-0.520402904660986,-0.0435798976518333,-0.0565366541359067,0.329420480268299,0.854239121938997,0.153766063126415,0.0982528073468744,-0.221264341961195,-0.258593966990544,-0.524949570150975,215131
1.50157128550633,1.64051397079807,-0.956856147482584,1.14035884651166,0.707264684985596,-0.435505762717397,-2.21344049571853,-1.39457618458482,-0.197116405691132,-1.18180775135467,-0.523239178014076,-0.203321185271966,-0.739910145440607,-0.952230643380171,-0.526128930361384,-0.745068840746293,-0.559570385224047,-0.306868187633561,-0.42172099420272,2152442
1.07992437436865,1.81677750798696,0.317883168904693,0.0288655134589155,1.53007175513486,0.362978950964958,-0.0602343588020503,-0.888260300944084,0.744006160113664,-0.440519062186311,-0.287937539913258,-0.183059685265357,0.392831613483014,0.527761958169534,0.0811296336490593,0.118590522258706,0.0959229873431898,-0.908075154210621,0.450164552384648,2157529
0.276692044401108,1.18358363346311,-1.4676071706409,1.36642652148048,-0.745429156297575,-0.835416368253283,-0.789255245805468,-0.356380472247424,-0.671142031974442,-0.117797033452912,-0.61998383707274,-0.203496525229446,0.398056885390329,-1.33667329900752,0.115112712163871,0.122109828863216,-0.394626797169168,0.614866806394682,0.868002673692456,2158101
-0.0809586466765516,-1.7725738401703,-0.153695851841735,-0.0483025217551303,-0.978784783176096,-0.496510977767483,-0.364313342917876,-0.178578708415538,1.5839577968797,0.377758320676787,-0.27576451969701,-0.192589389889988,-0.20013625382782,0.270258846031273,-0.0621521988464927,0.100909941852247,0.881140777291074,-0.443464987845971,-0.376085571076266,2158329
0.730546047884964,1.10799966947551,-0.854112648745252,1.73647621062354,-0.284351847399458,1.96751884436906,0.607719752356171,0.951302943211392,-0.416475941413626,0.48696666419962,0.989496320643649,0.201666777980945,-0.728243483376836,0.374860967554185,0.180044065048733,0.0891850532753676,0.0243804501676949,1.03492736613586,-1.00260967146642,2168082
-0.614386350214139,0.340194578398456,0.792403046818416,-0.680472551415664,-1.49220879227593,1.11655355152729,-0.496267120072342,0.608054091503228,2.18486337040717,0.272470611082887,0.610001290070003,0.128886662825328,0.520072834982397,-0.562983527559173,1.14271271816032,0.135393116125327,2.17893020946864,0.21311706914373,0.409280497063549,2172217
1.84471433971048,0.789611343930685,0.701169632724574,-0.761930321458624,0.709134987463682,0.389914367371718,-0.655233691818932,0.338782213998281,0.186461668213951,-0.130572592159565,0.416906660928426,-0.0705057556683631,1.60336519237807,0.968014703996468,0.167140151516708,0.124419362530333,-0.145417754520149,-3.28749727396712,-0.879465840536569,2176530
0.641832617827391,1.47478962346561,-0.105410793474296,0.0433494688258687,-1.69750397500706,0.400402655603353,-2.02436265984537,-1.82466463421751,1.36354628334283,-0.746134079336949,-0.172617644993825,-0.203801888631142,1.68736574492252,0.342034040870066,-1.50867504528623,0.110719487447711,1.63054170070992,0.760574462843607,1.4474557835091,2176784
-0.249843916903344,0.583125365589848,-0.921489406232575,-0.668139441053907,-1.07214770767577,0.00380773673190332,1.25384585520765,-0.705139121255184,0.0735846807396774,-1.23670001860659,0.848032735300259,-0.201626968167526,0.747799004359416,-0.245520605332281,-0.255626881869268,0.0873884506196472,0.463285839943762,1.28698869759184,-0.123219776532794,2181724
-0.782619350438521,-0.00576377371133829,0.659312748614199,0.849179160335553,0.421226181312065,-0.223744284900321,-0.126972829863494,0.0285014179937901,-0.385659150334823,0.264465935123585,0.10099776771935,-0.165199205742265,-0.240904404254159,-0.0704857776991717,-2.7511096022416,-0.150414276198274,0.0697523516059658,0.433167179722211,-0.608929851058362,2183291
-1.60472842305683,-0.365570280352359,1.47597512727498,0.5777769961547,0.606898941051134,-0.912006129479951,1.39458744993937,0.0594465719004782,-0.483418402920698,0.39199392920754,-0.275017338307599,-0.18831358767632,-0.618210944803892,-0.566224220962832,0.149263420659014,0.130192985877833,-0.504096372703374,1.04847720449516,-1.28719911602347,2183356
0.918680190283863,0.693896855454185,0.793402315289796,1.0263356424294,0.659519421180379,0.973102819001432,-0.0157249999665669,0.22952248404555,1.46408615703654,-0.0586361145263978,0.558003275894784,-0.0551913536046696,-0.363686099950879,0.0423862189807795,-0.421752613746629,0.116682788426578,1.11486556010423,0.93821671490839,-0.567951123428513,2185290
0.691504497275789,0.595221046309523,-1.12659858718341,0.988864310721063,-0.635191668918847,-0.0927666060178724,-0.0325011680296027,-0.52390088241238,0.397510080704357,0.187041069899973,0.897069312241366,-0.191657498419603,-0.592903309748842,0.124839397752912,-2.09275890784144,-0.306140005753035,0.413388430158113,-0.125263018344308,-0.0744247803832487,2186951
-0.293459910172023,-0.916410784177016,0.178715425169941,-0.509435718835205,-0.272962640472966,-0.54497414531595,0.570251644968153,0.151798774261189,-0.629523017662119,-0.0317994694623342,-0.533697219266819,-0.173599699736018,0.0456893226267149,1.16581350981745,-0.044165314366751,0.0706870019388867,-0.446517761666794,-0.733081454785912,0.813396242239846,2196212
-1.24242347396718,-0.0180849748864515,-0.958890064790755,-1.33534639239308,-0.879027941464416,0.253961125877979,1.16788499142636,-0.0460801702425776,0.70516132484828,-0.51896628812103,1.2208432651175,-0.145220273537315,-1.18939236321733,-0.232082381624589,-1.86007599480528,-1.01348585637195,0.913899813574348,-1.32046212534583,-0.803438385657033,2199403
-2.1837047462756,-0.259814110554486,-0.898790268160494,0.649030750382208,0.369450683457876,-0.970272844122873,-2.60457584163936,-3.04328465974451,-1.23132361674305,0.764335468451365,-0.838790952476839,-0.206203248100849,0.0798588895898335,-0.77488770159639,-0.330483259859012,-0.944783365997939,-1.29209767961679,0.629214923000722,1.59456319857094,2200416
-0.533233217373553,0.0544960462814761,0.0898578877633142,0.435766551252395,0.65793903247975,-0.406018096027008,-0.440535561393202,-0.119402073932021,-0.963589090740948,0.105958603782597,0.348179138661864,0.099031927949503,0.137038773061997,-0.0269045679100842,0.364715762965404,0.143797924528664,-0.0897531710591942,-0.889292652130743,0.339636445719691,2200813
0.21959782846069,-0.078195012519661,1.43043137021764,-0.970061529879574,0.03279855878649,0.25331636444796,1.64129332425744,1.80626252721572,-0.4541226774947,0.414082098207377,-0.456684449129299,-0.184922861869477,0.422993561736418,-1.2717280833515,0.278060905421652,0.274920556908523,-0.870056069769943,0.628300354864244,0.261778070864715,2205389
-0.624876326586561,-0.131132513120873,1.03094358158036,0.0390093582743686,0.43065143549576,-0.341703679946907,1.6070661234969,1.62318572187819,-0.935925627342691,0.428703440912564,-0.434769797470277,-0.189930653255397,-0.762826222233936,0.668537268687686,-0.513375677384086,-0.15456981488213,-0.742120663089407,-1.13503235552962,-0.195471626076169,2212664
-0.846806600256718,0.608797117863218,0.811739835925626,0.068487466824195,0.19653741400198,-0.14284207516772,-0.118602817393891,-0.287490605354555,-1.02375589652392,0.402811101405992,0.519904017462112,0.126765846499055,0.543651962337253,0.320613141181229,0.733126665897184,0.193337980827721,-0.603129384177063,0.296143255547219,0.888354762505491,2217034
0.866441598778399,1.46233194890405,0.0994708728020572,-1.12663350637639,-1.39455606322322,-0.490944809420973,-1.40949074329815,-0.819101668717908,0.226493567663578,-2.1269161108442,-0.642730867978731,-0.204382650075466,1.07339384222949,0.99239756397251,-1.03894552323269,0.0195249409717598,0.0499994506162145,-0.969658405914836,0.46243631708639,2218615
-0.358789597661121,-0.16635344308834,-0.8903606948606,1.48221958478687,-0.419405006183906,4.75296752450964,-0.121602129755693,-0.280018007771984,1.15676782570649,0.868824928800234,2.36558916078644,2.77337391328072,-0.386508320092185,-0.304296769943462,0.512384424906055,0.114369805077008,1.12395270661208,0.654939640252615,-8.53854343070065,2219842
0.674504813537736,-0.691982472094941,-0.051352695000232,0.723217633666372,-0.684854698556637,0.46688322594878,-0.546982548813337,-0.413089669663869,0.559431011764634,0.0711716479784477,1.42301484278553,0.182773460323538,-0.298165536976438,0.205757308964351,-0.52642380692537,0.02570942525833,1.07639973583033,0.096357257169817,-0.8907678867719,2224150
1.19389675936482,1.47874360244327,1.38137507934717,-0.47249595191264,1.45723493229881,2.05095990676366,-0.334938098095846,0.235157990679538,1.10375818534561,-0.0067143396423025,1.06263684138778,0.0295032899653552,0.179507906794363,-0.226915531281083,0.917201046494568,0.130162828191881,2.47114903201753,-0.838359649332599,0.686372056039546,2228399
1.23137604595975,1.54247412296901,0.878508371275546,-0.292511891138122,0.935572552350004,0.193532086948765,-0.0451010000965943,0.999870040970343,-0.446555673354493,0.893841231717121,0.471691216800334,-0.0336114147337007,0.0543224844062561,-0.918334596075458,0.645423764582466,0.197870244084104,-0.30224880810401,-1.27960756360615,0.142785169792073,2228400
0.233619732961061,0.719592920850867,-1.78058203711551,-0.303511170498236,0.485821517117528,-1.37898215419132,-0.00745018276497872,0.0730791428018654,-1.2093294382163,-0.0687188987584658,-1.09413692458824,-0.206755764246498,-1.61274904073305,-0.81330249385737,0.345090720150584,1.51680854510355,-1.41963668254719,0.017769309421752,-0.0389992152619587,2234271
-1.23844717125864,-1.0427437844575,-1.18914793249844,-0.0973137682230257,0.771302966448174,-1.3235415132066,-0.981858207808679,-2.44342534014204,-1.0677109646682,-0.690561309513477,-1.01529793095932,-0.206280932939673,0.985704979313334,0.711090004453907,0.40238708759197,0.258442216076097,-1.28969722565621,0.03113605575764,0.317049245482267,2234422
0.108205886421691,-0.321225997864387,1.77761837266665,-3.15766957326415,-3.13021497440021,1.26188681304383,0.90189086870218,0.644095547892019,1.73428495720705,0.594056928962159,0.6611069130229,-0.150010029036171,-0.437538601014609,-0.319864859200956,0.141882439795572,0.00526581060336366,2.01812714760386,1.55155932522371,0.385443943385231,2237571
-0.585981174921885,-1.08337412711191,0.282383901517244,-0.88964548023193,-0.287901836272725,-1.12946909806319,-0.459605940549623,-1.01487871572214,-0.148652493177773,0.156521203551481,-0.354246313110471,-0.196971742721382,-0.352146511684827,0.254451990116569,0.326800980300584,0.0912711261083328,0.182168422154698,-0.67839669520556,0.00170489614325392,2244172
0.982842271317598,1.23606586778049,0.0363374451357238,0.196363293904158,-1.04866394062104,-1.18610211670748,-1.35974455796396,-1.88942556308685,-1.32888337586266,0.332259899103091,0.169439208474479,-0.146926644179103,1.21026587736285,0.914685302386114,-0.384911213220941,0.131369846149139,-0.879836633206174,-0.0456742554103497,-1.64416737045368,2247869
0.203410157567045,0.971942689119578,0.825839857379173,0.0866239110622563,-0.849470115849481,-0.278273113961887,2.52606476773912,0.654458974315056,0.274526176982383,0.217410159803055,-0.204272029604571,-0.19060803846814,-0.480709025791222,-0.415741079848351,-0.389411768679713,0.102739529142915,1.03353829459679,-1.54160723889367,0.430555835277258,2250648
0.526710930042365,0.596957529069524,-0.155662332726844,1.28319894105354,-1.12878506589083,-0.923596096945401,-0.964516373933993,-0.589643949196285,-0.882138884303895,0.26467473684402,-0.608855225734428,-0.173709848943321,0.1261652806267,0.389238752635795,0.158255163639301,0.0768800208128679,-0.700422951395248,0.954416281703549,0.807769685720613,2250836
0.223845640956281,0.719188148804675,1.78940669636293,-0.110195554167488,1.22545232800538,-0.569998479821682,0.104523852694942,0.576796949557648,-0.266900031604009,-0.178688221445833,-0.275306283453201,-0.167632020806553,-0.762931998935452,-0.056529621402415,0.0445899796611292,-0.0585504995746077,-0.891709186774634,0.587065078642426,-1.39783476074472,2267382
0.557207595079951,0.484702527372013,-0.795920299905278,0.0300888655405991,-1.1735022416808,-0.608366307533686,0.450399784846954,-0.521549149757009,-0.264029828976802,0.108787402892288,-0.494928992736118,-0.201906083550212,0.877798465206646,-0.0949396669626537,-0.0812271704471017,-1.76095005691772,-0.688939246741645,0.604012844015478,0.204788138004514,2269346
-1.25476311208352,-1.14504276379581,-0.407794780132575,-0.310114675752234,0.0832448719880104,-1.26450093165248,0.798138010046626,2.43146021325747,-1.13869545032964,2.65302545317486,-0.998093896438673,-0.206748780671615,0.769760468273641,0.0939485161758145,0.10461862880934,-0.380708325176142,-1.33674369650095,-0.960720548836158,1.04931981329214,2271329
0.548900455264264,-0.200685086647671,0.905400528031401,-1.23834773915364,-1.9041809728349,2.41715849896476,-0.86729041545619,-0.244942836173852,-0.0242663634939344,0.31903418700802,2.45178917961887,0.584647413795762,0.198287499691473,0.0226591399747797,-0.844525960910971,0.0693961396515356,1.33841426025608,1.32616520182305,-0.126058729653332,2274521
1.17540688403034,0.600291691319229,1.04669605839597,-0.489539990854469,0.383229377751616,1.20573404413015,0.685558782722034,0.314157472062777,1.73121766928344,-0.205668903096439,0.0446362085928949,-0.102189063012242,-0.15777655426378,-0.35311449908653,0.586084112083555,0.183441518246534,0.672307568907871,0.320454391826604,-0.105119068850708,2276121
-2.9009483472288,-1.23772778814913,-0.332238874261314,0.496012007412153,-1.43561564906236,-0.828534263990732,1.54817501449678,0.203970775226007,-0.571948435570442,-1.02392472733812,-0.175373527496481,-0.187128689421272,-0.213771263026616,-0.00709192462920504,0.659037412860681,0.109301618576313,0.292271362090874,-0.0672595033605109,-0.539425856482136,2278618
0.0496068455947861,0.445991238507377,0.637635526186482,-0.0494612546836334,0.600493765793201,-0.769572897306564,2.1706736549827,0.308678085409491,-0.79888725130582,0.747406371288795,-0.577834664564226,-0.196272498360754,-1.07570343064387,-0.0579801712941728,-0.396778316607281,-0.393956121366755,-0.95557822882888,-0.056347887761861,0.119557467295737,2285214
0.408939968793722,-1.83026098656736,-0.947192187654052,0.778084216974432,-0.259112574282461,-0.566729443575824,-1.01255144331213,-1.07620399732597,-0.607071627689628,0.0187460798026577,0.300462349035295,0.22751616021966,0.0939365925569144,-0.0516271451678124,0.769252957728113,0.184344146863722,0.134283321867498,-0.0384962531771211,0.222187004157272,2286108
-0.755650463637388,-2.07054470988452,0.96159022584454,0.997436529027157,0.525646852262747,-0.641208789359215,1.07107818731041,0.478986737968395,-0.219251966476832,0.0787684955239798,1.27687902202261,-0.0483419284453992,-0.643515013608547,-0.321181474129923,-0.323374424265464,0.0548995076834323,1.04454244271068,0.886738385757473,-1.74945099896554,2293123
-0.0887307649054317,0.396805638262177,0.286509717286753,-0.108167264055301,-0.751492464607356,0.885989686584022,0.382236998446327,0.530428235621018,2.63996798735777,-0.714069937245916,-0.0258205803033669,-0.172209097048406,0.309602263022875,0.171417487946278,-0.563551931918195,0.122365182171207,1.67764787058508,-0.856035019460326,-0.341432386987398,2294852
-1.36245195165928,0.188945235548351,0.769909964816692,0.622839856222677,1.31063737247018,-0.314847875902483,1.28121416671047,0.286336409249879,0.897519598539763,-1.63536311701156,-0.706868339515244,-0.204493912570987,-0.0492821498617257,-0.0982145955886913,0.229350927979685,0.115084349411888,0.811379755352763,1.67667212260548,-0.0102824075287825,2294873
0.652331536188608,-2.2169159570509,1.12705972350538,0.686514754655169,-0.219911056126666,2.4523564562143,0.352080823333293,0.233422568459744,2.61111015671263,0.469129722553816,2.16834720509179,0.181933024216429,-0.208627332758843,-0.233938693574074,0.888296305604635,0.118221627470586,1.93894645221439,-1.08801854078259,-1.65279428419717,2296332
0.113192080213659,0.0610337085828546,-0.736763389547611,-0.680651909012297,1.32117982610046,0.0715808832781357,0.293872930552498,0.640872937100863,-0.689063384580834,0.140442578381464,-0.0828544637065131,-0.128689000864267,-0.0714938008817924,-0.661499427489557,0.293268017790841,0.157199609657344,-0.660732343948333,-1.36057609956558,0.856564136840319,2305114
0.822865605191221,1.03962011658943,-0.451707507327535,1.34928677634722,-0.58050486001438,-0.583861315926598,1.00683890304111,0.295846987991334,-0.606828760233971,0.303715637147293,-0.591543949794342,-0.194430907832088,-0.02636882547883,-0.234815853431236,-0.319082524412264,-0.0610631604833784,-0.710606103966077,-0.550860804871301,0.13280982375173,2305115
0.8190467760372,1.07848023813099,-0.370124964473367,0.172890403042381,0.00228757992701468,-0.759109608482541,-2.72952084266906,-4.12893825501254,-0.861610466421525,-0.174573783098318,-0.313429316593398,-0.173519439346617,1.35717000914025,-0.657323928925147,0.498871083489557,0.225422569107873,-0.663075260533138,-2.06273870291151,0.834893340856361,2306459
-0.916986969811728,-0.603096722226668,-1.2605165371229,0.0909110644339035,0.991465286861439,-0.976135127704645,-1.51676934887644,-0.72716981706596,-0.261232714995542,-1.04849628883936,-0.732982203820638,-0.200983197978791,0.427036376485239,-0.0867127689477947,-0.195334775745489,0.059627359555003,-0.145525692583515,-1.31859889232957,-3.4142342411048,2306893
-0.199879408874692,0.412217483760326,-1.0565632118899,-1.21661511467758,0.0442168080705515,-0.139177752922576,-0.564115667120516,0.0719106182160108,-0.159787147975002,-0.443147071527003,-0.392084843059837,-0.131043702054026,0.272397213818984,-0.188668181504657,-0.116056155664335,-0.0228348195107831,-0.504846609456337,-0.244373317254819,0.154840548857988,2317120
-1.75715045593719,-1.36892342698277,-0.055793494815586,0.325297081629996,-0.46341250025158,0.247221978690187,0.0453455203875128,0.483996073199837,0.716362986844557,0.377100492597315,0.117644355031742,0.356530890966427,-0.419416262754799,-0.215519249766581,0.230644537908123,0.105232944143898,1.28455322350676,0.432733624595096,0.624109847873606,2319068
-0.381381227665643,0.130419602837435,-0.463574611323112,-1.31934891617131,0.921838752983527,-1.15431048564899,0.188603852248504,0.328243935356194,-1.04486888958055,0.24697394815845,-0.555115558483638,-0.190011854280072,0.17582701450608,-0.49235155514212,0.501871746382063,0.257131951189268,-0.934466596155869,-1.25220325948932,-0.956996556626275,2321962
0.6436248747551,-0.620831072307405,0.210772530106722,-0.969178765802159,0.184415331978999,-0.435973378087985,-0.823260567550733,0.020748538620137,-0.292798453255006,0.445683912760944,-0.372498244906434,-0.182805987595227,-0.0824548387640427,0.0125444438792683,0.0312478670844765,0.0390229133130349,-0.781052816325335,0.180485064453763,-0.416879380828644,2331869
-0.153524356534021,1.20066867207941,0.925459234895198,-0.521321986382989,-3.31550702639457,2.11913763148881,-0.631804644519666,-0.341622491498975,1.04025859037669,0.352032390963762,0.621242472229684,-0.117010839572148,0.211149978307677,0.0568077421986758,0.965020057317359,0.107896933280798,0.607571782588011,1.19800763917965,1.28426666030352,2336735
-0.559509017407,-0.935286928443131,0.140586321689863,-0.568673180109828,0.565075569428702,-0.627719792980304,-0.581058252660046,-0.0355264883382168,-0.0934430358018041,0.133231911358635,-0.483561488711273,-0.152332722228762,-0.181440664487021,0.118791739536744,0.0172588766077114,0.0347494658657035,-0.148224296483253,-0.285505567552134,-0.221436961754674,2339674
0.978588116693382,0.442131859641054,1.05654699586369,0.0687327328322105,0.0169035960629586,1.08789073136517,-0.217233167919068,0.167679105797604,-0.0216310213055923,0.0634855307790315,2.00338882831817,0.999289573526958,-0.300859473755215,-0.509847570650758,0.0967806999242542,0.116682767781501,0.783363383739413,0.499927594294496,-0.174569591931575,2340155
-0.548827985760801,-1.135268504828,-0.702853286405369,0.461878563781094,0.282823614796505,-0.773578362715633,0.451485025244252,0.226535582754996,-0.302960368730845,0.24922773911006,0.18109349285101,-0.178954901286782,0.604245959073365,-0.181359974600338,1.24427567895248,0.286982783118235,0.30783251169987,0.552395256580993,-1.46390412407382,2340322
-0.33727070176803,0.454432170671371,0.9432022783932,0.305627337897824,-0.547460833440397,-0.821996276923774,1.41823073008676,1.45765668720706,-1.15988481609505,0.560377631023403,-0.530602455623392,-0.192018822539966,-0.954589236204615,0.442518556455241,0.184151038913773,-0.1436583714276,-1.22069533925009,0.26312158758132,0.692319106563008,2350037
-1.14048630957919,-0.404886031277895,0.810004512806609,-0.217131522541966,0.991657026860672,-0.474647125033448,0.324395838776436,-0.110922937939977,-0.665264067420109,-0.0375606427976353,-0.474359828019799,-0.196717935139388,0.454752914796908,0.438816129877302,0.202855435618775,0.120303252995466,-0.668259031057212,-1.49499357540679,0.431321106741716,2352038
-0.984180201845262,0.80771299712617,0.138246540066013,-0.711651774535668,1.4442468913476,1.03407080885263,-0.418353701068967,0.462637686600567,4.17664014449127,0.68913042707606,-0.643069924343035,-0.201035413757234,1.20419449939676,0.790647220152744,2.04489937674902,0.28596443237866,0.541984459345762,0.0364905626871061,0.17752343283876,2359944
0.959484879737334,0.23099459854733,0.323099126429565,-0.869081142733015,0.931457032234687,0.278754154514216,-0.379195816296433,0.554322510233257,1.45262700737666,-0.250832027850146,-0.130580194969959,0.0130976181013259,-0.226287129103253,0.0763634263069794,-0.0266879708235411,0.108183348304151,0.913498843489268,-1.52962377446658,0.00344821063485521,2381907
-0.419638299121874,-0.103297529715832,-1.72709709576036,0.343259196111012,0.185305249900608,-0.365156177605588,-0.238964088688569,0.0387906532365088,0.288152457022096,0.208394995996614,0.52484089604634,-0.16850217150277,-0.159090433627468,-0.0593704124029694,0.424396255834306,-0.00749339717466533,0.957561366648012,-0.204344614234877,-0.841513199588223,2393207
1.13545518181069,-0.361180352931877,0.635952379170569,0.269890190699341,0.32293147179948,-0.210706310279269,0.780168666831614,0.358991366078469,-0.363262595506061,0.198802614608158,-0.293552639877567,-0.109244321263719,-0.0633435965218272,0.048719059738458,-1.09365711753914,-0.246745153045882,-0.127209318711562,-0.280982269280805,-0.258705160132307,2395415
-0.13151912681101,0.287065137297184,0.957678482788359,-0.137194764093449,1.64528317177968,-0.43038401286445,-0.783849710551,-0.617535298390536,0.526722760048412,-0.904218852771277,-0.11884675010316,-0.117591454619487,-0.0976566205985092,0.319475302792793,0.119233201192072,0.112080046676296,1.42209594214385,-0.650984995110093,-0.0281870061666814,2395943
-0.521995437700778,-0.401647185250074,0.651247761496629,-0.224786504004819,0.501815378879503,-0.391341398172334,-0.880655997476449,0.277182192898678,-0.168642075348273,-0.465688953542705,-0.18602929820456,-0.111233899841793,-0.0153681459981959,-0.0608388266313835,0.0600165249106332,0.111205676599005,-0.0119852589568716,-1.14736736578309,0.165632899083211,2401405
-0.816395053934812,-1.3126584177815,0.235838610018624,-0.123777926424543,0.36591270924366,-0.754927766174858,-0.633378504340515,0.286481228706391,-0.540736978329575,0.321520715106013,-0.430175548917122,-0.177642787964759,0.0637106239403066,-0.135949073386862,0.121216025212362,0.11835400340391,-0.54398468224402,-0.0256274421307743,0.0219098521211536,2405144
-0.311263254974969,-0.0586390995326311,-0.127510632956456,0.167501657206659,-0.595779284562143,0.196657425710343,0.750417027052872,0.698084252076266,-0.119828391985228,0.278536260890173,-0.489439266538857,-0.192293023674428,-1.17491202703904,0.547242950706259,0.0107969851976922,-0.133042988361751,-0.617534558132402,0.578684637953909,-0.0706935929743806,2414406
-0.289042722886134,0.995887322493217,-1.65665454757444,-0.845291597292935,0.159294392142883,-0.865237431703322,-0.934866738019165,-0.540707425065293,-1.03363441853937,-0.168345796425444,0.0703686195334917,-0.116372245966993,-0.000993458341485502,-0.341434932759572,1.18745455943002,0.25948733996326,-0.356004937012753,-2.52418190501327,-0.157155281783819,2419459
0.685165713555595,0.171497556396629,0.0980793858398563,-0.337641279478904,0.297692483806638,-0.78739989052242,-0.562747337589484,-0.401367427184723,-1.18262207131495,0.52031858800017,-0.527257984757049,-0.159765565904504,0.023559697318547,0.498304180694296,0.0933620572901432,0.0387555716502921,-1.13193103542974,1.21039233743439,0.926897895968968,2425694
-0.382784362963095,-0.319920221761959,-0.741843369450791,-0.382912156377542,-0.00602541533656584,0.188314793886485,-0.0903742611385423,0.59994477776146,0.217972499572627,-0.0065308012339169,0.143685580770801,0.580497900380433,-0.283750201333825,0.0807982336132695,0.117493306083421,0.103427583864562,0.178268509494893,-0.621698124879076,0.109795108266585,2426863
-0.880474833506633,-0.104002394247853,1.09864545689722,-0.27396242612751,-1.46228472072611,-0.65210668561165,-0.122376219299366,-1.11631322855083,-0.820022561897313,-2.30493479799083,-0.773136802127951,-0.201878514240899,-0.748310043403981,5.12153469321121,-0.407481018601861,-0.349564915415325,-1.03640172390383,-0.640255119237047,1.1653083160547,2430773
0.271632226872227,1.42614326877061,-0.37449977624017,-0.476308688574808,0.797534311046249,-0.730928849342416,-1.0601983081835,-1.17629497139956,-0.571805644812899,-0.463579957969695,-0.730056906271981,-0.205638128146395,-1.20165964041407,0.495973712341739,0.333694021269662,0.0367198778399758,-0.469859550174089,-1.93897462008086,-0.358808154103888,2439458
-0.565927950569999,-1.27309554176216,-0.137013311504392,1.97205382160769,-0.0492681129124383,-0.826782056125439,-0.844438247843599,-1.51557946246358,-0.753774071765998,-0.566406904919454,-0.382615467029611,-0.184714801323277,-0.125608585733697,0.510199850322723,-0.321233647587921,0.0300854464381404,-0.346387654659704,-0.870155268539862,-0.0890617522695258,2443354
-0.0515529037177154,0.153504053339953,0.260756233658395,1.27458418571569,0.0950937645569538,-0.108717675992372,-0.0404821653018888,0.249546221155572,-0.165419640052638,0.550225199723245,0.10683379959325,-0.136902699988642,-0.172427802365475,-0.143562063187154,0.209912999174089,0.0821699936453226,0.389420043607321,-0.229516066710639,-0.0224607200307689,2445526
0.551134978742859,-0.00822805061374793,0.913103475748054,-0.395508339056381,-0.129733308526531,-0.391403341756212,0.148404556099187,-0.702111012639156,-0.428149284599394,-0.183095642797396,0.293799785779356,-0.0429140557250394,0.272973841662459,-0.0805510091777434,0.269791622697503,0.145724780679561,0.0231273694988168,-0.647042487406618,0.117937712991502,2448298
-1.4274265324818,-1.99439535277015,-0.0258750898010118,0.479769609220288,-0.373885490615115,-0.659138284312084,0.316634492569286,1.78401150717215,-0.897133325613596,0.609153788796173,-0.713258843575233,-0.202515315391797,1.52055056176766,-0.293949385631168,0.218827758801935,0.373584122303192,-1.04956288513475,0.58463369654468,-0.169216211139065,2453577
-0.458828463675166,-0.534249045196391,0.549293624782497,0.67268760182391,0.731398580801892,-0.556608143907788,0.0377559745265382,0.167104362576806,-0.63347439781581,-0.604412478094393,-0.469160846341089,-0.203637068652028,1.22859304454959,1.0329956863755,-0.253605890968862,-0.0717802541009342,-0.723175400777265,-1.90503310333592,-0.187574519647408,2474709
1.0266413871339,-0.685994321990769,-1.26390303429742,0.203444585347058,1.55513860102624,-1.02136382829724,0.0760349375425051,-0.454149152610828,-0.533960894410957,-1.83327215427941,-0.50200600556255,-0.201139501255497,-0.0868818438368419,0.516260749836349,-0.275433200529068,0.0862928805419527,-0.0621434333204088,-1.53227054980579,-0.0417964744554773,2480056
0.437515614237596,-2.4099745221331,0.438366366697506,-0.0299254781766824,-0.587743911830288,0.194751862635319,-0.167738786866139,-0.0461687749895786,-0.323466468827468,0.228634457416752,-0.297484509879659,-0.135218358507114,-1.31309808864144,-0.382781949463034,-0.204708323065023,-0.368171121202907,-0.901029989229212,-0.148696304255076,-0.437956672466599,2480330
0.168546267221323,-0.195387048812342,0.735949167884976,1.30692049165325,0.313485065133922,0.762889863529122,0.377017454408967,0.0639767505106486,0.016709932206854,-0.0437743909607149,-0.0575936751926517,-0.120536836473643,0.993990175737265,0.0408846824838685,0.210202319951308,0.0957777284767172,-0.237702563198723,-1.10266596578439,-1.01309350920272,2487135
1.36288834258867,0.698164051810493,0.290860098685563,0.971120785259172,0.640789636338065,-0.652838495889863,-0.168029695685856,0.210051608886555,-0.59023152034431,0.211165926053174,0.749526595541682,0.180877863580709,-0.739090983865451,-0.391437558264152,0.842952837125263,0.108289149084457,0.513753549504798,0.488497107034752,0.82121491751425,2488660
1.49985578882194,-0.66828845580249,1.75277508378565,-0.243308630007765,-0.24293583062667,-0.248567026166385,-0.963714009249848,-0.337599720820554,-0.61212146082511,0.0629040282536309,-0.664465542399986,-0.200997871105115,0.729088716849345,2.06413889607179,0.230241147251382,0.160851005733882,-1.07177572858671,-0.415916809941218,0.632918070505143,2490180
-2.11249554740224,-1.69411036907679,0.903043511332045,0.810458182555495,0.421397222778489,-0.346874038568482,1.53613456516257,0.856566550678575,-0.377936042940785,-0.260737031566504,-0.434484331235534,-0.187937163959032,0.084260139013972,0.16344405804353,0.21071067611294,0.0788306566751614,0.152294260915165,0.0456171574545132,0.704338857840029,2493534
-0.931858711785431,-3.34631395367356,1.33560769992169,1.07457960520428,0.175225952329874,-0.650319518459258,1.37859951186972,-1.06878135237899,-0.720698391378991,0.724031871211316,-0.548531537937572,-0.202868167956409,1.20567226704413,1.83046774125083,-0.519636915986803,-0.357953560986786,-0.807101606590923,-1.83586828337362,0.40194905622516,2498991
-1.3961397477433,-1.85584246380054,-0.380059771896881,-0.655021082958184,-0.873335772976317,-1.16202503653542,0.67155792177715,-0.0130540284050056,-0.622703172921615,0.841185213929829,-0.160158445021805,-0.189246140087435,0.438571176232012,-0.11112569770348,0.623483724552188,0.161162152346821,0.456239449580777,-0.550207248279126,0.332510752547793,2500377
0.45821780168406,1.19164228941712,-0.893086570673184,-0.932438920219255,1.12440132736833,-0.144791327759376,-1.86894569557836,-1.45920596979125,-0.37535583159093,-0.853260431357071,-0.713970208424524,-0.204083519947184,1.08893566337528,-1.21511651415867,-0.0138145608284026,0.068481892588609,-0.562296935384734,-2.54232260206931,-0.00621538741302072,2504802
-3.6757611564199,-2.36571747765972,-0.14626520181507,-1.26723814396778,0.248158606420504,-0.0524621452123033,-0.806362133586119,-0.0544756679600362,-0.760364896400091,-0.604663370456634,-0.482223180643245,-0.192516505503233,-0.772468968085947,0.3169375206207,0.133213274681075,0.0990101146446963,-0.827952104894025,0.859696930825529,0.175902266195053,2510402
-0.287781406722885,-0.648780137434316,-0.384701869953114,0.298999695140494,-1.0621228979884,-0.271590776750736,-0.583253010726609,-0.0826137572621018,-0.474263879331327,0.532535731545658,-0.0361288860525813,-0.178957026440441,-1.10288596661251,-0.298322714126058,-0.98803096768909,-0.259324553367262,-0.07563474350348,0.718294370707103,-0.465595472890456,2520618
-0.072469634832302,-0.638161370726906,0.413521206000307,-0.167390888331949,0.956100899485492,-0.419077794328281,-0.252237090530086,-0.51461984106994,0.16334102005366,-0.314589351985496,0.116853604807708,-0.163797975707951,0.863888015021756,0.34038142801811,0.00924960176172553,0.00798559928997768,0.226580640044658,-0.459839169019894,-0.78095925840305,2559453
2.31375419741417,1.39124147962616,-1.15466140401835,0.0959373941115112,-0.612154626928534,1.99004789287496,-0.247793148590557,-0.255557699260139,0.447059877147846,-2.33831432843185,0.130014184522091,-0.189724379639108,3.1474543138498,-0.00203133284406925,2.02233123297318,0.303118302775942,0.232124366294515,0.962813492175489,0.804326105428769,277752
0.4356159504554,0.920893210557129,-0.899255526967721,0.963383709643406,-2.41501286951645,3.08975483349629,-0.597697149663365,0.670637654085686,3.48169440701965,-0.242469693022559,1.13981389394432,0.585970571300138,-0.0863669144928365,-0.223659071030773,1.44792698084954,0.122380114718188,2.67459830166174,1.74635837182435,0.69315749697742,308862
-1.91605007076,-1.91903401596574,-0.030838676737179,-5.21991369185102,-1.54636703577475,0.236063425261521,-0.505081240362874,0.073840704561121,-0.1089605011909,0.132285251314021,0.0588089139728849,0.0319300702363857,0.137248678294587,-0.245312644667755,-0.693742020475367,0.00342617846657239,0.247421429025268,1.24267111115024,0.173048160996593,58325
0.670859566997329,-2.75312865890607,-0.895186547188138,0.10408135917349,0.398329700923121,-1.00805457636544,-0.0485687859978681,0.348374703545655,-0.657429553631292,-0.372054326027521,-0.520291736876704,-0.157391096994033,-0.852324451268226,0.0764527289654083,-0.313411785006639,-0.0420575733998441,-0.719186943365587,0.181574362659885,0.169612866285605,92173
-0.422482192461279,-0.347034430573832,1.66148959739472,-3.57076477325647,-1.59684907583659,2.05130133697177,0.274590746157848,0.777445890067576,1.74792021581563,0.488585909713362,0.951642766183055,-0.105680618873598,-0.653607996229449,-0.21532059225501,-1.74086353248464,0.075051495769027,1.93703492140422,1.54397420068127,0.271792847526674,923666
-0.724928106612483,0.264137500376455,0.311884111915028,-0.218064128513589,0.241818698157373,-1.07485507578916,-0.74355928314419,0.494879305741196,-0.517102823804167,0.620630217388558,-0.85800799210598,-0.203916888842708,-0.0631728761138748,0.0224126349587458,-0.0735441473682575,-0.013060009991878,-0.911972429402153,0.085884264991124,0.648798863606865,965005
1.0615261085566,0.99811499174021,-0.203276131804544,0.268585349908587,-1.26584264135166,0.400034503655705,-0.656299232036278,-0.790581736862764,-0.612634414495715,-0.740243085607487,-0.332962327825805,-0.19819661392767,2.31270913355988,0.435003929899462,0.741530297702434,0.215495909451834,-0.958902543016579,1.35290150150969,0.777102413530752,983079
