"letm_prc_max_250","letm_prc_energy_250","letm_prc_v27_250","letm_prc_subvol_x2of2_250","letm_prc_subvol_x1of3_250","letm_prc_subvol_z3of3_250","letm_prc_grady_250","letm_prc_gradz_250","letm_prc_m111_250","letm_prc_m210_250","letm_prc_m201_250","letm_prc_m120_250","letm_prc_m021_250","letm_prc_m012_250","letm_prc_m102_250","letm_prc_m300_250","letm_prc_m030_250","letm_prc_m003_250","letm_prc_m040_250","sub"
-0.943728804582301,-0.559426234180886,-0.94319318170483,-1.51604899288968,0.421782503011249,-0.289559579915383,-0.032135503569088,0.445320180145064,-0.0598712299194196,-0.0578142663658448,-0.107493978810023,-0.119409999739518,-0.35691191363009,-0.0915077416584529,-0.216360549339759,-0.0311260993181703,0.18739701540117,-0.33097550033948,-0.470673708450336,1085983
0.430881916352894,0.753788059956256,0.301326352666267,-1.28819447720195,0.534570557365075,0.481286091774007,-0.541721505963586,0.66599833412841,-0.238134136363328,-0.193530832069534,-0.329839058426294,-0.0211546807976273,-0.285553462689897,0.0224745224269323,0.0468394291138769,-0.0762214542025482,0.148904036046829,-0.35420278871606,-0.439379335195833,1125173
-0.334068936678063,-1.31864163016603,0.301326352666267,1.03494637447436,0.676196825602189,0.182569812735566,0.678075623592773,-2.19079192707169,-0.149857055029126,0.124272027202412,-0.125686629423889,-0.500605753381087,-0.422385583114324,-0.0121903559058603,-0.145111850393083,0.133976596315392,-0.0384773186944811,-0.253872714553999,-0.320951873403113,1154608
2.07955044328326,0.0201307008450221,-0.923802089443653,-1.4743076420696,1.05022569407178,-0.749483845651454,0.665396181059389,0.371994830537894,-0.185359330965313,-0.0335936442062868,-0.172441004772382,0.129036249808102,-0.300719709679283,-0.164969705939555,-0.230692990639773,0.0732848913184295,0.214441717878564,-0.243801613972148,-0.380678248604832,1181124
-1.40580687055082,2.80605852083314,0.301326352666267,1.11864228067792,-1.17984473042311,0.143455161488897,-2.10904939954142,1.6178472301306,-5.812551826359,-2.36755130756353,-9.8694592742764,0.57909691492831,3.80965454660714,9.7237081695744,1.52494549337472,6.31990555185966,-0.215445086659431,1.96594503550902,7.78449227375576,1183075
-1.19836419655772,0.0706058734048142,0.301326352666267,-0.776530809021192,0.534217444641828,0.600362725904709,-0.901940990802103,0.261001782647528,0.119438273545803,-0.0901160483491176,-0.0928217937955954,-0.0583188047020073,-0.305350466055382,-0.0661223777165792,-0.120454749060013,-0.204553237886985,0.162672719171311,-0.44695857403168,-0.513404684963549,1232870
1.74992027651573,2.42587828182114,0.301326352666267,-1.58395496131781,0.685649829067215,0.193534441531089,-0.921174962377445,0.744613324823439,-0.0196652063901855,-0.216721337339309,-0.234043468837412,-0.275733590131355,-0.350121098514894,-0.136480852526505,-0.293472197292607,0.197651224685295,0.254105826171829,-0.356978460708894,-0.4811540898717,1279943
0.253556507435954,0.311375389186635,0.0123153715984909,0.294909358521909,-1.08635750120927,-1.12903770444889,-0.477336076376802,-0.986941157711703,-0.535221779752758,0.735068671731363,-0.500740992253417,-0.532452046072385,0.302703986690861,-0.126172035502049,-0.13414288726495,0.319691912997485,-0.286734417634082,-0.300665710114901,-0.341377427429773,1329352
0.0599096537926191,-1.14016575968982,0.232999623310587,0.792089649577667,-0.475292681466605,-0.611551510414787,-0.386196185420455,-1.15731274592841,0.00067317687259027,0.605160002615068,-0.413996105817678,0.325687699137186,-0.202411965205061,-0.118151880290299,-0.680856268660108,-0.0712365402289576,0.208395052432856,-0.4157908284577,-0.389805952658297,1330263
1.63417838962278,-0.544607215100655,0.301326352666267,3.15184123758343,0.859267923698043,2.63806750435253,-3.69679327552224,-5.12535097201929,0.0555972468817605,-0.117737743058043,-0.187383647488902,-0.167753408715191,-0.316985607350776,0.0250276274009283,-0.336769314068492,-0.244125729042079,0.179628947722805,-0.401065560758873,-0.499014129035712,1364384
0.502755647709086,0.524064476847687,0.301326352666267,1.55234300384383,-0.089906782717238,0.705045554090323,-0.206906403130495,-0.229928028462109,-0.0219829352662571,-0.225877191658949,-0.154007186367954,-0.0917997587110238,-0.3821015907319,-0.0630504164547282,-0.413199020058646,-0.101682657593972,0.213956564174516,-0.301215973905657,-0.482448715194481,1386095
1.11262035170838,1.92266362941046,-0.0151878618812775,-0.415123630549405,-1.30853785616295,-1.1895245159733,-0.675478914698544,0.502356959807548,0.301934830187751,0.86819545664832,0.514499711597061,-0.675158608343154,-0.614646577700792,0.0769970994135368,-0.00236574216403492,1.32206936121229,-0.039531478218294,-0.288329267569396,-0.443760963078148,1458656
-0.343824418063628,-1.14384467861718,0.301326352666267,1.40541332747195,-0.791089398998716,-1.26136412467132,0.615483163300741,0.548494456371269,-1.51744113598524,2.41370225687771,1.7363943237528,-1.43075350684833,0.459968020597566,0.437586247302402,0.887048265707976,-2.96880228553887,-1.0754951186065,3.44198144830916,0.533363353057763,1485662
-0.275600823479207,-0.707954495652483,0.301326352666267,-1.11172142071506,0.0494029292092087,-1.2292427807063,-0.661856285489188,-0.0322795242350594,0.374853574543401,-0.484692034959063,-0.535376339214647,-0.0176237665874061,-0.320959799895653,0.0487953916175045,-0.39617432694151,0.222474804787857,0.195360318166416,-0.105240422784935,-0.497637461912418,1497807
-0.440970406455546,-0.646208257526128,0.301326352666267,0.965175307867692,-1.10969280354739,0.72051649705188,-0.422558675443262,0.965451776569273,0.256019843081256,-0.575158679274193,-0.0551670633802779,-0.0672846166414462,-0.280876399197992,0.488508262269597,-0.513181802545673,-0.244884364381365,0.196051220442893,-0.976120094898912,-0.480774899808895,1501387
-2.22028315398822,-0.478625860134645,0.301326352666267,0.364872577397569,0.0105051292236201,0.9891873996886,-0.0774898771616647,0.722675252478287,0.211327992864815,-0.502633391277427,-0.0685243767983796,-0.179251350224555,-0.305936959809086,0.0226067047169278,-0.302041030694611,-0.26992389819567,0.187991715885026,-0.371668480399858,-0.430384065393201,1518948
1.38463165229319,-0.800025460088474,0.301326352666267,-0.238755838197703,1.99353834801341,1.50024222392578,-0.490444564217009,0.148134523004953,0.120089295578562,-0.36963533934633,-0.436152705817631,0.195674990621154,-0.565040849808369,0.128376454606163,-0.15189748572123,0.312667178265851,0.0639325827965278,-0.515580675937504,-0.418533687059861,1526417
0.545913273219357,1.84068196628319,0.301326352666267,-0.151894871994716,-0.946625016332406,-0.847166357379372,-0.150152315781302,0.180040518332674,-0.627673777519024,-0.28089619672568,-0.0150443826424659,0.364183940634315,-0.730016589470224,0.0543495492870535,0.118629975937048,-0.62835238956357,0.363923790647149,-0.109364267916771,-0.425438440112577,1565177
-0.026003853756977,-1.55130024000404,-4.02184888230477,0.0151522530342671,1.20503875475422,-0.455537385484442,0.872139304164885,-0.470939058385694,0.231999021911973,1.06170381713035,-0.303218024792645,1.27454514754359,-0.849048314325889,0.575291072226959,-1.27958111388681,3.02188911422916,-1.32795861536931,1.42441334791716,1.3939523430057,1606693
0.448645007052215,1.27993868712202,0.301326352666267,-1.0229592098528,0.912728703210263,0.711437259630823,0.332674041196562,1.05760989990091,0.0382382070629005,-0.0596943324233896,-0.166134928889863,-0.0209867068640446,-0.319592377287945,-0.0227155341374812,-0.172828065646206,-0.0662943092757381,0.163878211215872,-0.376773073311977,-0.463061940629389,1612262
0.289129566685727,0.542513373154924,0.301326352666267,-0.720639025628948,0.226817833841198,-0.631068963978286,-0.25509247767985,-0.0866141507350884,0.176959854266123,0.15901219116513,-0.254036326871734,-0.00701446762134264,-0.358000954671258,0.0273959574752198,-0.20024545446817,-0.257665284948721,0.0900682253857431,-0.0240220427392711,-0.491893382153744,1614566
-1.37085577699098,0.491342515766421,0.301326352666267,0.138578434728035,-0.27379459765392,0.542715635670007,0.229998894345211,0.589513577836851,-0.100432381958182,-0.318383094708627,-0.10303312515358,-0.177114791702755,-0.516810282773269,0.0953493590117378,-0.490136292973443,-0.12010437738526,0.208724182945792,-0.0868222222372932,-0.501188995477984,1644034
0.230278206498726,-1.41335053719726,0.301326352666267,-1.02453239117819,1.96074634019249,1.00181958643553,-0.883634999925897,0.274007276832324,0.330292968469982,-1.46854641940739,-0.192767950931406,-0.987255984884438,0.491399327042508,1.20918131444597,1.13705245326563,2.22090443272968,0.727794116978919,0.475856151684731,2.03146262010709,1668599
-0.958984586235988,-0.873121130471422,0.301326352666267,1.05083806162003,-0.884852187952503,1.13986800536355,-0.534990514726002,0.317579859750698,-0.0633288937756302,-0.463066911437264,-0.145953995106244,-0.234186320829998,-0.36859721392111,0.100653648278884,-0.0570324891395663,-0.355345513690408,0.169281364705428,-0.27998674548078,-0.479685840284166,1671370
0.299722693255104,0.836222008902797,0.301326352666267,-0.809895547458433,0.944952907978825,0.932246011334063,0.161584667441281,1.00401509261216,0.116001981362051,-0.276807762317997,-0.159513283205924,-0.0457522733097236,-0.298227744501307,0.117477906679364,-0.0280334684067323,-0.127529519487755,0.114523329205118,-0.390459830621034,-0.487955328391084,1684230
-0.877870076799979,0.195910935545412,0.301326352666267,0.582542025786463,-0.431786690334355,-0.0058855604730006,-0.599039429443903,-0.288058303206105,0.145593429605373,-0.297972983187031,-0.134062052928799,-0.317212299263611,-0.240191441616897,0.0535924780138567,-0.165915568518133,-0.215944638121256,0.181511539377045,-0.46987704489887,-0.4705048557974,1692385
1.36662273926775,0.897316196759545,0.113076829081696,0.42356844347058,-1.34738607385053,-0.753709498330943,-1.085286483043,0.374511526804316,0.240255443592114,-0.632466636409858,-0.039081172585372,-0.434205925109986,-0.289255289810113,0.0241834815131741,-0.31051410698075,-0.427724251256394,0.115721174877637,-0.31923389258319,-0.354795234185433,1720713
-0.808017239102017,0.664241044496298,0.301326352666267,-0.075308297907272,-0.973636302363868,-0.818119595067482,-0.142881851906765,-0.0623722191004525,-0.0908298597693875,-0.211681023606449,-0.195860962807307,-0.101260043758697,-0.223153986382787,-0.0471850057281504,0.0199692065169161,-0.317872228752132,0.158619701972528,-0.201191559471905,-0.474593328091098,1738800
-0.855135064715611,-1.91432320899824,-0.444793731293602,1.22850411959252,-1.21694371860614,-0.522251968298163,0.471683403257314,-0.905239068718384,3.24888133355367,-1.44494239080293,0.951116012218045,2.69786359553848,1.86275712386861,-0.0699686826103191,1.17530473181824,-1.28698011649462,-3.43980700684027,1.42624998434326,3.78994034627302,1740845
-0.332126278295826,-0.819172452595037,0.301326352666267,2.61746622501822,-0.58630024912616,1.6311896358479,0.0776244651551155,-0.610714986798509,-1.15912056405367,2.91446211680266,0.61128924736805,-1.34355102500268,2.05940915019684,0.295124370371343,-0.538529589261041,-1.37142413638024,-0.516859880439205,-0.789433090845907,1.25177569917407,1742294
0.496057312400605,-0.649485367126867,0.301326352666267,1.7068600240838,-1.30299227819196,0.470331911908219,1.05924220361385,0.403201385996638,-1.45771136069664,-2.15267376080299,2.58111915195685,-0.100151702161583,0.670523779034133,-0.292539730761478,-0.889286918084346,-2.35334386924215,-0.15461858601845,0.923488415956193,-0.163368346117021,1767700
-0.496267354320826,-1.44497383329477,-7.04046815006355,-0.311931268834122,-1.12095507653983,-2.03934225253425,0.295558683200434,-0.238693880925483,-0.115458854944666,-0.154103592734763,0.0573575525721463,-0.391451968361988,-0.432695797725405,0.0359212773309634,0.0819972624332714,-0.167989079297605,0.16964603622621,-0.0715437172323844,-0.333732608001298,1768972
1.3268086982651,0.761033622425958,-0.528050071375936,-1.0273039616121,0.140709078412107,-0.407646815008519,0.121830858127094,0.418216651147146,-0.259733177720745,-0.472728068370517,-0.249313695362238,-0.497172899700507,-0.33925737115534,0.0989448428030019,-0.00352682710727068,0.0400817373846221,0.114616932706029,-0.306511065184795,-0.435126650896452,1889409
-0.25739226815396,-0.101023698658996,0.301326352666267,0.812333845681551,1.17795352955531,1.22906236265773,0.214806040070641,-0.762150009960357,0.0315588507516201,0.0391460427641355,0.620487820340897,1.66057220103874,1.08557893113869,1.86765838543117,0.695414243968338,0.480528506343207,-0.430595414371063,1.20627092101379,0.0454295061143404,1915938
0.818457320981964,1.1584235126727,-0.185623790239227,-1.14981540293105,0.195252737539589,-1.15227192807212,0.928694954814252,-0.324769855477209,-0.163962413030168,-0.192528288838381,-0.0996733604215508,-0.0932130941370819,-0.404005448610971,0.00727863655015879,-0.545065428740476,-0.0015902733281381,0.182843166180276,-0.037059644122089,-0.422081261227707,1916742
-0.944844633112407,-1.41557357071771,0.301326352666267,-0.27373912655198,0.915645898584391,-0.38368135851153,0.082683685341262,-0.706290645603832,-0.0667662985137727,-0.0339727839896955,-0.0243229054350741,0.112566728395566,-0.290278548242515,-0.0306185683640609,-0.137271478829725,-0.0321694160096778,0.152231701064774,-0.230105914153573,-0.446716308640173,1919296
-0.481809324065849,-0.306247616940994,0.301326352666267,0.0984762774574038,0.864810280226849,0.514766332519179,0.06640922099412,-0.215484406349415,-0.00144203730881592,-0.154834189259428,-0.159641978718338,-0.160424006915522,-0.302988091331538,0.00722831695124127,-0.211272226125651,-0.0542202230049853,0.166568228217696,-0.282752637654716,-0.509175935800715,1926770
1.17066003203038,0.662137227205627,-5.87979515052835,-1.48224933153783,0.170716945153973,-0.387126424517575,-0.177693565474096,0.277170445734831,0.245875624339138,-0.0132218086597415,-0.281426152340914,-0.677939070661182,-0.24777346722893,0.0363099130415622,0.157326906972997,0.113583393688284,0.100026915450619,-0.535999869958077,-0.378025881083865,1938156
-0.269621686927313,-1.19961476737444,0.301326352666267,1.32394301802206,-0.3902750176676,0.143347373884555,0.735005154737963,-0.15482541204038,0.681926130470405,1.75216912926403,0.806944700575013,-1.36546401942181,1.07285447569493,0.528404167423504,1.64944406654958,-1.41659351800773,1.29875367045961,0.570300208873063,0.787421318517366,1938561
-0.397539264529085,-0.308313642518002,0.301326352666267,0.179044021597497,0.979048215592529,-0.414207809968165,-0.549453011466358,-1.11722854053206,-0.438786414944494,-0.108275966139099,-0.319597462348413,0.313458008873096,-1.07673728782884,1.35984865816891,0.555608894416488,0.949933131961424,0.0636514530846993,-0.92616689361379,0.195887944038626,1966316
-1.59402032754554,-1.0505543660864,0.301326352666267,0.172536908496416,-0.429389081219841,-0.0710946258550848,0.434538307922922,-0.00876271072096846,0.0241729563522939,-0.352318723044111,-0.0980784860716144,0.110898968881625,0.0764453007149185,-0.0149861831112541,-0.250354530789615,-0.267078786249003,0.380627175023216,-0.47366040392457,-0.344726310712088,1967281
1.18371798266066,0.699113281547649,0.301326352666267,2.42360238433663,1.21282713508072,0.0900922106080003,0.989969471375861,-4.21943696700787,-0.0532187595604966,0.576852555858813,0.713183824341654,5.89908338301257e-06,0.675579327980891,0.168892568274078,0.597106420598509,-0.904063629427237,-0.00230703379273679,2.30156226582635,-0.298770790282528,1973544
0.170331866439249,-1.06347254138033,0.301326352666267,-0.550366533176589,2.13799894007753,1.8729340205129,-1.4676862540576,0.97528311374812,0.295799399880722,0.344923762234248,-0.0403298599436582,1.70155991555004,0.0338712904700685,-1.51612632088806,0.742443712415467,1.73948808140346,-0.125551045771835,-0.677069225082759,0.0347110678198184,1975401
-0.470531322702919,-1.02615360304274,0.301326352666267,-0.296721325305183,0.762377166544601,-1.21001062817863,-0.261094747943144,-1.81669573927451,-0.423847655087556,-0.0837838219383546,1.08066771795821,1.24340684676961,-0.440768957194494,0.713434685922874,1.40850780522388,1.11032668522649,-0.781641172401893,2.78161273183377,0.515175211464872,1976407
0.113178220154232,0.195550525814468,0.301326352666267,-0.08569379037418,0.672968692549839,0.475744776958152,2.31664486930304,-0.849821303481796,0.31599063160767,0.0313768706450083,-0.0229270725409341,0.142268989147401,-0.222839939179412,0.025459120572907,-0.0849642937134001,-0.331586457220615,0.236091778370286,-0.415932699786493,-0.481588000344907,1978972
0.287971177015483,-0.062612249207783,0.301326352666267,0.156703052981127,1.15025874916515,0.899429487152852,0.549074216870421,-0.76789228935012,-0.292372086293268,-0.72101781394044,-0.0393156367048907,0.00422632513144616,-0.349493720524307,-0.168483556895556,-0.215450206851676,0.0389124580455047,0.432663641141172,-0.35899315212867,-0.387083192108759,1979045
-2.0234168445103,-0.481955825533649,0.301326352666267,-1.11159945084622,-0.793844891792154,-1.12956067405042,-0.720121155076622,0.464515712066898,-0.0340214665379675,0.0685197352845736,0.0172926270669861,-0.181341607837925,-0.0564592416999236,0.0817671839087128,-0.28310285166899,0.0243753529714639,-0.175590455487086,-0.543912912209774,-0.3680568832022,1979422
-0.802573667288271,1.60196511841644,0.301326352666267,1.40044915213311,1.44976434143905,1.6323975879675,1.67173139402138,-1.91773886860852,-0.273391893976278,1.4330705079073,0.522362488640477,-0.0494348047276631,0.0854087390958707,-0.845356576473498,0.167882847280982,0.75763939548685,-0.0639277597945452,-0.137091338378058,-0.0730583493738276,1980052
0.641880584563152,0.588794146147111,0.219972356255636,0.648763944892851,-1.25398240058236,0.419706332183548,-0.76500977956898,0.85715172633477,-4.72900285517763,-2.5466755609508,0.456080834197203,5.10605650363791,3.46841814003704,-2.16628951663641,0.974379481082667,-0.0988865261041104,-3.57760990454775,-0.12308168354442,1.21291745380869,2001182
-1.02885220213167,-0.952929128209907,0.301326352666267,1.5583528364591,-0.692422218270107,1.7938760210066,-1.17886525446171,1.35665324824214,-0.0617454446118017,-0.12720604376496,-0.201026535519581,-0.179160694744377,-0.348059273318775,-0.00665853033844558,-0.141713427815988,-0.284381525030052,0.170690901869762,-0.3756924374386,-0.501431173909136,2002465
-0.122131342980899,-0.248706963722338,0.301326352666267,0.34659972957357,0.327119634480031,-1.3346266886573,1.05126466444897,-2.340757967898,0.240492035004911,-0.452548086896509,0.261757028787952,0.930929743168631,-0.543053687220209,-0.578276885124191,0.582712841460772,0.772147793357241,-0.635923101264678,2.42917523855548,0.000734466733521066,2004451
-0.431642428826376,-0.595809955215348,0.301326352666267,-0.418607539691742,0.904210357592305,0.537286517070627,0.496271262198189,-0.314380141160769,0.0576412738058516,0.0507391287518892,-0.0338019091548903,-0.13654819439621,-0.414154592474551,-0.0139137085810643,-0.301877986671998,0.0744137054515242,0.12605227785779,-0.312673320553859,-0.493089582601021,2006164
-0.806205624771921,-1.33143643415396,-1.98900600429832,0.744137506035959,-1.50249795450446,0.188430683179004,0.610183223608039,0.95045957173681,-0.575725908336168,1.32444096446308,-1.31592635511129,-1.15600325238076,0.0495103759919519,0.535120845108721,-2.81159473244998,0.0570157257276428,-0.550954949203052,-6.83341632730176,0.645296008806343,2007309
-0.259408368995035,-1.00839205428771,0.301326352666267,-0.883499792946008,1.73994146841244,1.5576529207876,0.658699105094571,0.827075891985318,1.87861567040582,1.48008594811409,-0.632240831609824,-1.67396736055923,6.91690975382221,-1.15494205139776,0.120365570962497,1.64781755468905,-9.62686994038368,-0.489834642088853,5.5316336387273,2009915
-0.60921264017655,-1.28108808437603,0.301326352666267,1.49397067001308,-1.45840336068564,1.02595657260155,2.27775908503408,1.15005081343145,2.09971120857338,4.56586569037916,-0.178691465230819,-1.6428828527252,1.43412579228089,0.366068617079172,-2.67996019271455,-1.09798876883002,-2.43470864313758,-1.09928780813859,3.88557031393017,2010259
1.72761924505082,-0.326344803167562,0.301326352666267,1.719515434141,-0.045269467596626,-0.973097688598259,0.0389122129078389,0.221292821595037,-2.93235254903497,1.62873016394733,2.39030804608982,-1.52037960471312,-0.114498703541843,-1.42015754681055,0.877176009997963,-0.800475337615937,0.393498164172287,0.0251277179360425,0.600588703176339,2010554
-0.506586322842875,-0.805618686296112,0.301326352666267,0.690967944736704,0.11935059159183,-0.0682416939665373,0.864164729303767,-0.706286103001559,-0.800552313530341,2.5586657855996,1.77632411806048,0.104426457562634,0.81186834048875,-0.185287078628226,-1.57983120257588,-0.903369007263356,-0.948417329377429,1.11036946313438,0.106238143447968,2026671
0.928952600706128,-0.671028305022614,0.301326352666267,-0.568634802494974,1.88099377873495,1.95528603091962,-1.82423849373366,1.67306539738212,0.272994098252867,1.45358931725699,-0.491987525709111,1.90849757022326,-0.801723844394069,0.476205341486584,1.55198263304222,1.10049681574054,-0.751859825866577,-0.964939912591836,1.74704880466311,2033049
-0.158461875521194,1.15957717788521,0.301326352666267,-1.0931072046057,0.00898549875971399,-0.43850745360369,1.19824689016403,0.206886910134661,-0.761875050042255,-0.316282623212002,-0.116276441965729,-0.324714879756762,-0.160909600507408,0.135956329300873,-0.941706440460342,-0.011728822840607,0.260353285817989,-0.391707308373022,-0.29534779656288,2034136
-0.805119289220222,-0.165123638366412,0.301326352666267,1.05003418447473,0.293871829987701,-0.0884684921941973,0.0186763489723042,-0.560830919089144,-0.693100512882774,0.525183114820281,-0.0252127608701643,0.250661988938177,0.560587390026016,-1.50386447982045,1.46574778773034,0.584629434530405,-0.75101530385397,1.42556801089338,0.88103437845551,2040495
0.413103916058859,-0.262906903141075,0.301326352666267,0.0584092425706883,1.46866899004583,1.1635800561282,1.06226639778129,-0.195496524535802,-0.103469237158793,-0.175580605466447,-0.2745907539481,-0.0416692914393528,-0.371790612099244,0.022701900639312,-0.189263243323987,-0.0630519326627905,0.0982579270773098,-0.374417464129158,-0.48127369751632,2047354
-0.157568348919631,-0.99749707356112,0.301326352666267,-0.160644300678982,1.97656288431953,1.60534075154325,-0.283953566391569,-0.510033348309148,0.332687156611332,1.21042848023924,0.357920202370531,0.970934877753936,0.311759416051679,-0.457290137033231,1.70373184038931,0.757602819797207,0.562768889339731,2.25264306245154,0.633517594556642,2051378
-0.742253210654461,-1.40197018683168,0.301326352666267,-0.0798332593460216,0.247880263984776,-1.61165802116715,1.5288535652041,-0.977990731303829,1.91851997301593,-0.663177828063948,-0.387384469299153,0.246518611459219,3.47828339433725,1.65708271027889,1.99878394331957,2.06215244495931,-0.472167224244542,1.16813652611015,1.48657595146841,2055667
-2.24795009844938,-1.14189559275643,0.301326352666267,-0.692897678618233,-0.207643995590293,0.338743570369574,0.612930257614807,1.11248704307567,3.3691640310838,0.149310724354826,1.7834047812242,-1.4403232171762,0.628124262967718,-1.35456714236093,-3.31165183962664,1.10809759925506,-1.21264435498376,0.509454278465121,1.00492711634451,2057358
0.0427582192832086,-1.39509797013017,0.301326352666267,0.486094798500646,1.23665881540367,-0.137296951361891,1.47620346830607,-2.17629660374778,-0.434421749315217,1.85344117862642,0.237327361721843,2.83012654512921,0.640972091483594,0.0775636110123415,-0.0477924375465144,-0.897901866333236,-0.152895885126364,1.0666625760379,0.518656519784152,2059713
1.2902608893766,0.488320424224327,0.301326352666267,0.75728017979507,-0.912236667381943,-0.418626260193508,-0.580612836866793,-0.207685172034943,0.122197273241781,-0.0453511571712228,-0.209051778597426,-0.176944172026136,-0.311209841322712,0.14418193486259,-0.218056248235386,-0.277452846207779,0.108202259927125,-0.172908913321207,-0.504336785679728,2069079
-0.0456002605901109,-0.509609985270974,0.301326352666267,-0.975838106634028,0.914086010837843,-0.857094579714887,0.49696445562385,-0.389559068840658,-0.560331076993885,0.926975389793957,2.66218102156086,-0.658529219966566,-0.732666050497412,0.827367701417156,6.79957631531792,2.37879244250663,-0.944439559946843,2.42839462489187,0.348638177476732,2070958
0.451666359240251,-0.183160082160272,0.301326352666267,-1.07771878941014,1.87113171477399,1.20423270941323,-1.60153386076055,0.505170354812459,0.0500971354026475,-3.42474381195393,0.616684326285736,2.83029846877066,0.330979525610545,0.117419655627528,1.51063129664734,3.2664045156924,0.0688486961119641,0.023151506918581,0.745808740445678,2072215
-0.980475650311832,-1.38373183943338,-1.7462226644791,1.04706379409603,-1.11766814025289,-1.29797063269275,-0.685379287166606,-0.638654594166004,-1.2896117721957,-1.67920702151866,2.13794857162206,-1.44539252725698,0.645651687790104,0.0619931052344015,2.81329058873222,-0.997652535843268,-1.06043798063877,3.29603493416507,1.74565808374011,2075832
-0.618798918378758,0.271207995369071,0.301326352666267,0.166956254278031,-1.15090091392243,-0.591340198273881,0.467352281336471,0.144601370293076,0.338144771972613,-0.507557390694404,-0.29502316476867,0.0647703686809854,-0.367620939704345,-0.0175686552763402,-0.52990166537514,-0.145768219487051,0.12982346875353,-0.381105069887883,-0.465720625762766,2075846
0.0740821241085531,-1.31325897310036,0.301326352666267,-0.152876841859854,2.46182570371953,2.38751135192642,-0.649899075469073,0.246785017512684,-0.982345916447249,-1.22657747127102,0.500105878525233,2.07394400618382,-0.133467255440693,-0.0694553187052315,2.62066090301022,2.79948535503104,-0.975313546504255,0.728020454621704,0.545284734381072,2076301
2.10126374366207,1.47289584010465,-3.65303536982032,-0.218217511107304,-1.72397561715928,-1.56069449123219,0.405714334454485,-0.0324844220754501,-0.210339149606789,0.0847046279021632,-0.472380508770394,-0.327536633114058,-0.247935380529257,0.212333765865091,-0.728780484404909,-0.201821714573644,0.0846918232158588,-0.212029135986215,-0.464248376985291,2078198
-0.106149674637793,-0.539142117401307,0.301326352666267,0.851482359285831,-1.10166481433793,0.936623818546363,-1.99671341682698,0.9643038866995,0.268055743738106,-0.277322036894526,-0.23329551434698,-0.180421394578613,-0.341555426318698,-0.246113464483676,-0.797360129173136,-0.158386797703437,0.287554313982223,-0.490771819055598,-0.42867152892505,2078899
1.48284386435075,-0.0163329836330492,0.301326352666267,0.760927535982818,1.06704713434976,0.710434143644731,0.637786353156292,-0.866508159155468,-0.883561063685922,1.82827724059041,0.511040615343794,1.91313950603205,-1.93750601361174,0.578335065861975,1.61113395567256,0.918607585626319,0.871582186673363,0.988485487993699,0.986745483759219,2085349
0.028417989270946,-0.189014991692863,0.301326352666267,0.554906940462227,-0.890602106597318,-0.596478650307421,-0.385711103084966,0.238420263871664,0.0254676222854483,-0.325067487197885,-0.178250715566778,-0.386991879424627,-0.280102240252428,0.663360129169982,-0.368027421773938,-0.201399697924072,0.0859129536416479,-0.188791975765507,-0.47972100854919,2086044
-0.44569478216333,-0.523380286583017,0.301326352666267,0.141012699416505,-0.337081737962391,-1.24189534618063,-0.383476918422068,-0.999618415812303,0.0114453662892456,0.0143707711640453,-0.17105103898544,0.0232746378150627,-0.654420363482602,0.337590016410387,-0.30730529058674,-0.162369775014319,-0.428570615714441,-0.152321302081452,-0.269808355975358,2091555
-0.575925164809846,-1.51571430175197,0.301326352666267,-0.628320121022582,1.05587422465565,0.65276766608484,1.06327437848728,0.167698025011144,-0.922220644213119,-0.432270668976921,-1.99709854084363,0.188449387023888,0.0330137799569062,-0.948006882426286,0.882018526056006,0.928808609544243,0.219906412845927,2.6342317957411,-0.258531100291248,2092954
2.25166285215278,-0.6250178463922,0.301326352666267,-1.03260895706134,3.51379764287294,1.63717762301758,0.945659858226691,-0.722843484150239,-0.685147305117714,-1.41910778648349,-0.543225553307481,1.37038256338127,0.987661783080101,-0.528324629956245,2.848102087739,3.0757455083219,-0.80383899990746,-1.3905067614652,0.486989646470892,2096627
0.227916990488512,0.0425233679212466,0.301326352666267,0.103765274372445,1.9021649576062,2.70373754889863,1.30619954090755,0.47021431670588,0.513947828688417,0.0568256879165603,-0.546858458079482,1.12749222369256,-0.227513608973216,1.87839884360557,3.75752362544576,0.249618981522031,0.145759214523898,3.70081802282907,0.124760430933674,2100050
-1.21224449192852,-1.33006740434301,0.301326352666267,0.776416531137095,-1.43195102015805,0.818829869644475,0.0410445707575347,0.943455653800093,0.826698984595347,-0.941722378213171,-0.156539283625742,-1.97010701792956,-0.0644707293062626,0.158736757316379,-1.8555943814112,0.485148474732849,-0.806306928391082,2.26948056397417,0.725591159432896,2108003
-1.17978320031286,-1.06047663784503,-2.74427586240045,1.29970119165895,-1.94317930672943,-0.890673400933026,1.20210267587995,0.320400837099226,-2.66532222456631,0.942128867353074,1.45465216591362,-1.76853840924577,4.42053643229028,-0.257226859505026,-1.20157995244758,-0.963665226004528,-1.48239945455806,1.03341867432262,2.68177612989396,2109902
-0.102864887144579,-1.60772747267436,0.301326352666267,0.494624571629034,1.38954885418128,1.12335657770255,0.618802785262034,-0.160833031192909,-1.10118870681643,0.065467242172379,-0.217289252454419,1.76693384840778,2.1718837357849,-1.62980668771434,1.27409663551131,0.704048546887222,0.206962805078343,-0.552074483100722,1.70973994502701,2110540
1.04542729895071,1.61683372215564,0.301326352666267,-1.34327793189537,0.631106418925768,0.206561413826662,-0.304132054518113,0.869631333459655,-0.36863370943824,-0.134992219407771,-0.0469187639072725,-0.0143829298381839,-0.383568010574639,0.310186355968526,-0.332777646624534,0.000976648184337032,-0.0374944840018717,-0.333273384207356,-0.445918760258566,2116787
1.40139978843163,-0.182409458251884,0.301326352666267,-0.800188706474108,0.499253538070021,-0.556258299296237,0.287909849733929,-0.210150723215147,-0.441000343807922,-0.653906344932433,-0.120085448051493,-0.709795487375511,-0.310232299696867,0.40145629676368,0.165933690620552,-0.260962831879926,0.0587728753599082,-0.463694338361611,-0.405774501129554,2119177
1.67049575622271,-0.810308810868811,0.301326352666267,2.00030604555465,-0.2115747769608,0.793524207945944,-0.727135423033373,-0.795996935120626,-0.258173060430758,-0.691596696221425,-0.0464068252056923,0.306434622142321,-0.183766895869269,-0.172987466689307,-0.188378159930639,-0.314206228140373,0.401719190232271,-0.265905115022666,-0.165454227024373,2131601
0.27145105896989,-0.707094559376888,0.301326352666267,-0.23758237916078,1.91507135201261,1.90056356660759,0.175351115140554,0.164399914226227,-1.07309691933769,-0.585842072370194,0.301666820437413,1.75166445190086,-0.340291687361728,-0.259896022143481,1.06810779931071,0.100737889586853,-0.912667935775774,0.201739492692099,0.44658973644128,2132424
-0.513843134689474,0.952742805094653,-0.00788247043011546,-0.176604119973237,-1.58243971994313,-0.481716525247483,-0.767000319593034,1.01474166276065,-0.127505407760551,-0.200327254643706,-0.280560095016349,0.0727053862450168,-0.530542621315557,-0.0918880872844456,-0.592257194418077,-0.358954786089436,0.215548533527055,-0.460600032916288,-0.40750532387923,2132982
-0.741963802070842,-1.35944317002456,-0.939635445544305,0.685173034105522,-1.42108004682562,-0.843981967156544,1.09914767932056,-0.0643968450296128,-2.26107428120676,4.25550867287871,2.8085865568195,-1.79804704917135,-0.275158410463287,-0.00332873290982024,2.23892731237252,-2.79622529316125,-0.504674003130397,2.10937463422364,0.437602643527483,2133204
-0.243100571265819,-0.437958224849095,0.301326352666267,-1.15647382066942,0.837387428602113,0.608845920665147,-1.16096568684436,0.764891392304157,-0.340454361305841,-0.202742906218196,-0.142165204746864,-0.118423559813706,-0.482112967884523,-0.0731903629166443,-0.290929333380097,0.121973280274206,0.182420176147529,-0.198768101178272,-0.473185764833008,2133380
-0.921423769471531,-0.656719635693036,0.279459878331319,-0.761532042179219,-0.330386962424018,0.235435173243565,4.3044776787199,0.618108098436471,2.10943216704514,1.32487972363344,-0.801372027989682,-0.228983728552803,-0.298249069786451,0.566250558132412,-0.400120902833933,-0.759223882514555,0.0405144483622758,-0.218701309911676,-0.463789015446304,2134220
1.38052861168905,-0.40455160490031,-4.66332477265531,-1.75248649004565,0.858632089616006,-1.08816934371131,0.062792902191919,0.417691038378192,0.159661305215042,-0.178850144114965,0.0550424441623106,0.0662790745320356,-0.243084352269146,-0.147226341472885,-0.140431083591741,0.14963815793304,0.213818420727542,-0.319410967851361,-0.460919040798942,2135748
2.23973821205922,2.23475251879534,0.24676798036747,1.34435923750795,-1.20721041664245,0.723091098543964,0.612773096308191,1.29838277332561,-0.121711433283059,-0.439066045968597,-0.349942209423572,-0.287467177859618,-0.164364014517211,0.12209799914183,-0.0512080903488691,-0.580897268917079,0.157112162743818,-0.398455390099423,-0.476034427322945,2137799
-0.0629730985311413,-1.07730599775729,0.0608506336475314,1.5206016865237,-0.652012647462731,-0.619173535253185,0.925064389954534,-1.00660101185686,0.540287530874854,-0.261448769489993,2.35573975557554,1.0776930891452,1.74387997898797,-1.0802873227866,0.892444268788109,-2.49665842116294,-1.1005578690394,1.87885195048616,1.11925741348955,2138375
0.00309240614358994,-0.786732293881915,-4.36538732324755,1.43096897994553,-1.69940955830631,-0.377911836177355,1.71458440504327,0.935542724731315,1.15052681352075,3.86893039865243,-0.914934928926346,-3.93127811509708,1.71046734881699,-2.52518247510191,0.519067721577948,-2.05104565719025,0.111327485740915,0.332405409901386,1.38928864264741,2138678
1.472732890064,0.700480282314782,0.0964531946563909,1.05088932430574,-1.09552223048366,0.91737425268614,0.0814605986140091,0.447583466335794,-0.50669983427875,0.191461758366047,-0.344415567189252,0.481610685309569,0.0329131234703401,-0.316739059830979,-0.254622064963142,-0.353024621484298,0.168148235513306,-0.342577872856923,-0.326513465492116,2139733
-1.88316982567268,-0.381297912243015,0.301326352666267,0.341104970316256,0.116848412533347,0.868631610760696,-1.33599045963785,0.582649226539117,1.23224224821429,1.45661001199201,0.16593143962985,-0.759937351046826,-0.5541738136722,-1.75959148486739,0.782160253776779,1.90387655022808,0.165508219749459,1.55972280569156,0.403110663586609,2141116
-0.026184818035516,-0.00684376047898052,0.301326352666267,1.75728801837813,-0.564019652786567,1.63503252589526,-1.14128107576739,1.75670161306837,-0.0756025164188091,-0.0362428018076555,-0.11123118597791,-0.0985835934323982,-0.660766659973031,-0.403656702033314,-0.485216292990125,-0.218051755018796,0.0261044412888078,-0.406695638953868,-0.435882466471631,2144796
-0.522844792805392,-0.827149697810673,0.301326352666267,-0.65675291458901,1.00948854400347,1.11736061473795,-1.01419101205673,1.93620568762911,-0.032861298788335,-0.0511231482410882,0.0385463911847774,-0.379747551784268,-0.419445596471564,-0.0408455395643344,0.089138468552826,0.207097066467883,0.174849106709737,-0.307712749636817,-0.49728664774249,2145166
-0.36778446173449,-1.268290240949,0.301326352666267,0.483204244641129,0.975682073970765,-0.09370043317418,0.547043092112037,-1.96375822336048,-0.160136161807831,-0.96927665174423,1.31609913507077,2.64158293155385,1.52972093770447,-2.44720468850755,-2.07636866786399,-0.280712617462496,-0.00609485826323263,0.880592273387456,1.86862065694223,2145694
-0.347948966235962,-0.585439461456093,0.301326352666267,-0.502005152017934,0.830920076924961,1.37544190691874,-1.26113066786634,0.757539104457456,-0.134741594381762,0.238348657494158,-0.223405511379753,-0.0394911600075405,-0.106143754481191,-0.155411936576945,-0.0250780978711441,-0.251127212927425,-0.0393943412820518,-0.507717131875169,-0.372913986515884,2146138
-0.281265554477185,-0.0656279610859134,0.271300908641918,-1.28826419607085,0.219589868048369,-0.0196324727640673,-0.554890955880934,0.360614287185449,0.268805228517096,-0.0678785628617699,-0.273230903743784,0.00607399255687529,-0.239679498829471,-0.143658618189224,-0.150977015345565,-0.168197684179255,0.0415330058608583,-0.269885895494651,-0.399702133644898,2151024
-0.103064679800896,-0.122661580172225,0.301326352666267,-0.93829400733188,0.516681410201486,0.149908792760728,-0.747135418812633,0.0117480207664584,0.335850820819356,-0.437280471113394,-0.246156088762567,0.0973068442822345,-0.506655522967363,0.0236497544358622,-0.145139345649333,-0.00844776630880723,0.0567899714951538,-0.33485776824845,-0.434571711706009,215131
0.36320423832257,-0.513007277232828,0.301326352666267,0.540274417514306,2.54637568964226,2.12896481838876,1.49125594740326,-1.28296430897795,0.609249818664962,0.102990155742043,0.4471157480541,0.564329225976379,0.0699917137271805,0.264218152549121,1.7512042104979,0.42504994499784,-0.0152231313126992,0.764964038211277,-0.227937630986453,2152442
-2.30070718673492,-1.23310616083283,0.301326352666267,0.482279031747725,0.230637060574037,1.45839871055633,0.138749015189438,0.949546952367401,0.0676059339899776,-0.144692107776477,-0.16389403286278,-0.104674874255473,-0.295461829570781,-0.173811151954186,-0.247162803225655,-0.148289372554095,0.243567395482079,-0.285125634137261,-0.465520687845876,2157529
-0.643900860902803,-0.0547765020299876,0.301326352666267,0.321922489689604,-0.543722483621985,-0.903733311359823,0.073870518669015,-0.64702386379822,0.33965024268826,-0.16624300865637,-0.129553133340853,-0.147637842240892,-0.32187306660483,-0.0143009744561016,-0.205739046180977,-0.211978731016349,0.165571796358387,-0.166254907786386,-0.493518441091485,2158101
0.968342514851654,1.57997969726675,-0.653253088608784,-1.16569240971545,-0.221398069089585,-0.778712893200093,0.0524039282698027,0.103351959215728,0.801077648187577,-1.54023246027913,-0.0265918523636932,-1.41955975292876,0.435921498327498,-0.446210902300581,-0.354425012657657,-0.209320560490171,0.458597696123399,-0.420250095205809,0.0415542184242187,2158329
-2.36354432597809,-0.815126554240143,0.301326352666267,-0.314604647954438,-0.471200593322826,-1.54148186707907,-0.408544950970266,-0.587485907947857,-0.848037641531406,0.817371334630846,3.39904460525007,1.33785866435743,1.02033529098313,-0.546076914831663,0.715391035816688,-0.553041498097626,-0.491325661942325,1.02850198679815,0.120466848806512,2168082
-1.06558123252112,-1.04003368631037,0.301326352666267,0.115093387086262,0.456881361389721,0.0460770656253183,1.77748107144173,-0.30067616785475,0.642367481284757,0.274452145922245,0.299956103245745,1.2976662443861,-1.44718922649172,-4.74783368200166,-1.2350372430134,0.587821165251563,-0.267136236876104,3.00907743285673,0.199331471053738,2172217
-0.832812611333648,-0.646659234494876,0.301326352666267,0.684319991966534,-1.16544431153544,0.146152994712976,0.345469415228198,0.585734609453721,0.47932578360208,-0.240039432288553,-0.0672538252790067,-0.0741136216471962,-0.496322105165699,-0.151689033626332,-0.131825824370259,-0.445777051101949,0.24001486858739,-0.285850880844144,-0.456042871337014,2176530
0.399957494599502,2.46943840466825,0.301326352666267,1.4040383364029,0.665741554716893,-0.119521132967849,0.779126346695903,-2.61354645197681,0.458078646368413,0.616269653400754,0.806208507498159,0.840991602538427,0.517299001123718,0.37510247191372,1.18373758633837,-0.432540134159174,-0.279005995488025,0.528593355912705,-0.161707704874717,2176784
1.16218667496852,-0.375973158056153,0.301326352666267,1.59326435815806,0.203569788051202,-0.951139306381212,-0.751187065513983,-1.96086979193715,0.396398070121854,0.722628415392742,0.32146665377281,0.298845963639189,0.282267039052693,0.533057208122435,0.10745441343291,-0.958030798098732,-0.742164590666154,0.42691548965551,0.456904575710318,2181724
0.197458098061298,-0.214742808509873,0.301326352666267,-0.944326736207034,0.423798230830688,-0.827781254768946,0.0850950391095505,0.281944628230773,0.00061487361489133,-0.15333023750913,-0.0877898730777508,0.0654074497121807,-0.442204034445752,-0.0390552910558103,-0.0565973764714025,-0.158433724187215,0.186156010047499,-0.331886027759336,-0.369466234894606,2183291
0.506907609414803,-0.00525452096876834,-0.50073245848513,0.00819822688950036,-1.18676817243628,-1.80298983198953,0.405804309185779,-0.214768723209158,0.403063418379281,0.132243573545474,-0.228536225617089,0.0280515715268789,-0.28444744699634,-0.151902978766218,-0.237706601857406,-0.242778419886516,0.138125816599089,-0.348002761867387,-0.312306621295059,2183356
-1.66745898876161,-1.40210455330023,0.301326352666267,0.0592420402710788,-1.22100783143826,-2.09855916973457,0.535255824734287,-0.172485877815984,0.99885403764731,-0.673924460608623,1.23499237353698,0.495233632205885,0.519364967546673,-0.394855384999045,0.0397476167500532,-3.7241014436048,-0.209636649787523,1.04558214747581,0.797426485555791,2185290
1.49461693465755,0.543261276331162,0.301326352666267,-1.12251374100976,0.484865583952739,-1.52241589615295,0.797504334666162,-0.243049251245899,0.286717255050587,-0.303585856523981,-0.0303492463377013,-0.040171660485729,-0.413784564503136,-0.231430042118181,-0.253100256041446,-0.0419111174303771,0.240284279979573,-0.356413991706702,-0.449733947834924,2186951
-0.052207439356779,0.74227112695766,0.301326352666267,0.162336133301479,-1.19350515214026,-0.709519235418713,0.383477434313823,0.45825686071668,0.238980714588362,-0.187474642195568,-0.383280625525005,-0.165603308775727,-0.312708088831285,0.137609385342421,-0.120752055089745,-0.283226503731623,0.127908454030175,-0.14574445367454,-0.449726039151875,2196212
0.988484327337942,0.450632423280066,-0.857016796086011,0.0838480597881657,-1.21298421105088,-1.61501991837565,-0.481211996071485,-0.228751234168851,0.244632001768486,-0.214004689612804,0.313132302831178,-0.340080821132065,-0.0177341401177542,0.0463340539014051,0.0444623411961134,0.00643195918358964,0.169587996767147,-0.257103279060677,-0.452780877560087,2199403
0.790267548668588,-0.44244313429614,0.301326352666267,0.297530768668784,1.65095619860654,1.38071602902877,0.579030397269448,-1.70759559110489,0.029919817124223,-0.365903683660004,-0.121715538233169,-0.7862035111148,-0.0902515991421225,0.205720859675021,-0.178288011677985,-0.0841013900638549,-0.382613970478839,-0.330560366562095,-0.0409335650729998,2200416
-0.824945674102706,-0.093871235740686,0.301326352666267,-1.10305278391473,0.315728869163968,0.0059977467333914,-1.5389095714022,0.341395648110088,0.697967103176444,0.967201741961346,-0.568625778049069,-0.596552368302133,-0.276057011778944,-0.145537782074732,-0.310024254952723,0.100148123399565,0.147981323844859,-0.302906425351543,-0.460117435559592,2200813
-0.322612882275645,0.0265481774905244,0.301326352666267,0.418309455969512,-0.91021284844805,-0.434950214680849,0.41840286031489,0.230045008555999,-0.229587025923504,-0.537940920384199,-0.314908983537852,-0.688398095980091,-0.130194220882354,-0.0872388284469346,-0.316181127518438,0.00138073377067034,0.374119912784767,-0.384944201202996,-0.402212758704222,2205389
-0.0744510933748866,-0.973723836584009,0.301326352666267,1.34909112638243,-0.719380003462803,1.17675935728095,-1.07143636191401,-0.725794345245045,-0.110309313496469,-0.468039353604036,-0.0326225766271716,-0.566858766766994,-0.25111195146168,0.0497407341340326,0.359226004884406,-0.343248327337928,0.236584712367637,-0.0879400859631995,-0.443874745996201,2212664
-1.14649676690569,0.814158874909218,0.301326352666267,-0.122547018622844,0.121582609750774,0.172810229982231,-0.0137231801274342,0.0577751068652836,0.199437786920724,-0.377942641736718,-0.214908243177775,-0.0243946846409879,-0.357908745085463,0.120802878062533,-0.321059457147597,-0.0790617879622699,0.1009152504118,-0.307169092342509,-0.320539603525627,2217034
1.39944189644654,-0.122329510726813,0.301326352666267,-0.453462680795516,1.25972635848511,0.0080572339741865,0.69670213843516,-1.31631966659693,0.347162934766658,-0.116074549139048,-0.0665861578585449,0.0392528523288091,-0.270433743806826,-0.153339863608147,-0.290134591886057,-0.0583325253507126,0.194031430835482,-0.255945427223809,-0.453919962312185,2218615
-1.57481228808978,0.0362444154017333,0.273855365918375,-1.15890197075219,-0.951450281785811,-1.99095779354591,1.5881464416953,0.045162089113044,0.336157223125759,-0.345233481823298,0.0257541103373005,0.0518709427232096,-0.133068209493814,-0.1888473280483,-0.332904752236692,-0.182538070408975,0.199926950071412,-0.421390187972426,-0.403688840331263,2219842
1.70449606176585,1.05241544266526,-1.34598077770795,-1.59515357623932,-0.149490573769091,-2.05444328488319,0.541586092804813,-0.423027591665745,0.166442827459521,-0.122141415212574,-0.198313532857162,-0.0543034383336424,-0.139848925275512,0.298567229484785,0.220490790540606,-0.184291142004895,0.0623061956490834,-0.0662179141931799,-0.385400612726376,2224150
-2.24319255792965,-1.43084410884464,0.301326352666267,0.255765085949761,0.0113425875217889,0.789156373451781,-0.197528912186965,0.884342807043813,-0.162866831916679,0.00372944111425248,0.0314336965457803,-0.127035864220187,-0.477920886675939,-0.0007094266094383,-0.222066426905724,-0.205258285373109,0.127697982376314,-0.353229186973277,-0.465090336271148,2228399
-2.21926683436362,-0.992680508573678,0.301326352666267,-0.849523593533727,-0.732274567377362,-0.592740117370035,-0.135422996532919,0.895964849635471,0.491342923868432,-0.195130370254966,0.0768282617339488,0.295807364819289,-0.241974404402894,-0.198925597426137,-0.389916578976285,-0.333221682255025,0.372269229876264,-0.0617465631215769,-0.350558778407988,2228400
-0.479880320123319,0.0666782980189607,0.225697813958262,0.63802196476866,-1.21414996336441,0.223895846114087,-0.710731082271912,0.900911497145641,0.0941237785523126,-0.339242134963524,-0.10657656820126,-0.664969367481731,-0.401824585888013,-0.0167706642724115,-0.368357314192839,-0.05151964816982,0.153445598966297,-0.3599430928574,-0.417766581860996,2234271
-0.631343339823462,0.0487944260715221,0.301326352666267,0.845870931840804,-0.948846798185297,1.14293854024367,0.144240287930362,0.874297791835841,-0.223907552944471,-0.391526029277056,-0.191345983454711,-0.163373717142159,0.0116377274689795,-0.0568562192831757,-0.393675006837714,-0.122465693648995,0.474633374332676,-0.433933432049327,-0.329930994066565,2234422
0.526556661097896,0.520756052111048,0.301326352666267,0.308206992216823,-0.236529612045166,-1.16731145233791,0.627449928033212,-1.21557173506707,0.237684814302989,-0.107022940656878,0.133710382434641,-0.39457454808576,-0.323854743105857,-0.234419935579222,-0.570242507803327,0.266684771132893,0.126960239119886,-0.35042421116784,-0.466011459232456,2237571
0.326538084616057,-0.984156893577762,0.301326352666267,-0.407360895982775,0.521701600206895,-0.0730732738153259,0.97074139633742,-0.165918072946394,0.390954129493205,-0.547292644124834,-0.255103537000454,0.210568860492442,-0.256107039285556,-0.486296420122177,-0.530110764853962,-0.102229869805825,0.687984323536113,-0.197562830078988,-0.284117607796275,2244172
0.120538322613861,-0.924546825840298,0.276589734092168,1.14010875075631,-0.784351629347877,-0.333933646971102,-0.822620764373022,-0.880263297423862,-0.0793413042797969,-0.213065401376768,-0.292051560530531,-0.180632417122879,-0.0542037819077497,-0.0893752844988922,-0.156878902734071,-0.358073251115128,0.205392068952569,-0.0288231044992174,-0.447086495223425,2247869
-0.33212701491302,-0.440054799747234,0.301326352666267,0.973183379177383,-0.278972302511116,0.432784518449485,0.69623964917202,-0.479423685973061,-0.0683437184784008,-0.441440169836345,-0.177621649409514,0.0958169460092887,-0.186905629718119,0.0843925537042079,-0.510506714166553,-0.306021791231101,0.176252933100071,-0.487454449102824,-0.495430477796154,2250648
-0.0320334216059695,0.139132408175504,0.301326352666267,-0.813785566624325,0.284092515841536,-1.24424928974883,0.387675590697863,-0.643547378978613,-0.353498479675616,-0.216704399246332,-0.18849396933814,-0.271409357502288,-0.32234768557241,0.161473523582881,-0.350051405018792,0.0166973333480385,0.114196604221717,-0.148651489805951,-0.395077621853827,2250836
-0.385445641736434,-0.464946052904046,0.279304229235958,-1.11087487422959,0.44682874499592,-0.856997417756227,0.469882560785933,0.0319132877259432,-0.208916224303957,0.0840021384782801,-0.142169316534602,-0.00881796120688512,-0.358785520053426,-0.0849010326376963,-0.194921292120738,-0.0394860899944326,0.12925381975379,-0.348269283305296,-0.43661607046381,2267382
2.04805187200975,0.0305393551502082,-0.312111758691969,-1.4228041229332,1.18976717866133,-0.788618775910828,0.226488875036051,0.216333270784833,0.0384984341008642,0.252884879809934,-0.123165991854431,0.109776397155496,-0.387607992525868,-0.162253528022439,-0.312866643119995,0.27971438514004,0.223527357675569,-0.336753825159404,-0.444319196257337,2269346
-0.222516110262808,-0.0860936760920855,0.301326352666267,0.812680435424242,-0.598591549162655,1.07301697151783,-0.777628513234763,0.737242414738837,1.25967794521606,0.0465534306636027,-0.23930119922759,-0.985647494271256,-0.492673252289686,0.871628298757111,-0.942686643885854,-0.0352353071011836,-0.0635008595370937,-0.845088896724906,-0.395233456613091,2271329
1.05208405070395,2.04407320453576,0.290340187690353,-0.7665383837007,-0.0883793596481311,-1.13073430035831,0.079117412643106,-0.835476227522448,0.112314533029132,-0.188923728627129,-0.218417533358982,-0.469706439326355,0.0764356588974784,-0.0835369637517994,-0.274751059009568,-0.027371803581145,0.0422082363706341,-0.42782573061186,-0.440536974306851,2274521
-1.99090593197796,-0.745030365661561,0.301326352666267,-1.41957985350048,-0.769285443856803,-0.848519091382063,-0.309741291568714,1.10471099426494,0.399474021659625,-0.581710928504135,-0.208367453418861,-0.148106665969767,-0.476587597673789,-0.0565793033725777,-0.142935948384151,-0.143108733813419,0.213787699263627,-0.424865318357728,-0.411768141392252,2276121
0.99024937243587,-0.385042633589028,0.301326352666267,1.32458144530727,-1.11081119372681,1.52975045649448,-0.817637642837753,-0.631581891825071,1.07632511402645,-0.616936829500982,-0.217844590941965,0.671156028878203,3.70668973706214,1.7200138600642,0.0450720993693465,-0.318849967491456,5.15124415205345,-0.369757494992945,1.49342956899545,2278618
1.10675566000452,0.415253892651258,-0.0798080691179675,0.790675865297693,-1.19072967240465,-0.50864176173004,-0.255139036093476,0.461989267612747,-0.0846211252681118,-0.191101675498475,-0.150761843219265,-0.152826084000811,-0.576824684210566,-0.0566713589409157,-0.288066634681128,-0.291257531194647,0.189069562256398,-0.284268124103367,-0.327930278636671,2285214
-0.842678047658785,0.448339330702186,0.301326352666267,-1.5986850983885,-0.160104786664844,-1.00996569720458,0.426440121498967,0.563394072619269,0.143950094960881,-0.909199291792949,0.120941605539357,-0.0444229091506386,-0.416313979608371,0.0388202032574244,0.0717524642693237,-0.241505314248109,0.217414576650939,-0.312691797509366,-0.440199967795948,2286108
2.48751509547496,2.48633341912556,0.301326352666267,-0.645405288712105,-0.485772855655675,-0.77903724510641,-0.0551190523948189,0.513481781964413,-0.171659780764889,-0.818119703146377,-0.0184193886533878,0.0470163989305615,-0.967409963693786,1.53001714941451,0.0472066509252716,-0.289365306558741,-0.0267411704431836,-0.575089194514945,-0.261434471337814,2293123
-0.328891958862016,0.98856786432435,0.282365726639784,-0.166430138698055,-1.24688113040949,-0.95055804597287,-1.18393276915902,0.747209257493696,-0.403086376153476,-0.224136272424417,-0.15384785222711,0.00623808986185797,-0.232110336451003,0.00135341265244062,0.0139854692103453,-0.454407664657895,0.148216348750299,-0.401070996672543,-0.404506114516047,2294852
-0.585976072271717,3.71949610241207,0.301326352666267,0.561780418427646,0.105229120787574,1.43167255015757,0.09205927647597,0.94840733066854,-0.462559771775789,-0.15457367156875,0.0741956261851406,-0.0276914232779961,-0.187034922868068,-0.0124977611894562,-0.412367967254468,-0.27666821925851,0.102264112302284,0.0763226320298652,-0.487458271788842,2294873
-0.607331311476807,-0.797044047930652,0.301326352666267,-0.779746250928327,-0.515765822674868,-0.777310048213657,-0.517989989404927,0.442042284312152,-0.758086923706089,-1.36863002952409,-0.559949934632581,0.342995308811536,0.407580742536199,-1.07604703316731,-0.366091413726506,-0.336866140682678,1.11593756647706,-0.494240275488973,-0.0526698551668938,2296332
0.885423848199634,1.95943181528027,0.301326352666267,-1.15208025654219,0.680382564472185,0.325051467984227,-0.539081107587092,0.692384950538277,0.0183973094284901,-0.389283979930149,-0.166034478037914,-0.106746447024229,-0.320046666679899,-0.00370758387392003,-0.499031236878835,0.199658630462358,0.197888429586466,-0.418446277930197,-0.507649866019345,2305114
0.702704890361576,0.680755966411942,0.301326352666267,0.898864851164647,-0.999711060734287,-0.145610011362477,0.173673560402841,0.425628294718132,0.112521877566533,-0.27425463377107,-0.169540201446047,-0.090970869004902,-0.319577258582446,0.0537503395666236,-0.432969101138247,-0.234227810526103,0.13496510234062,-0.166054887199178,-0.451189288956015,2305115
-0.227432704083398,0.590428325391195,0.301326352666267,-0.398120092082527,0.924204331709675,0.395195641503998,-0.86208025228457,0.0941531948787592,-0.243273936883178,-0.284492734779504,-0.0392650429533084,-0.0291408804585437,-0.206938803080551,-0.0877219790635183,-0.0580194881046942,-0.0904899593316495,0.156911259584218,-0.35883416493332,-0.499464533774908,2306459
0.68788751555689,0.281191598066804,0.301326352666267,-0.853547793374791,0.890843760588614,1.07244504365226,0.0309914755243922,0.732014844066882,0.0540342694661311,0.323325900627487,-0.260246568519011,0.655266793141307,-0.526084827812897,0.0321539254022535,-0.146662678095755,-0.199997699800868,-0.391730854907954,-0.354074402779727,-0.204080039339786,2306893
0.849570312937607,1.59830683742957,0.00719086976109925,-1.61149538006076,0.308880087402121,-0.368514202616114,-0.880177246902611,0.653195271908665,0.170956095837594,-0.505747886668698,-0.51709761577251,-0.0443299181282959,-0.557324935887177,-0.13678546440353,0.420051932710463,0.178177022000254,0.268058562483085,-0.614614980299112,-0.429040829420381,2317120
-0.250631464541245,-0.214452427851167,0.301326352666267,-1.15789564470766,0.301293541530454,-0.823111146419606,-0.324643716001735,0.403564455637551,0.582633933124708,-0.820416985168387,-0.224486229486808,-0.527767335485042,-0.862672695794269,-0.556290609057741,-0.0402080469464077,-0.0556491526067141,1.77186503028478,-0.16370885888873,0.105429800301215,2319068
-1.08952335711602,-0.716062065067659,0.294076845547116,0.471057541107703,-1.25278945066978,0.325801808491825,-0.651105737690677,0.719259849274091,0.126620862061494,-0.176775634016916,-0.283543643864328,-0.344596576879152,-0.0332258814068788,-0.202430543566229,-0.479342740613045,-0.130093040146919,0.124010306784232,-0.252399065709334,-0.426055943308218,2321962
1.925146001303,1.82238114873064,-1.58056518449178,-1.59098893460944,0.311497162632103,-0.793887870172707,-0.470708631453061,0.401516337837976,0.336236254988659,-0.38666010598497,-0.149461290606627,-0.269821531236913,-0.535869750660874,0.0544508962573649,-0.102268263433905,-0.036876105406303,0.165996283147541,-0.274854923347976,-0.439891009544418,2331869
-0.370341413068324,-0.1155086206905,0.301326352666267,-0.266172702933539,-0.0630836668574987,-1.1181685891085,0.563445339099109,-0.678568990326529,0.000259234045041853,-0.251940453844304,-0.129797048747986,-0.161085742747836,-0.257523856823352,-0.0180363185451118,-0.171760563667172,-0.16028799861179,0.209275106063368,-0.224498184399712,-0.494739909282659,2336735
1.01419760557474,0.434640995438089,-0.456796713593043,-1.44488248544135,0.369030693452092,-0.383413902113572,0.870405432088033,0.604980306622755,0.135096464014796,-0.0985338265590774,-0.174516169080103,-0.118654800379517,-0.135385231289284,0.495368198611923,0.204254362108719,-0.0914940915263848,-0.00873729513884573,-0.35812623932559,-0.379980618233183,2339674
-1.00260629482854,-0.338639448349988,0.301326352666267,-0.225864707459839,-0.970235697550697,-0.776447996466395,0.346831290675229,-0.17944192870956,-0.0389566867694459,-0.272140937034007,0.00593362640087313,-0.239855897677444,-0.214788976003485,-0.0341312736937306,0.103935708479711,-0.351246572822462,0.212247660257269,-0.374990258108775,-0.413760931050646,2340155
2.1287357446805,0.771670622828182,-1.31891105990056,0.423723127670157,-1.58047125763586,-0.906781654735911,0.152603171944613,0.394359223835098,0.269746736425765,0.172975588430137,0.0608189473315232,-0.425589825671839,-0.262046592438056,-0.0360379666266266,-0.464408382218229,-0.366888123317779,0.0889158022749917,-0.364042640455405,-0.339209310944119,2340322
-1.54134247772718,-1.00455308248694,0.301326352666267,0.309774240645247,-0.783968496131356,-0.199241839746102,0.174607090641657,0.0181651631338048,0.114226857006461,-0.419078540136913,-0.0801207476268035,-0.155346565843984,-0.359858756598266,0.0744596500293898,-0.202988728017364,-0.155341857634184,0.189340134338105,-0.321985457466681,-0.462797285581639,2350037
0.426597168870627,0.297454105780276,0.301326352666267,1.31383941523245,-0.641914801630071,1.04383847198662,0.694951388852217,0.148477655440121,0.318449669017426,-0.297126311442333,-0.235128453374489,0.0138890610225494,-0.179407666943999,0.409731973903978,-0.340027168240301,-0.269444309393117,-0.0102149597570758,-0.364576811886272,-0.327375826384031,2352038
0.585420058246658,0.89204897383231,0.301326352666267,0.00756608491103835,-0.0856462053544245,0.91051961143325,-6.03404018374204,0.797339778018575,0.0345528271326847,-0.176713231198911,-0.176908164428191,-0.138465728715126,-0.325398346201028,0.121496636833083,-0.210079682005239,-0.157236008883352,0.237468707050585,-0.459486150612756,-0.480899118379611,2359944
-0.0853335539083178,0.604381526720447,0.278676435847262,-1.54779292439943,0.539811486294031,0.00615047667423259,-0.635086987688759,0.89402833132812,-0.330854258017387,-0.0368628926393812,-0.181623287616197,-0.246871563472888,-0.447264674621677,-0.343266214735775,-0.162791860026253,0.191211598013747,0.254972485528895,-0.387397953200871,-0.457070986529055,2381907
1.11864068309742,0.928618387273554,-0.00918323150801937,-1.73140226893239,0.183726731616431,-0.979122158942231,0.354625405365952,0.962486913279186,0.106290053164642,-0.102692094861096,-0.3478257595064,0.348964692828295,-0.24572297528999,-0.0305828648872008,-0.184170307677993,-0.158939425367346,0.304873684915847,-0.331838621569051,-0.338328901359237,2393207
0.177181621229023,0.359027012850075,0.301326352666267,0.781747266226211,-1.16228592311117,0.0942510925094053,0.0829343457347131,0.490777876805622,0.351826903349171,0.106371794194754,-0.0621419830826501,-0.358055425211709,-0.303833638726143,-0.0389613381808697,-0.0103394410789929,-0.299253027959494,0.172954235164934,-0.328687959649373,-0.422752261643727,2395415
0.0414761369659901,0.444868983559301,0.301326352666267,-1.42118387223994,0.615876068029225,0.240744787997778,-0.188672187789306,1.09865367065804,-0.204649858020189,-0.0778159630663705,-0.122205842279667,0.108202612464186,-0.271221084879473,-0.0545974509025213,-0.284601150400419,0.0407678657963247,0.223338045673984,-0.377215694799632,-0.407921387867151,2395943
0.261993764998897,0.248312383635252,0.301326352666267,-0.955798421390966,0.755609504303783,0.364178961165459,-1.24105194658692,0.282825415060789,0.250138622584605,0.0690900791072074,-0.214988741398369,-0.326214380815206,-0.637333912811383,-0.0682450884146088,-0.286999017969317,-0.0336091800680751,0.108524605287741,-0.283117077947798,-0.370541854241613,2401405
-0.134700394692032,0.128280896707588,0.301326352666267,-1.22229493597814,0.338109326795734,-0.0104001448189376,0.103516226450037,0.36228873481592,-0.894838205000044,-0.255162101709961,-0.0846134126056385,-0.322998389334003,-0.509303356564484,0.0275184567564504,-0.820424987424871,0.0112372269597691,0.15240529426736,-0.182770619340164,-0.251566844180876,2405144
1.07358463253119,0.174349702216296,-0.261558800015453,0.419975699498916,-1.20063028013217,-1.1871751473362,-0.19019937570832,0.12106467201334,0.279909513974378,-0.186238053209849,-0.0360315587982412,-0.177731510132492,-0.0408533443648851,-0.153699009074494,-0.511661359620459,-0.339970174705121,-0.0638876086843605,-0.302132467760033,-0.375407589564721,2414406
-0.572740833976832,-0.282251517760152,0.301326352666267,-0.827597114710098,0.737700460251974,1.03444690697105,-0.796693841635743,0.672277125157648,0.0119966384624616,-0.186928483540646,-0.225119834322647,-0.0967442635091976,-0.25060018268302,0.001580968345719,-0.345905315641457,-0.0487102862049325,0.195122550677452,-0.246528282719854,-0.484950437188826,2419459
-1.02891454573774,-0.47829785708092,0.301326352666267,-1.36808819689063,0.0397500289983414,-0.993166168931844,0.808794365734779,-0.00243772252908676,-0.683901135497407,-0.588670162463383,-0.235667596736789,-0.473551850839558,-0.569221332050844,0.129881821055783,-0.54116077097325,0.174077072162488,0.0426207160425698,-0.183020243912336,-0.440988114805145,2425694
-0.368542336672323,-0.341799352213576,0.301326352666267,-1.61964705752853,0.320370419049578,-0.657749341103571,-0.79294610613748,0.513489388425136,0.295057656226066,-0.317711431515722,-0.223136320998284,-0.44539472602737,-0.6771130641449,0.712914373029647,-0.376810969824502,0.243391870052108,-0.118760915277703,0.117449947659557,-0.090880039745845,2426863
-0.844091254768027,-0.210268537118129,0.301326352666267,-0.0922283654503702,0.263790997638779,0.0317473562670089,-0.504520398850075,-0.164168796137557,0.357109257680365,-0.240298287167345,-0.263788060972197,-0.0546857186804446,-0.533481989976795,-0.0661926758049263,-0.327875031095774,-0.0501554900699318,0.158822964702813,-0.108648357174389,-0.476788108016045,2430773
0.523981552764587,0.524233034231757,0.301326352666267,-0.486533657310959,1.06620485698174,0.360121773865827,0.649599518011153,-0.0868921769693308,0.0543139157291778,-0.191764835804978,-0.099795634173892,-0.126372520990265,-0.236859669551409,-0.0418068114014979,-0.165587277325338,-0.0675186084992433,0.201405460285634,-0.221469716438753,-0.500130422311896,2439458
0.0514104682877693,0.373947366969503,0.301326352666267,-0.694531391771733,0.843673977855428,-0.0644166663616044,-0.195637303736317,0.341816852182914,-0.285654707209723,-0.223696581069168,-0.154623149982486,-0.20171259736505,-0.341081020154456,-0.535849024867182,0.0916544348731368,-0.171954065024432,0.636609482001542,-0.242057676061384,-0.332963738389568,2443354
0.287807552663514,2.16092646329102,0.301326352666267,0.113653896613211,-1.35820784505261,-1.18984128130606,0.0238430350989346,0.633760232097005,0.254636507134925,0.188717190097379,-0.0396761169184836,-0.175531222061313,-0.32812914014255,-0.210542480063051,-0.309206232420682,-0.327095825783879,0.0994349494802565,-0.449516652204215,-0.423347213256257,2445526
0.261248863551058,-0.379790966143294,0.301326352666267,0.570228877895649,-1.02988735723074,0.167683364060535,-0.343955934859265,-0.0308929175145786,0.0333961534314434,-0.311903183725428,-0.184322078653084,-0.301600137690931,-0.284466049139061,0.214225112226278,-0.668630711861212,-0.0285847603187105,0.154059188830595,-0.392885428561664,-0.491033643660534,2448298
-0.434243104852271,1.26983045033688,0.301326352666267,0.237199387726242,-1.00034266168865,-0.405299652863458,-0.0805690733956258,0.135195372506003,-0.722027029904725,1.07371844064289,-2.18821392239915,-0.725173597457269,-0.253958528587539,-0.00337864353275063,0.2414442948675,3.6752640868158,0.144290034779627,-0.348827205647357,-0.49272575148087,2453577
-0.264063983975522,0.260564905874221,0.301326352666267,0.872911704155195,-0.805362906300115,0.520860673982172,0.268312443393682,0.692792745178192,-0.343653470684976,1.30757797359145,-0.149057221699123,-1.02045200815934,-0.177626038443944,-0.296914347173294,-0.0728863628833209,-0.678822950871553,0.401511618582565,-0.397786398195016,-0.450315804135629,2474709
-0.520623560956867,0.237261398997778,0.301326352666267,-0.848345986948914,0.64478045081599,0.508419194418262,-0.857851578047045,0.823853268633818,0.030824646290805,-0.619024713256971,-0.0807296430966011,0.584212608356308,-0.59555155476113,-0.0154935830000975,-0.434082085206928,-0.0647608599852772,0.594744569690318,-0.342135705852722,-0.368069993448378,2480056
-0.403819638785685,0.497388111861846,0.0995904390345,-1.68769001232642,-0.0633204890739439,-0.252285313632103,0.104752277730439,0.548299454469136,0.679013575559353,-0.177395290251325,-0.418078185006881,0.127731906415181,-0.316317512693739,-0.016653745420511,-0.95495238498203,-0.0531658542518799,0.111565141756614,-0.488125040728024,-0.355616833095376,2480330
-0.133230396785621,1.18034425432341,0.301326352666267,-0.14070697299681,-1.15290557357032,-1.15427338267472,1.81910367074772,0.675646878650682,-0.0146500286941883,0.231891842145992,0.0675353709941467,-0.363235678974896,-0.201402969737515,-0.191644163626421,-0.631448258538359,-0.286877615425359,0.137618199812189,-0.356794169177371,-0.464786464706628,2487135
-0.982194506804916,1.99375992443676,0.301326352666267,-0.408777160866084,-0.530732016179801,-0.55071363246897,-0.49146224654307,0.58964521256415,-0.258212553044921,-0.12714871917329,-0.267348281906105,0.0683767604284088,-0.437289563694206,0.0163456911794245,-0.345440969362213,-0.211421895348136,0.183197901091595,-0.35222357811826,-0.434967205997816,2488660
0.234272674400448,0.441861669244799,0.301326352666267,-0.63183361372937,0.434909690157124,-0.281859859008746,0.523836546989491,-0.26162895114864,0.0664632246337679,-0.160856363414,-0.124395668187232,0.222363422965825,-0.650812544955098,-0.0847303626754823,-0.0168659930948978,-0.457744567929321,0.167626943742328,-0.175601714725154,-0.443065331607262,2490180
-0.357115757228596,0.561053067919782,0.301326352666267,0.256071537886399,-0.997379776347424,-0.869803578475618,0.557446786913576,0.451397893062407,0.122891967093554,-0.150960779794379,-0.0819718051238567,-0.816164528188871,-0.209656821346621,-0.182564880626719,-0.357318066462143,-0.200209285397958,0.610858529238338,-0.325418291695156,-0.167222034477257,2493534
-0.259757736157977,-0.289847329329256,0.301326352666267,1.22015730602926,-0.447790380196543,1.5603741270304,-1.25404380239296,-0.0143535828237489,0.118574449077591,-0.250558059826059,0.063697430310341,-1.2670337994677,-0.240672980832195,-0.325491520636547,-0.451636521965375,0.51304345319488,0.329441469425898,-0.317589236852521,-0.246777800198461,2498991
0.280806623700155,1.04999864474083,0.301326352666267,0.796979927259659,-0.590762403533993,0.0879498062001449,0.488566791680141,-0.0015882253046685,-0.471760397199489,-0.260994592203811,0.0208973355257394,-0.634536231241598,-0.816657551538082,-0.64647614729515,-0.0777079082163148,0.0462630531488948,0.272180895909012,-0.193348946459875,-0.404214631933793,2500377
-1.76295186420941,-0.567489997904395,0.301326352666267,0.726713445192614,-0.914927366033683,0.600947241940307,0.280502990742478,1.14880769797661,0.0411798554143071,-0.142269091761368,-0.161192907826521,-0.341522918128021,-0.363554545299513,-0.180834765184172,-0.398649670125956,-0.132732665793737,0.258598682874888,-0.348338449698568,-0.468861750018922,2504802
0.667667588472459,1.43766556752807,0.301326352666267,0.38544140624684,-0.128177754075494,1.2668484819054,-0.177419276562826,-0.111691781496258,6.44865809453567,4.76499192652812,1.2340710657735,5.84811470924203,3.42884133401591,3.38472483822128,1.93066075857651,0.915709033177595,3.18176046185877,0.464507611209256,2.23253617848111,2510402
1.11374120216472,0.0140694070162434,0.274248888073436,-0.780813002863954,0.709405731806124,-0.801822583623584,-0.0405915096664693,-0.180777337127213,-0.266925790187745,-0.379391978967145,0.00201160198211279,-0.390048884426635,-0.365043576928162,-0.131842323298814,-0.188284277698927,0.0850509016878303,0.455907468515846,-0.340832601870358,-0.314206549460424,2520618
0.326712352027467,-0.146491008983608,-1.24398274638011,-0.0281964645636798,-1.54888230499652,-1.04329738098856,-0.0972127031877387,0.737572556472028,0.381429931459532,0.0834867490981839,-0.245241345281596,-0.514670192437621,-0.0955626706513633,0.0935696036861477,-0.198000249409096,-0.240827964761278,-0.0140547286227451,-0.240934574952273,-0.343015941410231,2559453
-0.720129368329906,0.715315203030111,0.301326352666267,2.07151049614463,0.580547392631941,1.18675754585244,1.31505000021305,-1.90088578029049,-0.182495897343778,0.0646145937810994,0.961239678568528,0.894130235553139,0.61493555331111,0.382343984061893,-1.48181170553098,-0.941974939697903,-0.630265139107348,0.348141116017731,-0.0013872128072376,277752
-0.145489257415602,-1.28913149882881,0.301326352666267,1.39655056224923,0.59011109264395,-0.724511885003047,1.50238267822742,-4.35987475094485,-1.08153228432274,1.01204020415676,2.28992169714505,-0.402997197712083,1.26648695516401,0.102629876678419,1.38668473707983,0.142404364457145,0.947288303580883,1.79634476435361,0.627416299273418,308862
1.20934310544584,1.34641017830337,0.301326352666267,0.0855764280835759,-0.553554373444499,-0.833856358237891,0.400554176539071,-0.768365540431725,0.198978092943848,-0.503953715352074,0.0597377506376234,0.0299185991225463,-0.625563337819572,-0.725814960976633,-0.232964159010091,-0.231682923158121,1.06209156616599,-0.663901354408127,0.106607566632912,58325
-0.455217075014305,0.165740509754015,0.301326352666267,-1.34774476702589,0.377756252033133,0.00197633766327273,-0.234449906802981,1.08428508168181,0.116445537799041,-0.124136492207163,-0.227458239948133,-0.319449871022348,-0.709106894852703,0.027162764153883,-0.497923409523363,0.0270068331304691,0.393337573740187,-0.216116707581472,-0.41538298495326,92173
1.84808801300064,1.71584590399744,0.301326352666267,0.117504658259468,-0.145239799374048,-1.57049087002379,-1.79799076846633,-1.00539447966048,0.225602734087421,-0.225198820189684,-0.409063314731424,-0.70794699826156,-0.0446556941878678,0.432960321838683,-0.267354791812801,0.11495672047055,-0.0535276578513608,-0.302713120237999,-0.333676190138427,923666
0.29193067538031,0.400010203114016,0.301326352666267,-0.919302641126026,0.858429382150317,0.717037314222773,-1.06000689440022,0.801566316270753,0.259118240153679,-0.225923163305436,-0.070520202929645,0.258742214595255,-0.619259014965348,0.121570627317547,-0.231211200661029,-0.149504375117902,-0.0960501844553961,-0.264355020002151,-0.352300201064612,965005
0.302292722999772,0.266866141714757,0.301326352666267,1.49471894829364,0.296983687724173,0.669390371560399,-0.993652291435357,-2.03458276895219,0.0125915201016864,-0.11950317923351,-0.162869328363404,-0.19252143229441,-0.297707723151282,-0.00541193309654471,-0.14639992101399,-0.267696185891187,0.145197849907309,-0.357277365909314,-0.496107002864106,983079
