"mkm8d_ptv4_original_shape_Flatness_250","mkm8d_ptv4_original_shape_Sphericity_250","mkm8d_ptv4_original_glszm_LargeAreaLowGrayLevelEmphasis_250","mkm8d_ptv4_wavelet.LLH_glcm_Correlation_250","mkm8d_ptv4_wavelet.LHH_firstorder_Skewness_250","mkm8d_ptv4_wavelet.HLL_firstorder_Skewness_250","mkm8d_ptv4_wavelet.HLH_firstorder_Mean_250","mkm8d_ptv4_wavelet.HHL_firstorder_Median_250","mkm8d_ptv4_wavelet.HHL_firstorder_Skewness_250","mkm8d_ptv4_wavelet.HHL_glszm_LargeAreaLowGrayLevelEmphasis_250","mkm8d_ptv4_wavelet.HHH_firstorder_Kurtosis_250","mkm8d_ptv4_wavelet.HHH_firstorder_Mean_250","mkm8d_ptv4_wavelet.HHH_firstorder_Median_250","mkm8d_ptv4_wavelet.HHH_firstorder_Skewness_250","mkm8d_ptv4_wavelet.HHH_glcm_ClusterShade_250","mkm8d_ptv4_gradient_glcm_Imc2_250","mkm8d_ptv4_lbp.3D.m1_firstorder_Skewness_250","mkm8d_ptv4_lbp.3D.m2_glcm_ClusterShade_250","mkm8d_ptv4_lbp.3D.k_glcm_InverseVariance_250","sub"
1.06854900054944,1.30576548099094,-0.240291127672067,1.34930616628989,-2.14363065174079,0.0959733997336359,-0.802230182879329,-0.573057606629206,-0.783307758110405,-0.242203847155703,-0.686716985303697,0.517404184860361,-0.0325733127856413,0.561926277815578,0.404443791703566,-0.567458062577316,0.4353048655572,0.647263008762174,0.775731444397081,1085983
0.354501163226146,0.429056827880961,-0.0794201519681194,1.20206900476784,1.20482510403623,-0.106107370475934,0.362764985015262,-0.301189299072833,-1.08118086310442,-0.346062549979112,-0.408665033365757,-0.65557444310019,-1.0545269755802,0.815672808994057,0.433667975770731,-0.386106021295,0.971262217026568,-0.0293659786174797,-1.24457549108974,1125173
-0.0765557024615884,0.533469221961684,-0.241845729650492,-0.977488895909174,-0.495071502781749,1.85609996996598,1.80933209539995,1.85490527340566,-1.52315289453562,-0.290287025910199,-0.801698239248239,-0.371822681560048,0.899238679189949,0.54595948481416,0.172549995266724,-0.722789078478628,-2.50446342621616,0.296711601989958,2.45605604782534,1154608
0.940097272090689,1.0127534297702,-0.245237363264639,0.329882712011946,-0.630685580595434,-1.26002504820411,1.76257728276153,-0.473240818342002,1.98120227990446,-0.299088360634383,0.647065301191195,-1.51534255531424,-0.283409614209253,-1.32896416393202,-0.601918174887208,1.08791180582949,-1.51869404477709,0.991283711083175,1.81309684658662,1181124
0.263638859654381,0.187453347958989,-0.106923684199547,0.77343664748862,-0.81637897665527,-0.280240742037434,-0.11702354219782,0.573784981989997,2.86614829997338,-0.332621491214334,-0.0521456127263095,-0.459424626736579,0.381427338148948,-0.0611817284088821,-0.262636419294859,-1.76138644214046,0.286920981933657,-2.2190026932406,0.0504822711797651,1183075
-0.783737688736107,0.711392666380653,-0.14555649385934,1.19906473934382,2.26484777548395,-0.211652581218191,0.72178877539045,-0.6905195835828,1.23257722642421,-0.149087111918985,-0.750398878194888,-0.325721765636588,-0.723855299601148,-0.703144723967807,0.134568914627571,0.430712819566313,0.209379501592043,-0.738619711570045,0.337012012435596,1232870
0.217784317271122,0.616908983387075,-0.115921379374786,1.38265292204773,-1.17967989104168,-5.56975141248534,-0.620132326656399,-0.182047118099868,-0.62379761557031,-0.122115066741007,-0.83733523469001,-0.0162491386342691,-0.500119056182097,0.0943216889159542,0.302026335724895,0.827333395630283,0.68145280800879,0.764070728439472,-0.0893343085579942,1279943
0.0872473650047468,-1.61085866311944,-0.236110409278988,-0.421808015425065,-0.0710591329863262,0.672685977565837,0.259666134825572,0.190005259322583,-0.0909815514398059,-0.32694031143695,-0.0802389628498547,-0.139180530047193,-0.44757890969609,-0.79541958110604,-3.70321983572854,0.502461522015277,-0.0390837200268177,-0.653568197334554,0.390799181982168,1329352
0.336280957137563,-1.35760436662229,-0.14261368206568,-0.659081125192693,-0.192875349967834,0.767957045432303,-1.48665511952555,0.642313639181024,-0.492554383504393,0.0418589812500455,0.235432182573828,0.71970923000095,0.43251565194773,0.49424002218892,0.359131308788521,-0.567727729343381,-1.24010410657428,-0.970401100532401,0.67423589723757,1330263
-0.144506452321763,1.13075821350784,-0.240559089074076,-1.29737246404204,-0.235646242408472,1.75288549908599,-0.14069054666034,0.321804322330045,-0.487991512021767,-0.338583555755665,-0.277550032953259,2.2661803104101,0.26593148105373,-0.513706047529759,-1.33403116069947,2.88041442266166,1.68924527598044,-1.66721403595647,0.846550624691714,1364384
0.398415274521501,0.475021081989143,0.686503483558698,0.777903645447636,-0.580902762414357,1.03875112176955,-0.518906596006983,0.599390419113156,-1.11985673506317,-0.312068838281999,-0.211775768611229,0.554845395347797,0.820177283980831,1.13383211186223,0.630035788866653,1.87206474632189,-0.0490521584557061,-1.26255082394013,0.685722195117048,1386095
-0.0809947408050252,-1.54107601782265,0.236328825194151,0.920155201689318,-0.908481175066128,0.645336870732466,-1.64168179912432,0.418011136329822,-1.65053081301748,-0.355316172740907,-0.122825467157002,0.971453387187094,0.358831540600698,1.08834972867642,0.826089456023145,-0.111343098097616,0.853576410964755,-0.507349338309827,-0.727844493904365,1458656
1.12333587222391,0.545543247259213,0.466071268695469,-0.970113652017984,0.181474634724357,-1.12093997406324,-0.226224861509398,-0.148196171098667,0.518022479063335,-0.188873745028267,-0.790532787432727,0.288660162585214,-0.0884090564416824,-0.500788319222547,0.260350053056768,-1.10224313194082,0.586074344351525,-0.529164228455207,-0.540614262463337,1485662
0.254443162346087,0.673326706668721,-0.233090576301312,-0.213339726289588,0.0976203667969705,-0.172396181638182,-0.216738663199849,-0.237190141812673,0.787542118033731,-0.279582673448911,-0.22451955827379,0.0357218996020819,0.169967570882524,-0.879251644543633,-0.384348245598881,-1.14619225822519,-1.91924476215545,0.0452312679276839,1.29353833395746,1497807
-0.400284443105829,-1.03396651887051,-0.166243434338024,1.27005046153215,-0.633772185974873,0.67102163781926,-1.02444840395457,1.2290881338551,-0.0734087907813719,-0.341941547701086,-0.242864575606253,0.565065709874312,0.874188872477169,1.13451759528464,0.384949092872553,1.05294666210756,0.32545468476621,1.34600463573911,-0.159605179764475,1501387
-0.450057641241647,0.777397486507739,-0.240001920378404,1.72478795886572,-0.611853923345176,0.562882063861108,1.74089533631918,2.27513044219446,-1.53923124658837,-0.332192274291352,-0.845850290191225,0.641749998842195,-0.514752428661014,1.31061472987972,0.475421133891006,1.0575294764225,-0.773590156344557,-1.22748954085126,2.51561979348337,1518948
-0.525074134691773,0.914748160915053,-0.24404715190598,0.109114219185672,-1.18821636708015,-2.4075073398796,0.955745301224015,0.139051675280362,0.691484910511062,-0.322938799512731,-0.00290724079477892,0.137257370885574,-0.232913654768189,0.290633170379036,0.206739409579058,-0.498806362445191,-0.544527049371968,1.16531225069745,0.470635427194823,1526417
0.444061371837965,-0.32840773486867,-0.0263106527702534,-1.08307184731541,-0.913500945545717,-0.542544611431598,-0.651412597676594,0.19056497425179,-0.104553644340109,-0.345612448928823,-0.215773505048778,1.16145266312463,0.471045255407753,-0.322555244470989,-0.342749033395154,-1.45906349059986,0.416249527953517,0.929436142038228,0.0796775337130274,1565177
0.221615235466569,-0.0559230563451778,0.140211800220836,-0.815546787214977,-0.400482966272412,-0.0522933674839633,-0.876073608371497,0.115374110244468,-1.28652075802831,3.02784929945581,-0.22461297355952,0.495105012135473,-0.218863179499144,0.849582985591075,0.3830690430755,-0.567033831277436,-0.621170502641107,-0.437481937065669,1.21939424575149,1606693
0.21928706026013,0.933543685478386,-0.158330319178405,1.04280111338926,-0.952046497280565,-2.31342092083505,1.66627524222935,-0.461106034449003,1.93854628427287,-0.118996344928251,0.503759229893057,0.364312512712174,-0.528197463426389,-0.0843148764353369,0.319831817996498,1.79054735625441,0.290637180982698,1.82085588252351,-0.565666648400066,1612262
0.18267410233689,0.479661102930856,-0.0441737606488879,-0.531496262451588,-0.0948362488819406,-0.839220800918223,-0.110527559939129,0.335970717405645,-0.0466909069676856,-0.312581130236378,0.356833032466889,0.190418086547017,-1.15678114913732,0.380757582326161,-0.0679131015094052,-0.167746345558623,-0.813320351361957,0.550404752665926,0.267060134693362,1614566
-1.07505745225567,-0.3755555529807,-0.199130872914387,-0.57071444547984,-0.266893051184433,0.982303465089356,-0.385562597543876,0.426683450986826,-0.176497021359473,0.240366208340699,-0.324459544214743,0.313325288097381,-0.493159168367657,0.264832807872654,0.288088042745043,-1.50551719385913,0.645100990875911,0.256107417791938,-2.12536230792346,1644034
-0.19271172103873,-0.0551464507956637,0.055993841968512,1.03274923925483,-0.630782316437232,-1.41308426454799,-0.0424778140059205,-0.6158931260577,-0.840054911740968,-0.304346406530302,-0.168044807098573,-0.233595690982841,-0.375519443501707,0.316125149519888,-0.0765833841782734,-0.537417483473463,0.461780959065806,-1.82065908155668,0.580875927682385,1668599
-0.44522034030958,0.232723421413914,-0.235260682578514,0.53725850496055,-1.08580642771755,0.162154472503587,1.40986752004995,0.450924710101288,-0.575594412522983,-0.357347614214542,-0.523661520907009,0.556406703294352,0.606360450610426,1.04724634375015,0.967155939316739,-2.19167667563396,-0.478356331644726,0.3936311423235,1.02499776638118,1671370
1.40585379166578,1.29706217942661,-0.233950322502431,-0.325981622040325,0.0386464152971845,-1.08121314880048,2.61688068145977,-2.21664539047624,0.677446687437769,-0.355871434431806,-0.58541311487164,-2.96355185096101,-2.24436603322898,-0.934615789457341,-3.23385200839353,1.11613808629585,0.451690397770811,0.501822059299989,-0.837004082645952,1684230
0.184773060648873,0.931580405422701,0.215724013826695,-0.667406086644997,0.605920595394234,0.634778446877965,0.786505002496838,-0.0346993766441755,0.750960510134264,-0.305359659692323,-0.410462934234672,-0.137645193087698,1.02003431663212,0.353026616225408,0.311761551982574,0.0174421099910561,0.418531145770505,-0.446814195369666,-1.48866142339029,1692385
0.609173693462105,0.56983968100226,-0.237203100406615,1.01873054987655,-1.50186724965456,0.65983907031253,-0.892549610668379,0.0328520127124594,-0.918972922121063,-0.313203650707662,6.51698992740242,0.867230258452001,0.721826936165408,1.40462834016083,0.948147135145113,0.899633709343186,-0.164136657762954,-0.371851729951074,0.777411050224808,1720713
0.518697089942241,0.136481962841286,-0.221216081253321,-0.830984736959307,0.665535026309566,0.68098351093057,0.316091001629551,0.480202634932564,-0.150526448739237,0.507487998355259,-0.398666258909653,-1.47615044999649,-0.0565901018427582,-0.0369560040648333,-0.0595069597078997,0.543117638553271,0.569397323857188,0.0651050641690079,-0.449258497080686,1738800
-0.763911899317794,-2.36708763435375,-0.225867190565834,0.342095945365635,-1.82661590366162,-0.804712295884168,0.0565233275319279,-0.0667638215017532,-0.511832698998848,-0.310203059304203,-0.37523215630068,0.925426876434913,0.363523516820213,0.269320045181353,-0.328558594270542,-0.343440024896508,0.956017427182382,-0.914682777750752,-1.07221846983341,1740845
-0.229245588760323,-0.122908860988461,-0.169887440350407,-0.186839136736806,0.583859169991452,0.497926298708471,-0.67926166650102,0.234877165850283,-0.0661327638593028,-0.314842548678166,-0.582043174548441,-2.04971108221661,-1.27837741571747,-0.200352234080594,-1.68049469343685,-0.512647125839431,-0.0669403278786227,-1.35930595279011,0.272246763838714,1742294
0.615858597067115,0.945484431416611,7.17287819215532,1.31985718359683,1.34654192428991,0.235547057308939,-1.37939210864806,0.322475504996866,-0.0193630742181102,-0.358241185485744,-0.369091626673805,1.55035878773155,0.270609790169262,0.402101994766707,0.276552854961011,0.242125735527852,0.980584926751677,-3.19688232832483,1.19280120077578,1767700
0.867226509087011,0.464854750272979,-0.221760070192435,-1.66296463097442,-1.74719687885801,0.282458165876394,-1.23017536350391,-0.0106885238695831,-0.355824282730108,0.329964475002531,0.348858912353951,0.733401388255119,-0.195290409502111,0.924844664918709,0.370578364508761,-0.931141096281096,-1.9541429019704,0.695999081825654,1.3497094188504,1768972
0.65128820372738,-0.0240661254013846,-0.199076858694078,0.0103855381714484,-0.141165537130921,-0.538460467457201,0.11956408019559,-0.159952949863044,-0.0327371640026443,-0.241694656533928,-0.261393559753576,0.274686080917279,-0.482536942352239,-0.0725732954083474,-0.0263842339263248,-0.046121106377842,-0.579797851928738,1.35168759629318,1.09554193791818,1889409
-0.934543667731333,0.629936872784004,-0.182317086047757,-0.529385454635869,0.863088404371912,-0.935090450211917,-0.174707888892697,0.353881862291642,0.845046080350548,1.69838594978902,-0.161709622514795,-0.711457640055491,-0.294249240555728,0.582196362627512,0.349929387512651,-1.37654091394328,-0.780310867920473,0.325753731345003,-1.23662192197232,1915938
-0.854858886244333,0.136017632341129,-0.241246074727067,-1.75320015413902,-1.34131248618842,0.567425944834242,0.599593745457618,0.143941276511164,-0.850426770895739,0.0471825710712124,0.788474327425873,-0.597453549565114,-0.261901200316088,-0.486125960651843,-0.362302919797757,-0.836678657717594,0.500435405108674,-0.165204303918449,-1.46176996390002,1916742
0.38050359346979,1.59273776360569,1.12899511942468,-1.40815706401296,0.0597803810368653,-0.638544389065,0.617883672395648,-0.257194886372953,2.50052968101012,1.2085987707842,-0.339768286091722,-0.034245481555532,-0.270813807445399,-2.03903327935569,0.240020718386476,-0.00724539854099254,-1.36905021600692,-0.0929318881533612,0.0189204435733068,1919296
-0.0254910671831784,1.22027668986821,0.120001779651616,-0.191140802019329,1.40157993147999,-1.80007195320905,0.047805594276674,-0.109047546804832,-0.641708680005555,-0.255047821147018,-0.346617008124907,0.339982804142011,-0.0589868534815954,0.954057908773843,0.353182679146826,1.87215672475932,-0.10760937760798,-1.07048544787173,0.137888143651749,1926770
-0.0337350986210833,-0.787213195011441,-0.197434402863415,-1.00876729767605,1.53506524713454,0.0940216684592868,-0.445371158035941,0.158850160235171,0.208691817502499,0.20785094160234,1.05524084011377,-0.0470005017014317,0.102355006813255,-0.596415994291653,0.0897582595569007,0.119825704109021,-0.207896617620973,1.11163268079968,0.692072092119271,1938156
0.293309277260542,1.04535866452182,0.807651206503659,-0.639346476434581,0.26499148566501,0.846826006326295,-1.00683914952861,0.771476021272959,-0.204192220564418,0.334264526033827,-0.153605076548359,-0.0509151355841255,0.117568944711594,-0.315353185667587,0.149636364671631,-0.0581282814310236,0.488286091635376,-0.778691607691196,0.009351209029104,1938561
0.00897077652345285,0.61507407740232,-0.219734133180349,-1.09259692229282,1.00785122236803,-0.452857033779293,0.953279793697877,-0.315117802883324,-0.416956880387713,-0.0586125595978914,-0.503640816887946,0.797259169037183,1.04525699947696,-0.336117437389891,0.0429517654427444,-0.687781813099407,-0.286037101618892,-0.859575181893174,-0.975009443664772,1966316
-0.143067875126322,0.779298657187616,-0.231171740078093,0.747068879362758,1.53182605394602,0.505332573075748,0.509380597558509,1.77242460308354,-0.576410175278293,-0.296026981942929,-0.493589305390899,-0.505483211196094,0.185408788051212,0.0309236159550999,0.195043443233643,0.140934432136697,-1.0205531868985,-0.787631388115246,-0.190856540260718,1967281
-1.08878571869793,0.565347929425628,-0.195930449599476,-2.07965782881887,-1.54151126568709,1.13399577483795,-0.0668101358359452,3.52711432401534,-0.992698953729231,-0.211791368073371,1.75906500822313,0.0301809757845084,0.144646798977735,1.56703527351272,0.383483522821146,0.856298465173036,2.26637895681485,0.322284609495542,-1.79220511933719,1973544
-0.540590577089829,0.877175933554892,-0.166632359313734,-0.0373946529131771,-0.807762985325984,-1.13572073672903,0.498715442064247,-1.33702447532375,3.900080365326,-0.269688231940685,0.27249046430147,-1.09852829839607,-0.101967985508765,-0.126543369811845,-0.0427499794397085,-0.692027208223217,1.13463508795956,0.604220067212252,-1.02773460649012,1975401
-0.495843977205152,0.837300055812995,-0.240975493581271,-1.47721211707811,-1.87085199310227,0.212845397076014,1.11854508148423,0.770403591308283,-0.55779350754122,-0.106380720934556,0.819606731262203,-0.191285107371953,-0.0845504287041915,-1.32738849987109,-0.144976231815168,-0.564309875477315,1.32776791704532,-0.380666209664768,-2.23699367618261,1976407
0.336696359453494,0.705785074875726,-0.106508393950123,-0.153593671960172,0.586699295524681,1.29116166492925,0.818120447175238,0.070789157096721,0.530025489538078,-0.310379306001693,-0.707270102959964,-1.20963000530428,-0.608380919383617,-0.876828835135947,-0.363520525307769,0.642777001368436,-0.988457541572536,0.190093128201859,1.02229610669591,1978972
0.935643905895661,0.200439006545892,-0.176241412400817,0.303983395558029,0.229436164649094,-1.59243262746776,1.37489603387987,-0.0631964133326891,0.62951704595728,0.131651650436758,-0.656941222261141,-0.470325948356615,0.0236325939828929,-0.228853009320545,0.175116477826767,1.00209517116235,-1.1270239620263,-1.57629257463025,1.0875930666175,1979045
1.10668716797307,0.045877208550867,-0.118345284990898,1.4354947555973,0.0451501220678653,0.141065330808565,-0.213139431107607,0.202496127871228,-0.379706183020637,10.9689518021009,-0.308953660411999,-0.139082141936757,-0.644608889155194,0.372618170258641,0.359176969791641,-0.193608817469351,-0.596138453710477,-1.28861197634342,0.732089132388966,1979422
0.204109063235925,0.979644842091914,-0.236140355236361,0.0450478476550135,0.198804544508089,0.0897156914769571,3.43323755085961,1.7944921686681,1.64545047308757,-0.203482258741217,-0.152168256667748,-3.83306975072734,0.653096598234682,-5.09551174732952,-1.34018284339247,0.673998245211226,-1.6828610741328,-0.764145375760398,1.2726394828933,1980052
-2.52672000499259,-3.21022131339559,-0.232506939433688,-0.351089460850724,0.636372208347165,-0.422913115616416,-0.508032331232553,0.690871465975224,-0.538296138815249,-0.322818662412122,0.0576362973323578,0.495342455942417,-0.348093216028375,1.1486173831059,0.371787338306155,0.131233433653103,1.10876338721022,-0.247811435179842,0.415591196477752,2001182
-0.552587334400149,0.952494097824872,-0.202082169363211,0.942573006707688,-0.323483890861367,0.328523695573068,-0.233066495240109,3.79498619704913,-1.74510465899645,-0.362700846567587,-0.345707193926273,4.62051800049776,-1.90699433541106,1.49703608184663,4.93659330764216,1.13172908305289,1.65486162935142,-0.044499219097032,0.742420762222707,2002465
-0.697492860114198,0.993093695668507,0.0536167771105204,-2.67501083239644,0.00198478002123101,0.748734560875524,-0.531831667972585,1.56026142101177,-0.172667552310713,0.41480326663025,0.744085925047599,0.384600181958846,0.122167384035451,0.865947995619392,0.340239492042416,-0.963921538604742,0.70353246200552,0.7209311047744,-2.02412619749498,2004451
0.485365118595023,0.399527005144816,-0.242589627906798,0.470107353164991,0.696630372994863,0.755347936784071,1.94299836869704,-0.72301013956315,-0.115409681779482,-0.173398078863187,-0.189067657730682,0.614891541581643,0.68960754496978,1.08265334509249,1.11064209489116,1.37811891700412,-0.0825482401367974,-0.283420195477867,1.21640326533291,2006164
-0.202930984158243,0.430779828929448,-0.236563970278526,-0.256571014793251,1.1428280841666,0.0317036359273808,-0.71431694957764,-0.865891616286053,1.22528856803832,-0.219406329883234,-0.258598390868024,-0.0391469165550493,-0.118566343740601,-0.113945193257008,-0.0651181267422878,-1.68956016432072,0.207407136287689,0.126136718966955,-0.463567675552326,2007309
-1.08112034874081,-2.17188208175987,-0.202485809361986,1.51970810932316,-0.318783904821262,-1.74562326250169,-0.246364873953949,-0.647779788708526,0.451915189777617,1.3862917960164,-0.0704437463403272,-0.0276461549572378,-0.282119982881874,-1.67987763106203,0.348551340745054,-0.749358343320202,0.360206477512967,-0.232055566077678,-0.0431156963925831,2009915
-0.470868967055197,-0.835462216174832,-0.190627143341351,0.494218976739468,-0.793129422417621,0.436698278005562,-0.599240529648454,-1.8875206012809,0.374980393031016,-0.314906657170354,-0.371378092102027,0.460933932852688,2.03658009844166,-0.417621617402329,-0.0574988122717357,-1.34808900144624,0.634947759811424,-0.0355329201681976,-1.67841400877468,2010259
1.83648676188113,-0.765217115472583,-0.0719841051871214,-1.87676141059437,0.914051657531814,0.39076854256642,-1.28258828420113,-0.163914101657258,0.59938986640102,-0.227755796979556,0.538217171935517,0.982809456419878,-0.121685541891527,-0.266636903283974,0.241859207643471,-1.59367898357206,-1.74581554202508,-0.568449429545224,0.288545814637741,2010554
1.00645768804437,0.682815693001483,-0.0044484618289233,0.442918044450637,0.507063490777942,0.543561916434439,-0.739036629352026,-0.922258118285773,1.1965226810571,-0.200182476485923,-0.626528870309666,1.37225690574228,1.09447712202789,-0.240972410277486,-0.103091229934736,-0.777391233163822,-1.53096551758093,-0.240664324673725,1.07999335507318,2026671
-0.040538619417863,0.555529492240018,0.816719677063369,0.63890569265887,0.569842573106138,-1.47371271546668,0.991031703500972,-0.310170609441287,4.63728509199636,-0.265727035526661,0.548015332609289,-2.47322688168769,-0.379915582097743,-3.39896868345669,-2.99234609665805,-0.600848531630203,0.0236501101498993,-1.68784983876712,-0.243983931712268,2033049
-1.64813133983218,-1.56804969886733,-0.239170697971693,-0.503343505035877,2.12144239974878,-0.463744209890421,0.0981538158903854,0.158800723171035,-0.360902652333539,0.304540887715187,-0.761319904876236,-0.197258917686627,-0.00871268736929766,-0.543833429480336,0.164381090234851,-0.148848206364044,0.824913641265591,0.427053359127525,-0.935316306555555,2034136
-0.0430994840681407,0.641393643576745,-0.122698464591565,0.0963305077228994,-0.549944594838253,0.909040233491005,-0.572568222331222,-0.847380369745246,-0.0671238007238363,-0.0838059274159285,-0.492450295059113,0.556622457980774,1.30369599357419,-0.215358723085613,0.133292304464226,-3.55942596144587,-2.39393177541277,0.53168047665405,1.2328549915189,2040495
-0.609546596200827,1.0461979457493,-0.237165828894395,-1.75506732021653,2.73164318314147,-0.0561210449149625,0.93436119352531,-1.38030479709722,-0.0368538328738005,-0.355712682527538,0.889456834554001,1.81017521646891,-1.72396159265155,-1.16966700664222,-4.49791446946088,2.08182881407612,-1.35297285827971,0.151916206844806,0.14052291187541,2047354
0.370480608668459,0.936798154451562,-0.241510645456383,0.928342742925413,0.444482153494077,-1.78679689660588,1.50820145136855,-0.971976919319929,-0.37547325228989,-0.199156551294092,-0.125938671459092,-1.10681996709035,0.255240664851863,-0.189107642650258,-0.347713286492728,0.917144018117204,0.671130944197827,0.134714554519159,-0.431130138056021,2051378
-0.321572124568705,0.341743100403443,-0.227182800480508,-0.0372703292806887,0.149858564998033,0.72411989767768,-0.116456355984056,-0.280919784070082,-0.119660335491358,1.51234063498461,-0.766440688074787,0.35759885388285,-0.073814324303723,0.238400459621616,0.0916706961573975,-1.63943015418546,-1.18171205182033,-0.293201320220402,-0.608783115194391,2055667
-0.386594085754414,-0.434666094274421,-0.170393976235813,1.19229317181273,-0.443357527152076,0.291366439835654,-0.756498655726007,0.353920988250252,0.234234064140522,0.605130300205612,-0.416222332331033,0.579016211191906,-0.208246505744719,0.649167084847921,0.367643559474311,-1.334863277571,-0.993457388454907,-1.20530978559711,0.365179867695858,2057358
1.44640873052715,0.0513021378466935,-0.236274432748904,-0.60361451213576,0.286118078342376,0.439969902111669,0.490217421684713,0.266725002501933,-0.312161181445593,-0.081592152133499,-0.291039036834366,-1.1888482238087,-0.00323702794740933,-0.254836317977693,-1.26276506804308,-1.28809664916571,0.814263120342451,-1.68685311566905,-1.74507056052215,2059713
-1.10379447896248,0.186235380598507,-0.238478335750368,-1.0071319790041,1.12668564645183,1.11040317004747,0.07599721989116,0.414778735979333,-0.419503896039273,-0.334258300467001,0.620773538564483,1.57439027428665,2.90618991155392,-1.73007459636773,-1.30966964303891,-0.59355077293201,-3.33830794409855,1.01522313894572,0.910467608005642,2069079
0.706680065223885,-0.194611133783261,-0.20911849092646,-0.60824077764199,0.79569824754058,1.05996081186403,-0.135985608854708,0.096621213571901,-0.531691804907484,-0.117876478950871,0.626016221011876,0.626890211803732,0.427608397618272,-1.36027931159371,-0.218908800664946,0.0565619521308729,-0.13158658270722,0.998673415983985,0.489324867172253,2070958
1.18830942535053,0.967724375135176,0.0141443070021243,0.743883415553734,0.102356274781636,-1.53862764852515,1.07920391168146,-1.06790409613781,0.569876202808534,-0.307875945180824,-0.629252412233581,-1.12513321155329,-0.0892747687957163,-0.228784764285838,0.00460527973694132,-0.22352237999499,0.473268200353437,-1.21005455756662,-1.29367657335031,2072215
0.150929196347003,0.545507883863288,-0.103465358960312,0.330856035057028,0.16220809905463,-0.808386971408225,-0.11703962073346,-0.558388502977365,1.37739619485415,0.435278583177964,-0.588621561726064,-0.4755386125931,-0.205035648863821,0.473325513981315,0.35329100001738,-1.6102253483968,-2.48097075327715,0.354585691311317,1.57875003833361,2075832
2.30977331229841,-0.238626039189026,-0.239264990184475,0.879692042261861,0.664266015604885,0.221886078709427,-1.15016619935059,-0.170850663557298,0.100136310389749,-0.226099435192442,-0.350881759611709,0.428309916158405,-0.222103230184261,0.0194013741624624,-0.028667440634687,0.472564787670655,0.61216791594371,-0.422267392154431,-0.408170234491703,2075846
-0.0907788594653658,0.627532924181468,-0.232086101115859,0.932616726580285,-0.623820228179399,-1.86866701528485,0.606848720285629,-2.97068371440621,1.21776649371507,-0.35851678506371,-0.404982556466769,-1.23550970916963,-0.851869544833933,-1.34770994812348,-0.311526414794979,0.20885964867728,1.09347940286615,-0.521635783081691,-0.688240543299097,2076301
1.99653129808098,0.547384126853752,-0.221948726173119,-0.964950105594364,0.250252957802898,0.123882367198191,-1.04527829664749,-0.131787171500186,-0.0444948675676893,0.356182208090517,-0.0637790105709058,0.436582758881544,-0.127612608355757,0.711377374589592,0.423660854375775,-0.410094609204231,-0.634084540285085,0.485438117041537,0.212537978039526,2078198
-0.820048186814256,-0.523784387679391,-0.233125020466544,-0.355855607320495,-1.5935602267103,1.1743923806961,-1.75943673885541,-0.221833231179782,-0.794129559940628,-0.361827453854037,-0.580675972227147,1.54267949915227,-1.63163156169617,0.305637212668414,-3.97272683665473,-2.00580811848664,1.21581937636187,-0.475285478497881,-1.5625354027929,2078899
-0.686837964679542,-0.369937766942419,-0.147443778735152,-0.139311026535795,-0.0512353416588656,-2.32989656011954,-0.651018350481169,-0.805926988396531,-1.08480187171794,-0.322349315109243,-0.523692599984962,1.17351021752741,0.765912387172164,0.0937727030774753,0.260496535866954,-0.653017802379503,0.188433908375135,-0.732318382352596,-0.33444957463722,2085349
-1.02033216210057,0.136326837417505,-0.208603059989172,-0.517934202368021,-0.00351248691080518,0.289244646269118,-0.595257394551884,0.0636123464379006,0.919685820461087,-0.339786798206889,0.471883767863471,-0.0919203980727141,0.0268920391162273,0.125408710969964,0.0445635707995621,-0.35662047198426,-0.381428822944505,1.8912743144288,0.794587133269227,2086044
-0.452509942242908,-0.671020164090086,-0.242772611269649,-0.790462740987599,-0.182294213956215,1.02202208591972,0.540382934446577,0.644125319169598,-0.490766391132491,0.448747080142622,-0.195919417824965,-0.337705539811752,0.10278963769768,-0.175642854411934,0.268988867590609,-0.0627033596711713,0.973092047348249,-0.177851358633392,0.759429765556233,2091555
-1.45602726078191,-0.780685297606277,0.103361168652914,-0.22967248145724,1.15621364463186,-0.860095745016434,-0.391954150926962,-0.119883356370994,-0.929381333512712,0.314656278773853,-0.503578272744115,-0.362037084046056,-0.287939962068623,0.225396845460771,0.352323589513742,-2.77664834321769,-0.0519287859691791,0.321129431307307,-0.335405570778944,2092954
-0.41029514334942,0.483316478908682,0.0411818248635066,0.64162017143627,-0.366618776020213,-1.74850564341506,0.424799934480646,-0.156934345598793,0.502958481854119,-0.246726607254719,-0.175606776365281,0.0352066936628703,-0.210043093252134,0.160483968342798,-0.241528113187773,0.682130281212645,1.0309338487486,0.742139464633479,-0.0380539882222844,2096627
-1.59074879993936,0.0457346127090706,-0.163226100364657,0.126910919363922,-1.25137968154349,-0.0314150497128244,-1.38614240655298,-2.74174672582241,-0.103189869508131,-0.355338393085459,-0.403086893981622,-0.29702939401722,-0.558216535769616,0.420843780897195,2.04036514601149,-1.31808550419262,1.38083187150247,-0.158438958099478,-0.905556860968229,2100050
1.58065234655508,0.721174621509098,4.51793557103095,1.58446949934016,-0.77150567522417,-0.00333693441971871,-1.07769733185007,0.319035232758951,-0.362939126475666,-0.273529538056871,-0.37218486357419,0.398634651850102,-0.435937497601128,-0.0267898572818506,0.305795785480988,0.674308236137695,1.29445398593282,0.258380774502261,-0.386750062245309,2108003
-0.412078253083638,0.189900759497602,-0.211289799727813,0.779320602027505,-0.124253016766929,-0.356679842225126,-0.382798410140693,-0.323411981179454,0.827976711355936,-0.133921014962904,-0.42728229908148,0.254029894654539,-0.182038921302457,0.529779305510866,0.217736471709053,-1.35090706965158,-0.86483170624418,0.0893379804245967,1.18898071611232,2109902
-0.932943541661823,-0.891706053194301,-0.197678623664062,-0.542169362374564,0.234483620839475,0.65069623709777,-0.472092854383432,0.088198802617944,-0.482630908319321,0.214249936880179,-0.429998058647461,-0.260912030052645,0.0136911977234913,-0.198313112796751,0.253093435351879,-1.6718093200057,-1.54261216066926,-0.269344118492479,1.08888483819948,2110540
0.368372958548042,0.446526946614415,0.0282818764434139,1.20130982270145,-0.295016189703978,-1.81582590967998,0.558632550003853,-0.952707450321053,-0.092412510886101,-0.352315061191465,-0.798872279715478,-0.165889889488649,-0.0687736883771657,1.01123422738335,1.30201173615781,0.55005160613169,1.05975866848322,0.193209213308982,-0.634590159561857,2116787
0.497597158254644,-0.61136117296021,-0.0917174417265954,-1.26193150826453,0.460188158733744,0.510509599300336,0.261648035216888,-0.521677180313093,4.03138834350031,-0.261778188583729,-0.0617034241611635,-0.249283010748779,-0.528436096579705,-0.819759056500105,0.0960721590541359,-0.561115837998603,-1.11129476318541,0.310606042011393,-0.222843908910686,2119177
-0.67315856680852,-0.878034023881623,-0.245199463360921,-2.13853964108644,0.338123930756215,0.753382738080791,-0.895575696842183,1.00041210997846,0.699060422681405,-0.198363406016918,0.0435444373298973,0.24430552239618,0.162788563737924,-0.446553285881945,-0.146352364501734,-0.251746654432276,-1.76194534961954,-0.395633815787163,1.31606222520555,2131601
0.585970535817795,0.907436119585743,0.0215011913824137,1.1457897463118,-0.609215933352245,-0.989422166980182,1.03879604304983,-1.73877101816014,-0.136074942803336,-0.353287843211353,-0.40313653908257,-1.97561226464465,0.380337110717568,0.33230764835605,0.398246182994182,0.170548045676651,1.00660880723863,-1.89694481703993,0.280223305269648,2132424
0.506313117686807,0.268355766166195,-0.130536181538729,1.56637190502825,-0.90201058342632,-1.34685113201603,0.231233359669506,0.134256261311684,-0.613464844589196,0.0210456127226193,-0.49452128074607,0.100586702129569,-0.249046620520533,1.10426278732402,0.44009438299432,-0.258232790048207,0.839989369103016,0.101531729895084,-0.558608741055919,2132982
0.655512890884484,-0.180853083025458,-0.152013945699713,-0.329399629861434,-1.25617484040493,-0.941697390000136,-0.355430479087407,-0.204315187818272,0.324034930078535,-0.122174976208705,-0.450158274103908,-0.336235081290893,0.324321423933156,0.321529853753772,0.253391731827437,-1.02303935343957,0.365623042743237,-0.11651697766283,-0.880046661785241,2133204
0.718528317831968,0.898906359831925,-0.174811882491652,0.246650936800477,-0.504344795198821,-2.05291293463624,0.819303833606881,-0.0236974645417044,-0.566337597152132,-0.337663751775852,-0.473479715128808,-1.35159224237204,-2.15089390775816,0.685629558832446,1.96953402278816,-0.0494105862343089,1.27369883308579,-1.45426656319463,0.277101599236187,2133380
0.410189399695441,-1.74948950511618,-0.231672132295921,0.87160802334283,-0.354026258633641,0.570061981722741,-0.386753819470712,-0.417211883189775,-0.603488620611916,-0.345077604123565,-0.61120649608501,1.21294660867437,-0.617121329491628,0.204268999731673,-0.738475349657524,0.0109519673967156,0.866665636329949,-1.01604973519881,0.13100446531531,2134220
1.50489351973277,1.01252294739662,-0.20082081410276,0.231978920314058,-0.175817872910732,-1.45751530211282,0.0554470364146371,0.283964627266747,0.676920722658978,-0.313819959228215,0.470585982787578,-0.896219739328279,-0.721080495492822,-0.316152226574021,-0.763594033004391,0.962077038589444,-0.545478609600039,0.243951596023187,0.937808824457697,2135748
2.50683291924087,0.92905770454794,-0.192786412018141,1.5050886310199,-1.69877827337433,1.11392951825494,-1.6975956198712,-0.126789397398673,-0.37568189810187,-0.358616489873678,-0.177506216884153,0.272180935356177,-0.930275937718007,0.607639003762312,0.436939140165863,1.21378574114835,0.267421795544058,-3.28002990747289,1.52494427972332,2137799
-0.0241718346306113,0.45487598514314,-0.226857685174649,-0.839713378360868,0.353022558595612,0.451553497507161,-0.625780483373401,0.1981418089364,-0.460397972150301,0.397429324470634,-0.0473742446095434,0.239098932361008,-0.245953599967065,0.11879540244152,0.261694726260047,-1.52785236550703,-1.64394526199359,0.724556561488575,0.582172130236668,2138375
-0.803339985994947,-0.438807593057288,-0.245246615824532,0.344847578088037,0.76435733574497,0.0744317072041702,-0.691466504899664,-1.34205876948629,0.69663105286588,-0.29540368488043,0.381670276789832,-0.581604127836338,-0.773948970807585,-0.439644546288355,-0.495403333137817,-0.384461265949765,-0.286411071534692,0.260853682932613,0.887283122458932,2138678
0.838891761099901,-0.582881909688493,-0.237449603484652,1.16509131825543,0.010449304576339,1.12951325914493,-1.12538646900053,1.07143492985916,0.0956339480352043,-0.354472374040195,0.315853386923749,1.09244994049882,-0.37733954521908,-0.2226784117063,-0.31252033735066,0.158062089674668,-1.370518852062,-0.409390218913802,1.72919594473888,2139733
-0.323179353497835,0.255492816277823,-0.101456379610044,0.952323584884694,-0.532783820623674,1.15746701389,-0.14470120819102,1.4827561028235,-0.789718100306212,-0.336902072734463,-1.00818864451922,-0.222772736277049,-3.91583179790236,0.404393569222764,0.396348727401563,-1.61543607118164,0.432152053652788,-0.588825957028338,-0.356373895497975,2141116
-1.39334646671905,-0.257483707937558,-0.141180164786174,0.837373749519093,-1.17654225923652,1.20501552000399,-1.64149827824996,-0.923072620632554,-0.689504184563744,-0.362820818600047,-0.0868905593595199,-0.318540804697701,6.47823575340362,0.51229508569859,-2.54552947522541,1.55023564257654,-0.680420873071556,0.299065759663571,0.85578873699541,2144796
0.247897703521671,0.841500107841039,-0.198636316588149,1.10049453201565,-0.473672921919029,-0.411809671564378,-0.793546014555055,-2.586499871392,0.0300685207901549,-0.341230586667885,-0.705021191661569,1.35105866545408,-0.583984629441099,-0.00437273689514759,0.0112999079944429,0.607909076030174,-0.485317387814542,0.144251672047908,1.35367949893064,2145166
-0.220848138086215,-2.05301133283082,-0.243156574003661,0.401883119556628,2.24227021089309,-0.216315320579264,0.229008464536227,-0.349567393923963,0.00810885986937324,-0.0741817585660232,-0.654368588042815,-2.33766559602182,-1.41139832011675,-0.477085645433603,-1.0294852387961,0.0329791853299518,-0.114340853796006,-1.84546363948428,0.650936631734154,2145694
-0.680645905236702,0.117621344012772,-0.197250218803991,0.978294012272861,-0.241568729325161,0.203587414571034,-0.173112591306256,-0.902957491000741,-0.00166149448121312,-0.3402621743328,1.00387828227816,2.38574714088303,-0.789378600648983,3.28889516090204,4.41871855054223,-0.303144908366274,1.06802121393172,0.551209672686174,-0.886622814165446,2146138
0.961153264474309,-0.0733230475945022,-0.190193466179918,0.735352863792348,-0.337905671649571,-0.0255916051167306,1.35403537945016,0.029495429156495,-0.412542145854837,-0.108751980580668,0.866941708057707,0.036868678637086,-0.340514000425842,0.454756753415494,0.307878277258391,1.03116810710086,1.10618661088944,0.104724089339945,0.387030059347347,2151024
0.147710412494545,0.75411742859267,-0.24349331148703,0.602803519534597,-0.247724518786809,-0.782894674672476,1.47174536575893,-0.869104631758152,0.525211068193888,0.0981069298404473,-0.229665269572823,-0.229232701644092,0.0349341641995477,-0.292512710695059,-0.00203368279205654,1.07954077717809,0.259574976532312,-0.047602568606136,0.330085004134935,215131
-0.725420374358428,1.16288531663558,0.133220016972861,0.548020120098265,1.49953416310846,-0.356449641856287,0.363149709666849,-2.53838457849956,0.202853530406749,-0.329227853566383,-0.092701003513896,1.06548997765778,0.035415462726299,-0.790327259578743,-1.795394102265,0.574919970750745,-1.34760237881647,0.00938222764159308,1.23850967930449,2152442
-0.318281959112134,1.23630272201208,-0.171606304747709,1.34866654955206,-0.563504366080124,1.38985321118972,0.00833554132407703,0.304104803511259,-0.843945787971504,-0.33128294472937,-0.604897704500791,0.757832332428399,0.943790042620369,-0.150235478710316,0.222059624240129,1.79172149886717,-0.0688597262313835,-0.942131103972821,-1.00074608202264,2157529
-1.08213574862087,0.730422760714777,-0.240528183564172,-1.16027957809921,0.849701543211666,0.975237249112973,0.357411525066657,1.47232111405038,-0.756426208858204,-0.347433089739958,0.351169009497332,-0.53738959466792,-1.37605943365924,0.90870089998539,0.158816511956966,0.512529300095781,0.866140811324886,0.490013202245803,-1.57702085078735,2158101
0.411020563117986,-2.52433701043668,-0.16327076644831,-0.603386844986133,0.881858572517847,0.889782209049326,-0.205228888126868,0.0304717408701932,-0.428774751573616,-0.334889909039313,-0.05200774084373,0.484530954807117,-0.117047019116354,0.974394005109248,0.437611209783088,-1.7582961463917,-0.801892372892113,1.30099529214387,0.80089340835973,2158329
-0.0449011361832414,0.840809627132998,-0.244263965917746,-1.73262311295833,3.28898088801224,-0.0296153186170422,0.790043415561888,0.478047379534096,-1.37214650854325,0.00782075525067962,0.217357062394122,-0.546579075120198,-0.662893818951824,0.79336468722038,0.202498231272093,1.16418075729648,-0.0745231513519578,-0.643299595624907,1.22134806467242,2168082
-1.32195934655551,-0.0291767342416377,-0.157870903345174,-0.429138783308304,1.91045095314608,-1.11155558753517,0.376418007836641,-0.0401749111334206,0.728955591641922,0.0648985860078068,-0.71134406433141,-0.563179810481358,-0.537769020212017,-1.07345100447962,0.340510769492628,-0.889772853019313,0.0870998667757022,1.14589412518405,0.156296337570313,2172217
0.767838530156714,0.67394684423305,-0.240931084778549,1.04092824817433,0.154505854426415,0.729515118478846,0.708263857612326,-0.451558138205568,-0.224283641179807,-0.253618150420284,0.215135680977375,1.0960062510302,1.01064773263891,-0.111293246862413,0.0695428592353613,1.03324841812643,-0.615495281926534,2.0488462066539,1.52547061022311,2176530
-1.16095191136702,0.543117652060623,-0.225375901195875,-1.52197256481271,4.27612565081112,0.93503424840995,0.852980639004142,0.279669470643313,-0.598453307880046,-0.343575425032011,0.87083084905105,-2.10801128128731,-0.0219021430457498,0.921208841629164,0.169289863815744,1.72814265728963,0.850719997368901,-0.371926291565547,0.415353740896857,2176784
-0.326679393542421,0.296596688082659,-0.237301000221529,-0.604018638029407,-1.08899859463614,0.22796118734025,-0.306792260096749,0.261670573562414,-1.08177477384051,-0.34006917355436,1.74545624760571,-0.140267018748485,-0.684214076720902,0.932209970451328,0.514214901256499,1.14156991949057,-1.33834828577512,-1.14386479642148,0.344139743548566,2181724
-0.0538399942672705,0.185021569227529,-0.229942461620301,0.205124791351659,-0.599848019387974,0.671279892732567,0.574924603605116,-0.211218304241475,-0.831010471280108,-0.328285881499886,1.04463436467471,-0.261175049912038,-0.772270548571873,0.482267290609953,0.367903621616861,-0.413889217865294,-1.3720688786362,0.656655400821596,1.94075346717304,2183291
0.324847844266883,0.199729440600328,-0.235501128303236,0.723308440477533,-1.00644092547385,0.821433042321214,-1.76781206755324,-0.217590492467355,-0.330986483617182,-0.294251092944527,0.629148001639459,0.777095953699685,-0.536857526242972,0.668044479711096,0.334210998489161,-0.316120245653077,-1.33439410582286,-1.31475534641041,1.913803384128,2183356
1.98496746901116,1.08435669314195,-0.247009676080088,-0.37522455810062,1.89117475031183,-1.12263188639399,2.117896395999,-0.793233942502831,-0.179510047105052,-0.189954858671667,0.30314329030074,-1.0354790990939,1.13896002260513,0.00999638056074384,0.176033562476009,1.2314778128028,-1.51685835048198,-0.546023534885378,2.87708172215469,2185290
0.484743669977682,0.8384564896509,-0.205921263233812,-0.695543820231273,0.203938744408749,-0.832195117563718,-0.451085947987597,0.0180561855736911,0.0617678151266067,-0.276652257285536,4.04910759972276,-0.0434202430586925,0.00422674943755455,-2.15562752391124,-1.13190239748438,-0.522543144837891,-1.3101085166726,0.292635377547031,-0.57947808350659,2186951
-0.701408966275634,-0.344602204779047,-0.243049509940426,-0.333367323852194,0.36610825186056,0.248485120920029,-0.645601554307214,-0.0491357305230727,0.0623643859896019,-0.21682324337504,-0.709952826737166,-0.0863351042885632,2.36942280662172,0.16436760602257,0.157164350027678,-1.48039308559039,0.476885553160732,0.663920436402283,-1.09793205271566,2196212
-1.60781421162957,-0.232283682803047,-0.176644915824088,-1.60213448779216,1.3981604309103,0.452317471829185,0.294171381005567,-0.00218944515916615,-0.0497992025750282,-0.175858013416776,0.991007025439654,-1.11228717841518,-0.136914189434972,-0.4756156957326,-0.258091279758607,-0.933158100814196,-1.43571520585094,1.37848037568328,0.479332488915059,2199403
-1.75153789020042,-0.117040542494191,-0.245617635191723,-0.536793831535471,0.695977526389954,-0.227300484449645,3.44624505633593,-0.274135095380724,-0.98684988558743,-0.341470836116306,0.104561981337852,-1.85964485197594,-0.661330760655943,0.296566067414566,-1.97047059697324,1.01073548937042,0.676414259013446,-2.66146844351264,-0.255299775425768,2200416
0.774373310288047,0.119115212832774,-0.240125455936333,1.09390644013135,0.560924248524869,-1.00669141037476,0.0782744108175834,-1.23176368578275,0.281080574174766,0.579250509324983,-0.554163225796221,-1.3627959089632,-0.913783648097517,0.327192814560634,0.280046205427356,0.966648732384704,0.581906914849339,0.0458864289681576,0.185687954102204,2200813
0.411515256365708,-0.18520751832772,0.122088698100651,-0.314397011979849,0.402745453339063,0.486375091364643,-0.799650509192021,0.817757924612826,-0.12468350590023,-0.203312386651313,-0.589008255653973,-0.179167563521166,-0.806095782041067,0.338106542245725,0.204140764286386,-0.684005265459936,0.42037982977588,0.286060358557681,-0.172998386659893,2205389
-0.673653556231574,-0.142733248619301,-0.201462712189835,0.367405688795659,-0.0299861061949611,1.21280874478766,-1.54379195726101,-0.0368434866749422,-0.911120888162,-0.302721950731757,-0.136064355544012,1.01107753925498,0.108607664441003,1.97341937249243,0.941661516966797,0.374474824136212,0.652023003182245,-0.0974254994996775,-0.177932788112846,2212664
-0.478065982504507,0.572921537054767,-0.17879870676795,0.590055958017525,0.346929908741173,0.221070631687068,-0.680724946023954,-0.115225736267086,-0.536610255824658,0.600309394606974,-0.707064026093185,1.14911724807178,0.110633961161944,0.27106513684222,0.214725422586689,0.130928725894421,0.850235002722645,-0.704286920169449,-2.00869046242287,2217034
-0.718760778992513,1.12003937703676,-0.230596321555248,-1.48042652392385,0.860802649086161,-0.611768730061292,-0.269767472533516,-1.7487283215354,0.305936779812891,-0.345514190666532,-0.26933888087357,-1.24905091707764,0.453091094994162,-1.02651965815346,-0.591104457616246,1.09163516180753,-1.03329938982118,0.558095987964588,-0.782373228242397,2218615
0.4528461440756,0.308149565622569,4.91373478466883,-1.0572327465443,2.24379336342046,0.453676250412657,0.500251489390662,-0.0335338092753937,-0.366308644390405,5.51951557938902,0.58954197312018,-0.0329330887126373,0.0321197063896809,-3.18882560319109,0.160437884527275,-0.374005831674974,0.00900870345820921,-1.73305301134618,-0.492117551051035,2219842
0.846020991097519,-0.18746538002457,-0.237583251730441,-0.686763793499856,0.548488575511576,-0.713687721517245,-0.107735850218785,-1.01355032193698,0.326247348325038,-0.014137575778571,5.471525638087,-0.0147184032063984,0.453867658144693,-4.96911103840451,-1.2875874753039,-0.583062753969098,-1.54990804861746,0.398051471746032,1.89793501878092,2224150
-0.432346048329595,1.08139637263666,-0.0183912157469967,1.72540448067101,-0.822456300698397,1.44791948758947,0.703614971441642,0.564916906307695,-0.237803267074299,0.0915113905271722,-0.455620398288076,0.896879137701662,0.122194463576883,0.474715430402471,0.365921911211977,1.4281950323382,-0.155901468218606,1.39937390403505,-1.69198757915473,2228399
2.11232728112218,1.613923482435,0.70341575758013,1.00041115885099,-0.873406055873584,0.379227938930581,-0.761538343885224,0.65809381132207,-0.873141784004499,-0.120737997609783,0.178935514242759,1.0610594348095,-0.777340280149922,0.901485261593245,0.415693913934094,0.376240373562961,0.606001177867103,-0.00338393176591017,-1.38426912681967,2228400
1.79118606867936,0.941101029945647,-0.241129043594258,0.200014642375133,-1.20366476063641,0.828695244490121,-1.2289600562979,-0.978291665314291,-1.15319824564583,-0.362628816604807,-0.293702529004165,-1.24423465643185,-0.623349369354438,0.341431735112645,-2.52603850185988,-0.580997992632101,0.974436244146763,-0.874654488367247,-1.1324079852597,2234271
-1.02785514641207,-0.843461429249388,-0.115765251908825,0.181694640262874,1.14546202278476,-0.0488096877944866,-0.471119722424466,0.567533677415823,-0.421835057488067,-0.361250845908938,-0.256163818169015,-1.74144590361926,1.91061243836368,0.201370905789265,-2.90443586745675,-1.17310728706432,1.14234266751727,0.222803312327987,-1.15297648013589,2234422
0.302116645225732,-0.304394074797494,-0.238808853771088,-1.97287619679485,-0.19522704661044,0.854720240397769,-0.626518017661687,1.00306802579266,-0.140383811677905,-0.202541215735821,6.57824444310496,-0.53948517080548,-0.0658225276941533,-2.34525617977633,-0.400608886408653,1.16578539936871,1.4840825891686,-0.142243898846632,-0.810100291018633,2237571
-0.847143337081605,-1.18734419597808,-0.227710616101011,-1.3144839041805,-0.591700009523166,-0.345662584960294,0.263265217008552,-0.293080570696475,0.451710670978017,-0.318115590180976,-0.395795070122808,-1.52664120457165,-0.330699449322505,-0.167288946087094,0.15605811402551,-1.21024711276794,-1.47610541192302,1.21947576637261,0.0559778139096667,2244172
-0.0271358774819777,0.973283126779439,-0.236679004426315,-1.25304237012852,0.0815668142455706,0.668879657688179,-1.56202923281672,0.340756321763474,-0.739234343022881,-0.255092343475044,0.371955803611056,0.992002349159112,0.296804959617999,0.753798084765318,1.20151000171459,0.474060233038418,1.40756186987039,-1.52152807709538,-1.35571816824369,2247869
-0.568769298161258,0.493369051464443,-0.225595765411115,-0.963692454765134,0.143869551121402,0.862644404136585,-1.6413326783522,2.0958288659223,-0.535904204073881,-0.320521622791476,-0.50218609686216,0.721704192942628,0.510592251670478,1.07117135064684,0.413526058260654,1.09656107847755,-0.661702963771543,1.61983043904796,0.407966631957693,2250648
0.634193304491349,0.781455924348523,-0.244441398728073,-0.938341281690931,-0.782701738491919,0.718562655506608,-0.117760034753365,-0.0384980066678184,-0.913570372717789,-0.219609489369664,-0.497809597049471,0.016781320901169,0.206506828047301,0.233950203874546,0.0988567150983928,-0.673524057180325,0.941223915165398,-1.16316786765411,-1.45073329623962,2250836
0.822757963725026,0.751090756676226,-0.237923230573095,0.779717459617143,-1.34753533492204,0.436843139507284,-0.549642244323683,-0.561939197781743,-0.238986017234073,-0.0281923635853977,-0.334084093329268,0.636357145320566,-0.270138559130915,0.368329596474812,0.0832492611890714,1.15995114826803,0.857784707751886,-0.755024401542501,0.958753025395912,2267382
1.85325731527427,0.898488849612473,-0.242178757251499,-1.54879148979901,0.0288206237875987,-0.56069751968828,-0.411434726483658,-0.87788729399176,0.758479037025507,-0.339313010432065,0.368262119553154,1.07137157063328,0.533874799971657,0.281943043316288,-0.27375392584557,0.0288214564699854,-0.625094837229385,-1.1856571458077,1.20166508483114,2269346
-0.80652886053854,-1.16331756013939,-0.220185289837423,0.200096698813337,-1.06158069092617,1.2393630085895,-1.00042450509236,4.30347442914978,-1.50115339413544,-0.361969158977649,-0.114606261783612,-0.901571152467127,-1.68554209002299,0.991808182504699,2.14605715387193,-0.482487584736098,1.52909201874454,1.03314382929904,-0.740569193365817,2271329
-0.132897808439463,-0.0190649382454712,-0.240374007867133,-1.51574936131767,-0.434466595634216,0.687094136033422,-0.196862116240098,0.505069750031323,-0.373091214647629,0.393560818051307,0.627991923385152,-0.266848737872837,-0.179566769800168,0.5048310609747,0.395889674071248,0.519270654076182,0.935957471917097,-0.312126591596768,-1.25121451587457,2274521
2.22980153186558,0.558247679292402,0.340727814667145,0.670978453255915,0.899674241736312,0.553435778329686,-0.823565800271484,-0.469860125546569,-0.687202079693754,-0.0642684244651771,-0.295596847524772,-0.0591614057040558,-0.190669570134382,0.287338889252481,0.34313014427632,-1.39212314102573,-0.404175443166579,0.43171161189497,-0.79334021383949,2276121
-3.11185391830944,-2.9625568221571,-0.210681246719589,-1.89069199776422,0.298083403419443,-0.847627834158812,0.386686159099473,1.03264905025777,0.263257273815657,-0.343440028661029,-0.150295525305981,1.24374056770847,0.876839738872358,1.932150861992,0.550275398677048,0.675476978961984,-1.24413585568711,0.909927896774099,-0.279294285659466,2278618
0.382642637687427,0.656088639603114,-0.240881899538419,0.441816114906909,-1.86464451300275,0.996533481807932,-1.77954044961471,0.935236249355547,-0.297127965795657,-0.332280414505312,-0.237605809594432,1.11465409387812,-0.0609580573423815,0.393614508295945,-0.238210660356964,1.07988445957394,0.440242104347024,0.313816773615176,-0.18980398016914,2285214
2.00669977760291,-1.28930203337539,-0.227096948341504,0.25103256327672,1.48669080762056,0.30126274174957,0.729460667793438,-0.955671724432908,-0.0876188041975084,0.481567021921151,-0.127270229773195,-0.560088770997707,-0.18476673943529,-0.389202723079551,0.11639453672479,-0.216743073539421,0.418436796874648,0.160588590808921,-0.253198100179584,2286108
-0.587454042670357,-1.86326231256191,2.6042576015667,0.950760506200807,-1.05444790298147,-0.359363164848089,-0.734467350206808,0.11660059749945,0.0972684798435665,0.454953283821776,0.573602228396578,0.552547153097204,-0.304972675296138,0.284015593817994,0.261848315774544,-1.19933963186061,-1.38536837904709,0.759900002286049,0.829953288179335,2293123
0.346926293687495,0.330523735647393,-0.169486737785672,-0.465190278375972,1.96489450418306,-0.0184302169489135,-0.963703245633399,-0.706424407615935,-0.782722789693155,-0.218105916864021,0.762339761302651,1.77067945889214,0.667268705954177,1.06540355336173,0.424194172892451,0.686388512886776,0.0372906088505817,0.648650957488857,-0.560590440513806,2294852
-1.97077617434728,-0.249296000389727,9.0245955627017,1.47686581721274,-1.00842065903664,1.25003483717305,-0.387940978004407,0.131885536615762,-0.322533944804317,-0.349990727642945,-0.426026193957571,0.451021126958826,0.608210475645525,1.11186937665698,0.4034684169791,0.957290316240556,0.360432675684473,0.644399393787731,-1.35994078147022,2294873
0.991655790708282,-2.38038349852269,-0.178390616676965,-0.363693827772533,-0.566205100543747,-0.237218896713268,-0.455746952800919,0.192677372946195,-0.403207195251753,0.490405721068627,0.0774704854386388,0.457850093613666,-0.290686116191892,0.835541066160577,0.36894105516951,-0.960030758470979,-2.10395166417969,1.49602553474987,1.75198429492868,2296332
-0.481307971480287,0.0313543796277321,-0.222810279139683,0.88316428305919,0.561930650816988,-2.38997646761767,0.119546049745392,-0.690393900580157,1.63698164652215,-0.245784420888016,0.262393415439203,-0.0995884824008841,-0.126928574045855,-2.42924103509229,-0.514588459946501,0.929200243903022,0.67029729384072,1.00484205623881,-0.92549690773227,2305114
-0.00188773916902445,0.767217641975325,-0.246372485456147,-0.665863007307652,0.210805263081851,0.596459756220026,-0.651372634970179,0.0674587075064016,-0.65338431777243,-0.337073622573604,-0.344769602046723,0.497317193633651,0.672422137933016,0.10910761956848,-0.138665659256103,0.182635714047017,0.515960014314697,0.682536451446256,-0.766615811162511,2305115
-0.318913850948468,0.837387233365944,-0.214851258591668,-0.0826898338108605,-0.212969780067296,-0.411379529672919,2.29001231499287,-0.638856220531024,-0.109525697490559,-0.19938804418582,-0.647496424363004,0.222946837784581,-0.627014148109699,0.577118330964593,0.325099244792431,1.58151992933973,-0.265346279818787,1.23738424819191,-0.0701406236689193,2306459
-0.238477362280529,-0.70742605325823,-0.243464623256644,1.18084092459747,-0.706538981018307,0.261060100020865,0.692560732974877,-0.126437919932451,0.483010721185161,-0.328650119784297,-0.499376970204061,-0.792239163552003,-0.295709944127216,-0.415909072889655,0.0630477382239499,0.106561237713498,0.373387697555359,0.484988678116542,-0.16726695001209,2306893
-0.314452101623623,0.176671491825541,-0.234045156634202,0.248649094277696,-0.372635618299219,-1.01821485832696,0.282877012387912,-0.509016080099062,-0.0977477450247542,-0.267777085508004,-0.533206051078397,0.0769872012336047,-0.501241520152219,0.194900756794319,0.214303297685008,-1.02920047277681,0.848351904045969,0.563955368115863,-1.89944806397323,2317120
-1.49768516803979,-1.89594785185343,-0.231046354132545,0.125394409479278,-0.21935988113744,0.0411252810638732,0.106987703906727,-0.430390188457045,-0.120379952458192,2.36048633346398,-0.564215171691456,-0.0631551947187645,-0.102957067881787,-0.0944173094058786,0.337384379806641,-1.39185342119296,0.426071785361013,0.288043816410359,-1.23751487956216,2319068
-1.00975272306534,-0.144774337787324,-0.237324384168489,0.844151404587173,-0.190545814864278,-0.272107463806114,0.897884426489667,-0.232895097674027,-0.197016898131338,-0.330206735458877,0.143869567361282,0.499460550508907,-0.451979462512046,0.421585405932395,0.363966612110031,-0.333836993287849,0.909471029829336,1.31605669603271,-1.34729721830464,2321962
1.00306300157926,-0.350789400673871,-0.244485850156019,-0.00931343456806931,-0.392847738543638,-1.28042128374921,0.996285310762161,0.290540844149812,0.196110167347186,-0.227764456840736,-0.332165468653537,-0.44510521890444,-0.207222215723393,-0.0756814055131846,-0.22383801858369,0.718602573774773,0.698979833813448,0.134228744214941,-0.212538781442818,2331869
-1.40580248914542,0.543266728210661,-0.239930793715328,-2.21590159328743,-0.10271439813767,0.759139436595972,1.08622490097937,2.10637626449314,-0.377210397719932,-0.0294492436649114,0.00978153077443641,0.09553475319254,0.868983276303315,-0.919870100817167,-0.0347937059058022,1.15629139313821,1.23739285089612,1.2999569018357,-0.334321891092649,2336735
-0.274474660056994,-0.973804338016768,-0.242957489063749,0.238336326219051,0.0867265594948256,-1.06517920949994,0.314337826484129,0.29979422241133,-0.33199559708303,-0.308592782746363,-0.123198245796863,0.164110495079724,-0.0358166980106852,-0.155074998015901,0.134491764851147,-0.220875240145796,0.513427320108638,0.857180440291819,-0.248636355185756,2339674
0.580849389040445,0.598295800323528,-0.145751821179195,-1.1115384205934,0.892347465748328,0.324248760869704,-0.131551795142884,0.870592516767691,0.693563746726698,0.938579063607431,0.47286581347613,-1.0273720163188,-0.408077562409557,0.39749748181969,0.331021668440257,-0.141902190695322,-0.799589708677129,0.194155161723099,0.231156632082261,2340155
1.44144744121535,-1.1581927638976,-0.242485190964221,-0.0842248662391124,-0.569396589268386,0.349300194077317,-0.823255086909329,0.193553948148249,-0.170929320870869,-0.27369242285141,1.71535688290071,0.198457568700446,-0.422615307605016,-0.256803631332167,-0.424420450385337,0.498020013552494,-1.55069555603572,0.295947201840829,1.45022103143076,2340322
-0.120756384489667,0.405653132943676,-0.247131065215913,-1.24392514514057,0.150908941821233,-1.33913587627196,1.90372278613258,0.0269792381959172,-0.906934965502995,-0.309334744348703,-0.581902866445845,1.89266699398448,0.616076657987277,0.712241415599757,1.44904977055863,-1.32693048820904,1.01457498314191,-0.206315747324263,-0.595511530342284,2350037
-0.837580720742663,-0.453737161214031,-0.244630912202393,0.878224955568799,-0.660033005335323,0.899903731543612,-0.422602448972873,1.19323135812198,-0.591821500416033,-0.288507444188215,-0.404971156235125,0.131966248127259,0.433742295752405,-0.368789318811311,-0.197756543519658,0.792809611810442,0.412052580045325,0.660315606410803,0.462275944404736,2352038
-1.83459032248507,0.131687454343738,0.108562447773773,1.24444843528803,-2.36102396297536,0.732679534898245,1.43879546458907,0.943105647598889,3.31148557562174,-0.347571168642071,0.227898195305859,0.232466716733006,2.64410850691198,-2.24948042482603,-0.413093888013384,1.28483512734449,0.871544636853282,2.91195939858868,-0.975000687783551,2359944
1.37971580251725,0.316707898385698,-0.226033952515848,1.50253122911743,0.117724422490293,-1.87707216747975,-0.0127707743182499,-1.05902724664208,0.954434106381415,0.0195329388604136,-0.656717216911835,-0.264064283544275,0.561451874921869,-0.626412098078952,0.308007768872651,1.2446761193468,0.205175380301926,0.770299483135287,-0.0597241264237672,2381907
-0.0126643570680011,-0.0538092045297007,-0.247052433895896,0.521323029170795,-1.34396094877247,-0.654128590158856,-0.016863730985653,-1.0621903188685,0.133398691635359,-0.23798146267389,1.39442664830821,0.267712329159594,0.556704805842199,0.232607689591031,0.203993921333142,0.0172928515840081,-0.666924962127906,0.346992697464596,0.196425560215319,2393207
1.45128233826103,0.041178012919279,-0.244688775672148,0.501215864488928,-0.243563730390825,0.274449489530589,-0.78687174767635,0.777317881220384,-0.189093760905339,-0.151233859657253,-0.208294754749933,-0.142125113474105,-0.0874768230667877,-0.108012262274025,0.0665961143729733,1.11009807719758,0.470780760446743,0.212250778068654,0.416635427505915,2395415
1.13424326996843,0.523431409573106,-0.21029448561908,1.6383277261481,-0.558547042996811,-1.45045746956431,1.4208615195314,-0.769917120867534,0.282132004930721,-0.217054210271504,-0.437766522267283,-0.3168063915198,-0.193092626703944,-1.08905367772734,0.289522635774713,1.30463773634168,-0.00807307311714658,-0.632161959245992,-0.478195173113839,2395943
-0.152817323441736,0.0576439924741097,-0.233829503107622,1.12168099149162,-0.471096692215884,-1.85824498990366,1.99640104382089,-1.18850728577411,0.909922094352555,-0.0179620936336745,0.428196659312389,-2.6481830914481,-0.558090794168532,-0.579050508467155,0.115082769112222,1.31203525849616,0.426815570418126,0.423204494446311,0.370296422558717,2401405
-0.562909089997963,-1.31211477636371,-0.246520881887184,0.279059330660711,-1.17603405675282,-0.0118599711858955,1.42142588043953,-0.79396205653276,-0.293110113554939,-0.153704001397109,-0.709028057056459,-0.319268814569687,0.0263532177861443,-0.191205375204301,0.0338423479036815,0.515960503479024,0.808974844962237,-0.175582560252749,-0.10641214733742,2405144
1.33217842722771,0.289865565636405,-0.241958818133293,-1.26054608468036,1.29246572546838,0.63571850771218,-0.521279738521417,-0.118508942246627,-0.803817923629826,-0.281458443004235,0.0601152684601478,-0.403023622618706,-0.533289605659416,0.671666648314705,0.486990375173741,-0.0640087812361449,0.0463922427964146,-0.0149532000389379,0.0798122412744449,2414406
-1.0918778010258,0.632005718066517,-0.23656150261687,0.626132554052554,0.892815495558465,-0.912775589838323,0.0822576783969886,-1.75384877904522,1.33326894759225,-0.0994520190007078,-0.040130955514661,-0.943145246408868,-0.103176335767426,-0.0531033874930019,0.267925312621898,-0.216450130650544,0.486846444379256,1.89838644877473,-1.05581365905594,2419459
0.807089633733343,0.450630266338021,-0.246079031915185,-0.0425670247806136,-0.82390979376219,0.586403966086449,-0.475196366320773,-0.238375394019279,-0.95679077153276,0.0144604993678561,-0.561992577467393,0.311431744885104,-0.151898967244499,0.224904419316504,0.223390200288035,0.516644916226674,1.2693300070644,-1.4007476264228,-0.743190323997113,2425694
0.207672379473499,-0.267365382551145,-0.24632627005897,0.888691835857472,-0.554993011277307,-0.202969987043585,-0.217027828365668,-1.11165392941459,-0.464773970443839,2.12128638183087,-0.685656671314833,0.199428079022184,0.837966335591647,-0.0224862969892641,0.284545252659248,-0.368937779197976,0.476864941865572,0.944595414493084,-0.706006426937174,2426863
-1.43354235135743,-0.337792444493722,0.0369180383744133,-0.347069703010224,-0.144631743089342,-0.15728493520683,1.66146146146905,-0.530087817859284,0.358058244979785,-0.323690580637447,-0.795569136638228,-0.46888700531855,5.20603380360099,-0.754941383241167,-0.980575560106773,0.18037620381095,-0.177799105187343,1.66123385952524,-0.257191541054743,2430773
-1.12560885820911,0.813139053031681,-0.216352605601804,0.39866922361864,1.39180745735687,0.232653235027047,-0.193168007270483,-0.980682341999407,-0.221063079037695,-0.315809677933378,-0.46010333015272,-1.65073007569847,-1.19962128079358,-0.116844693343559,0.13550310901406,1.29251323062047,0.449281883633266,1.95789544569435,-0.7284256237615,2439458
-0.647668971251725,-1.20230100012277,-0.240635778188177,-0.0557378656519741,-0.200185258532871,0.20198960476345,1.75125838305952,-1.15402439923635,0.0981876797932159,-0.104404673394056,-0.454580243057392,-1.04786019949853,-0.372660493326157,-0.188965449593391,0.131418913341028,0.231991386108855,0.360715611944443,0.822302690583538,0.0490026762070107,2443354
1.24807649614291,0.357066365100689,-0.23838953035528,0.258307292663067,-0.239446542986366,0.909142141335139,-1.10668939674398,0.142577689047601,-0.366796813313016,-0.101500188484849,0.0394135464550394,1.14680761735945,0.733455943877951,0.678147285998348,0.350759301844604,1.15261289421868,0.629527882957523,0.289356042557431,-0.0642026526811928,2445526
-0.277025916955631,0.375969017698092,-0.224659408195026,-0.158278447310944,-1.43015026590455,0.657974994812919,-0.879814363841939,0.757207325969932,-0.172973871046612,-0.144013477355835,-0.594141466359073,1.05330488746325,0.437095150448131,0.895263458027425,0.414650196763232,0.282546554797254,-1.01483739499314,1.57513013047457,0.61815005335888,2448298
-0.746227025142406,-2.58019584634744,-0.245133142219854,-0.629888802559404,-0.003710438858049,1.04854732389478,-0.800066354686777,0.94017208183404,-0.393722172716426,-0.351998544216125,-0.507376233007554,-0.834559518490016,-1.53369920655162,0.210491487509426,-0.351571031839903,-0.940895531198142,0.726246346414816,-0.586185155686472,0.417958067732215,2453577
0.35705356737723,-0.240713725509401,-0.245754873946388,0.992964299286334,0.696393351289937,0.971378291234995,-0.539750154081941,1.51864159967238,-0.304760895006703,-0.329769206043838,-0.471117882759376,-0.425962893282072,2.19084842598135,0.535705990914783,0.0741190765590661,1.29036804681273,0.0758776707146684,-0.164542339256434,1.2068733896573,2474709
1.25599089062104,-1.35207261978504,-0.204392983599114,1.62893748046996,0.224438404080514,0.00553583064423235,-0.977534173045143,-1.9613979101208,0.931922996823315,-0.285811733322842,-0.205426635085918,0.916234320996318,-0.572418779028949,-0.102046675349533,0.304476921638343,0.0284102525230484,0.58590095416678,0.143773112364449,-0.0946757374327384,2480056
0.133653051186606,-2.01791727577088,-0.246828232623048,-0.41933354620502,-0.334435011767964,0.0816464127053944,-0.784181342575766,-0.389035118812665,1.10727233678339,-0.200900504931168,0.116800115226365,-0.577859660310775,-0.698872597520036,-0.605515021879634,-1.21877305085802,-0.510777307261313,0.762244954486494,-0.0768071065366833,-0.699092822309138,2480330
-0.0699977306666349,-0.242617307234435,-0.24144218011085,0.539693792761951,2.31676706665692,1.1008169779058,-0.218100135626958,0.870209993500101,0.918531421389325,-0.117650570564261,-0.411567040527795,-1.00147863290424,0.740655621456215,-0.443987412802347,-0.0761866310291284,0.657544225676266,0.162423418842176,1.4242297717917,0.16751676479813,2487135
1.68407831766302,0.942671038257765,-0.224021159738633,0.79086678662122,-0.32003758390873,1.32414507337084,0.172616624322618,0.871891566084388,-1.01318608911195,0.145505112871902,-0.488139172217892,0.162914738069774,-0.273278300382238,1.23508006494505,0.410482981196962,-0.371459765284197,0.153646766362128,-0.793916924791183,-0.403458353167468,2488660
1.12817843326243,-0.604866128001203,-0.226486490978193,0.235344043175458,-0.211719784970323,-0.0879233753183645,0.861439185213831,-0.136869234202518,-0.17671582247888,-0.288929086487763,-0.876539674775853,0.408390956663162,0.633389992512876,-0.010056076086763,-0.182672846259805,0.678482095707551,0.535616218337142,0.796604427317296,0.0088851734076216,2490180
-0.996363520946457,-1.14018855960037,-0.236289496379447,0.562606121135062,-0.665277834236811,0.936034791710734,-0.931180348494117,0.167994273586166,-0.661630733906359,-0.281380945267762,-0.764469411317869,0.210243117280118,-0.182851307545415,0.182543435162467,0.279006840804736,0.399737295883002,0.321199931748948,-0.328452526165094,0.243450939942339,2493534
-0.251396247102166,-3.02522199352576,-0.245886655715256,0.184393930602241,-1.4165719391029,1.70786388556415,-0.322557197567855,2.2514984381844,-0.284998059355378,-0.338968177588051,-0.825404915264808,0.390959720504246,0.190120055260666,-0.108940967515218,-0.0304098405728529,-0.821276601468081,-2.99563340833021,1.28074941877664,2.35232150025395,2498991
-1.08002721746175,-1.74958797217064,-0.242248993733614,-0.418687171098589,-0.789541974944665,0.448333016750148,-1.5527943635544,1.00081180592362,-0.943917215943296,-0.250572362545561,-0.196292740940155,0.828995650522704,0.397843843253409,0.740248687742222,0.367185870048536,-0.172624817195467,0.905999574689347,0.314399204370687,-0.534484093723353,2500377
-1.03325844072522,0.753405037546255,-0.23639518018744,1.47848120201521,-0.0847029148199963,0.322768912758787,3.48166633444502,0.134764205117412,0.974764294756297,-0.350344260091709,-0.674507088978309,-1.39392629940225,-0.781255523441218,-0.827559211820183,-0.169216166167479,-0.0335646597515618,-0.236213158644551,1.2876478236096,-0.969675556681796,2504802
-3.98215677207484,-3.67876075689399,-0.233942829726717,0.16087633717613,0.864525301916068,-0.961704650907829,0.175298657037134,-0.424095014815719,4.74058640997909,-0.326289550187187,-0.591083599306962,-0.745552347441367,0.437298459230982,-0.493971413330229,-0.215355623253585,0.136721973625454,0.247240678541795,-0.104565315613918,-0.175229406278101,2510402
1.59946333018647,0.0973322205438521,-0.147152745220651,-1.22547609162656,-0.376040407412233,-0.0459887827975052,0.51910591029215,0.305581991236534,0.934649287596337,-0.253737458945243,0.507015558969299,-0.308044069913613,0.0209162146218722,-0.930355013781475,-0.725005280641775,0.698328061007294,-0.764377703966118,-0.176655606838172,1.02589099590462,2520618
0.165918388150631,-0.647711478052007,-0.246407506816684,0.634338556705475,0.103930394295821,0.658753150244269,-0.370666301383992,-0.36581349680258,-0.391566557619501,-0.273142622247785,-0.0607087902144407,-0.747398211659336,1.52878419795478,0.435832527496822,0.186712071012959,0.159419523879229,-1.13990235174741,0.471720619204087,0.947669083050459,2559453
0.539576243859221,1.37912649677252,-0.178152721068537,-0.0406275672138844,0.280516969651153,0.758502153967899,-1.17036799998028,0.836959377810152,0.539756398029909,-0.219857208992426,-0.659239710588978,0.641079854398588,0.932155092688703,-0.417819921671919,0.186803444076691,0.473269248240658,-0.713987988048934,-2.00342678367194,-0.23169838094458,277752
0.782767390293619,1.06541356620615,-0.23507116782318,-2.58241541304273,-0.100688140971494,0.82792509559497,-0.353251098596886,0.795766211270012,-0.969586079967837,0.0546644135896601,1.85398561815831,0.326525403175513,0.130710088024356,0.731504542204728,0.330210042646953,0.285972613417941,1.19497504902253,-0.474226380957546,-1.48678150277777,308862
-1.76630403847456,-2.04742387448192,-0.224303597991196,-1.1673412867228,1.14889225096517,0.715677363741211,-0.484710778790036,0.606254690789718,-0.607195226842553,0.960918220334443,-0.147978886276729,0.367529590385463,-0.229856977251321,0.258145053544375,0.176740449909114,0.489391921095691,0.475525745316529,-0.991542788364566,-0.112838991594861,58325
0.470027983762597,-1.70528954188638,-0.0738680863536624,1.04607347520415,0.637313104543712,0.271287750378917,-1.15112659694658,-0.26438943213328,-0.513339423153542,-0.291738785867808,1.4292118272627,0.614221778567554,-0.360619886133844,-0.865483603795675,-0.568720367890269,-0.903448355400269,0.297955119120113,-0.755458434837025,0.0232765660894004,92173
-0.500186509038866,-0.492069863543069,-0.238269390905182,-2.38487634916451,-0.190911353153941,0.521945899368958,-0.660580090773331,0.722533740222316,-0.872475043464866,0.0012366939189007,1.26594740750389,0.451941130146407,-0.00454704320860113,0.611909441956108,0.397778085555823,0.469109496287015,0.792550332374978,0.289231038140423,-0.710421674614795,923666
-0.984571773939973,0.0252751698451245,0.229540164429417,1.04296059668081,0.124932628394127,-0.870704096470744,0.900784036872144,-0.42882417524452,0.119190086364813,-0.343301224796659,-0.335191440217873,0.919412134441395,0.172305112552242,0.386075472080994,0.0079444208586384,0.0564318902380539,1.34958196309304,1.07162845644638,-1.32612130877009,965005
0.596294688179333,1.04159171944339,-0.152952290994593,-1.1039590771514,-0.424137256298942,0.493675500483734,-0.402328741774793,0.626413502014037,-0.733375589592755,-0.268087957373894,-0.401530253948241,0.259392530140825,-0.293996271798778,0.462133013778367,-0.0231663755818281,-0.430428490015082,0.255357172221584,-2.94346397274528,-1.19962893840934,983079
