"letd_ptv_log.sigma.3.0.mm.3D_glcm_Correlation_473","letd_ptv_wavelet.LHH_firstorder_Kurtosis_473","letd_ptv_wavelet.LHH_firstorder_Skewness_473","letd_ptv_wavelet.HHL_glcm_JointEnergy_473","letd_ptv_wavelet.HHH_glcm_JointEnergy_473","letd_ptv_wavelet.LHL_glcm_ClusterProminence_471","letd_ptv_lbp.3D.m2_firstorder_RobustMeanAbsoluteDeviation_471","letd_ptv_lbp.3D.k_glcm_ClusterShade_471","letd_ptv_log.sigma.4.0.mm.3D_firstorder_Mean_469","letd_ptv_wavelet.HLL_firstorder_Mean_469","letd_ptv_wavelet.HHL_glszm_LargeAreaLowGrayLevelEmphasis_469","letd_ptv_logarithm_firstorder_Uniformity_469","letd_ptv_wavelet.LHL_glcm_ClusterShade_466","letd_ptv_wavelet.HHL_firstorder_Mean_465","letd_ptv_wavelet.HLL_glcm_MaximumProbability_462","letd_ptv_wavelet.HLH_firstorder_Mean_462","letd_ptv_lbp.3D.m2_glcm_Autocorrelation_462","letd_ptv_wavelet.HHH_firstorder_Mean_461","letd_ptv_wavelet.HHH_glcm_ClusterShade_461","sub"
-0.598642585426457,1.08200422612166,0.542263309899953,0.36983639977146,0.00689948288723925,-0.312803635806935,1.29979264711984,1.30577462478566,0.44328940566004,0.324326879082371,-0.0582258567264569,-0.253810733621209,0.192926669146284,0.432427770188935,-0.311548810860971,0.185099834236653,0.457775601539377,-0.130879232238782,0.0378491522481735,1916742
-0.38686776565413,-0.256534768099704,0.155007936931848,0.423927574517511,-0.667224921743375,0.744352551972934,-0.965082925684708,-1.50576825765244,-0.177262527822267,-0.864128639118922,-0.199690208576764,0.867513454614045,-1.15291946520923,2.97810796182885,1.5713385475676,0.635179827545027,-3.51649986200497,1.0843016277314,0.270043915360369,1980052
0.0448000978880295,0.846288979936537,-1.32798434405939,-0.638558897765463,0.597859649971802,-0.413847321208231,1.74968400991839,-0.310426588044934,-2.14312823958344,-0.422955967848961,-0.286014241243746,0.545557659294908,0.188890556595872,-0.55680425095471,0.292289723014669,0.634147925608035,0.511130703253445,-0.16991898909187,0.0288276722995716,1926770
-1.22155200548158,-0.380130368443204,-0.283424154596044,0.564711966263968,0.27028271413944,-0.440364508286209,0.063160244507687,-1.09121345582914,-0.937546044033864,0.32903692723548,0.000884571446154817,0.106182879897164,0.168203903861357,0.267353825095966,-0.0274127368823062,0.729286514720515,0.890840083501386,-0.708134889415513,0.0484839636778367,1979045
-0.36329597117561,-0.33295766472361,-0.00662884219761215,-0.470805413661648,-0.405343982865376,-0.357694915550669,-0.0270158264982761,0.429764281689076,0.00726471697295718,-0.0915956791800593,-0.300329330406089,-0.0775496454399937,0.104137924762004,-0.869460710521684,-0.589453692037213,-0.127984982299779,-0.486128909652875,-6.69912561322018e-05,-0.0169931663849523,2196212
0.730413622418045,1.29767667315807,-0.161583808130135,0.987954914484768,1.10954631536875,1.86599201562374,0.362865027160529,-0.745603890569945,0.560185510060973,-0.941973210902944,-0.241751812892387,-0.576932138118868,-1.21695676303661,1.07640122380924,-0.298610266334514,0.605219965523021,0.477852313104386,-0.190690411518873,-0.0574178247099943,2393207
0.138532537180776,-0.378845895008734,-0.635213189579039,-0.654529105357593,-0.681049966279837,-0.347078081583719,-1.50845249010005,-0.107098067148113,0.882452361183851,0.711329303796244,-0.289652242891648,-0.277727676014209,0.454117729825662,0.99000767209043,-0.831615120289775,0.269876750265073,-0.884299528865597,-0.061565579124872,0.164805737610766,2146138
-0.718651517755746,-0.583402175193868,-0.258471597137045,0.980204588825242,3.0391109130956,-0.461696392947372,-0.413901235333311,-0.742754188116879,-1.54914991310741,-1.64430659439413,-0.174448523158521,4.90829378512503,0.0838241401213045,-0.572077803747268,0.517216001879416,-0.432048396980036,-0.190109157000817,0.227347759738391,0.0688148116768794,2228399
-0.541549271409625,-0.492217034626222,0.0674452257581967,-0.967265604799871,-0.985820936757118,-0.316985557431202,-1.74852652287797,-0.152769554603702,1.48928668135378,1.52358931586836,-0.302154162926041,-0.0750915561220377,0.435500145906807,-3.09957785313667,-0.332970334221361,-0.857358683494725,-1.10540181622439,0.800067161340055,-3.81784142427863,2144796
0.134803789675351,-0.409188476926699,-0.242353009830923,-1.10823208627496,-1.00067455057644,-0.266538246164834,0.74423103826962,0.996617743322857,1.76535194968861,-0.335078248680043,-0.308404303335781,-0.39953623089444,0.532257735160874,-1.89496405198002,-1.06223363993718,-0.636647917465071,-0.870100771484473,4.03239692572094,1.67735882381901,2234271
0.345490096771649,-0.247683515606838,-0.0740294137970634,1.51970454284787,1.60873963962065,-0.108239493220002,0.20719716740865,-0.292796109564561,-1.22080033700441,-0.801842253388499,1.18028928137999,-0.185343444866293,-0.228322775703124,-0.0488949359547143,1.1468355647186,-0.00850158827012047,0.0573299889513822,0.312361169169078,0.0471940759838727,2296332
-1.24276978576889,-0.488018016920556,-0.114467709976405,-0.778612252933031,-0.926535855575173,-0.160594044757677,-0.802059244158937,-0.463006087040101,1.23218830574558,0.958474533747091,-0.297443073196932,-0.0612043686741803,0.585454689732731,-0.15290884829921,-0.620205111654382,0.040386998116545,-0.628842886388477,-1.05510104856529,0.0160309907386395,1684230
0.263521634977096,9.27911171372957,4.3071318999332,0.0261563476918101,0.146472470191521,-0.314607842438102,0.230228964318272,-0.0220406442479554,0.0729598071596893,-1.04992870551721,-0.292285359918004,-0.57792008084782,0.0415674547659334,-0.0672919939580516,-0.060786732082071,-0.313153179839297,0.125678151463678,0.387576806174145,1.17821917035324,1720713
-0.224624893268261,0.0449534294242172,-0.103682630010884,1.21862848245539,0.561626515108848,1.24238848455506,0.904888913470641,0.658047745245433,-0.999562500634642,-0.372354041959413,-0.202690641375301,-0.637693517126582,0.624842703957981,0.200913233578422,0.0120370273746431,-0.0112579937474118,0.496510607920181,0.273832143398937,-1.22230249724005,2186951
0.963116538265004,-0.261093397601103,-0.325853525002439,-0.663316587844912,-0.473348490793559,-0.410426422312075,-1.46032741535094,-0.0208195428135275,0.0345136109050297,0.242151204942353,-0.296588774951679,0.120249026581027,0.192438717089203,1.34226014813234,-0.245336395921086,0.0558947149825982,-0.999488051744367,1.78685678605472,0.184695279115372,2439458
0.566877479044874,0.3758653482395,0.573380883725159,0.529201896247407,-0.173657895963276,3.01805985637883,0.223900019695347,-0.308786971977909,-0.346644375934244,-0.933214772199292,-0.207764340784977,-0.809607961659733,-3.13342388736294,0.151557840028166,2.24627412395718,1.09789526960698,0.641716808822512,-0.74796203831704,-0.80667964963359,2135748
-0.295026098596759,-0.552209411432856,0.159391484491009,-0.861064755768351,-0.926447579298376,-0.257731628536487,1.48203771171837,-0.0462927447715971,-1.72634012801089,-0.937770944777584,-0.296292477698059,2.89978687231115,-0.38545576751118,-0.286195452693971,-0.277242342098563,0.149986480335073,-0.495355285932311,-1.25969657343416,-0.0453117459457251,2141116
-0.0967637272985037,-0.136737054222876,-0.209097414478474,-0.675716448852253,0.364401030323631,-0.401353647619839,-0.282578945089513,0.741183426102708,0.880151587147491,0.547120987788572,-0.305720800935186,-0.125449306021437,0.280573649632619,-1.62227936692342,-0.721664641514137,-0.708553538975703,-0.563360059299314,0.267929771289568,0.0764764057242931,2108003
1.32673124842076,-0.497020549196848,-0.170527422859602,0.25031005110336,-0.473837465190624,-0.428967707716566,-1.14124394626877,-1.25305982256539,0.716052292199052,0.361256061898505,-0.174907932189588,0.061667701893487,0.129540586360127,0.643535687733792,0.55463006745968,0.493488053766576,-0.655546309154619,1.84766459686692,0.0942704429353826,2006164
-1.8345965508616,0.353052957326751,-2.68527044461165,0.341871032388921,4.15737937379897,-0.280087088958188,-0.315962704678187,0.828828034751898,0.332792578010728,0.0838117664943575,-0.257680615028103,-0.24050580321839,0.330576922148161,-0.00434215308070475,1.33887076945954,0.529262049718624,2.59006478963205,-0.0018039954602604,-0.0074180706260699,308862
2.01170148254074,-0.536086416744783,-0.165692055516544,-0.392189777896803,-0.35577276048601,-0.442147572091171,-1.07947977716217,0.395410462991104,0.830381246470848,0.416562211470703,-0.155925779600597,-0.257838166223258,0.149068715155363,0.503219854774256,1.14571930127201,0.458840021735157,-0.855964450122729,-0.0341887046529686,0.0882784674282581,1085983
-2.41269880516406,-0.385816797265316,-0.519222603440719,-0.279479387681556,3.19911603545877,-0.110218784412703,1.81285911646542,-0.258216342173886,0.162261065026158,-0.256129931928837,-0.257250933797114,0.0310653513473919,0.426676099109797,0.00177948869338948,0.306295231627779,0.115872983384703,1.54681249541617,-0.771754915099867,0.0370400657362865,2004451
-0.4238621951679,-0.612100652272745,-0.197585426780874,-0.443451519065389,0.462118087563927,0.826111323729555,-1.58258789078921,-0.134717883601131,0.416196845469707,0.558881097530353,-0.275815444469463,-0.076005797482709,1.85469131057115,1.35703027963928,2.00960347535215,0.339197301368803,-1.0452801762948,-0.0498644759313703,0.0662279875301837,2359944
0.0486364550681703,1.46481010771721,3.15587368043199,-0.246095447297616,-0.560254633722346,1.73266991087734,-1.29602998380061,-1.4670143363255,-0.0371520293091169,0.791075692969398,-0.300870696420556,-0.443350689919568,0.0431482473175312,-3.38160305516269,0.0919789576754424,-1.80332615549972,-0.0816821166189433,3.79369126511213,-3.37385358633538,2069079
-1.04146045716293,-0.448392315624179,-0.835725522518669,-0.601160578235068,-0.932160657011826,-0.347942174115835,0.81816048159315,2.73047047773408,0.640453344571055,-0.13944939726083,-0.295454833015416,-0.342234563896569,0.497065708288286,0.336653315811044,-0.642900893804059,0.622200305831302,0.716004530714853,-0.318749078152582,-0.0560225387846667,2059713
-0.34279167288538,-0.221651659592679,-0.685504819165055,-0.77541997137016,0.254311654516215,-0.309283962379623,-0.200543845338792,1.82154877265988,-2.00436569785556,-2.6968865226029,-0.304136194314422,3.75719923353387,-0.247237454909589,-0.207941466734085,-0.217256911126448,0.378397416958312,-0.834152834000561,-0.154177258979478,0.165718408401682,2294873
-0.460247415204304,-0.39432387018886,-0.406638776066239,-0.874654707171608,-0.787416872035797,-0.279785259594678,0.173228327413219,0.448997835604703,1.25896688637104,1.13269971593657,-0.303208431476369,-0.320711121828465,0.631915608195373,1.1032868010103,-0.91162457394671,0.432036993296046,-0.88161223963734,-1.5238307139684,-0.17699864754065,2033049
1.12193677092018,0.101626752559334,0.0758182320254845,-0.617036929310877,-0.157852305480377,-0.393672091828508,1.09016646205497,-0.0765220081965865,-0.710386459076518,0.322980600139873,-0.301293303371019,-0.161051181052945,0.207186061801127,-1.4036149128897,0.098323978309917,-0.0314224851977073,0.504545428670766,0.345148366721246,0.00590085945940843,1485662
-0.228119361242717,-0.340965286420655,0.0933781095481236,-0.633574847160877,-0.807853082693117,-0.374396337973874,-0.0164152863095751,-0.904419506752247,-0.801746046663355,1.77890251462814,-0.281263103990884,-0.587376374908497,0.149269314494151,0.393111969655751,-0.788251763682405,0.378019754007402,0.0462270584778261,-0.39934220129215,0.376444360704653,1526417
0.588252515234224,-0.404454546505864,-0.381962902567813,-0.574901292989294,-0.749693340233574,-0.261192946059545,0.859939924568035,1.01680338597313,-2.56712820129788,-1.61053012026841,-0.292877789969322,0.28837376826037,0.299229349928285,-0.813905680087841,-0.418481171640571,-0.498550788907612,0.236784144920806,1.48490439603901,0.134115460075496,1386095
-1.35546808357773,-0.409608820236235,0.213422678626487,-0.515343891827292,-0.862634799664342,-0.252837478995916,-0.270323180405949,-0.944198665979727,-0.924387925883158,-0.994034708842637,-0.291409066335403,0.145120363508057,0.0664537240712913,-0.463234569241413,0.722344296490969,0.463898566271068,2.56467717997626,-2.08492963164812,0.117235387054477,983079
-0.729190983542093,-0.478824529821933,0.0559171123310512,-1.02282056983589,-0.863138956187067,-0.315500041503606,0.0771246073243591,-0.709588665234435,1.39818098861345,0.499499276532591,-0.305185065010915,-0.127162939713842,0.247281843835852,1.18022071491858,-0.439547093146183,0.737963939441166,-0.685446286048834,0.301838933127515,0.587606290575707,2132424
-0.501281532082062,-0.273064189882061,-0.665824515827616,1.52011781164622,0.858309644977013,-0.38834579231194,-0.197694468685046,-1.29465666931586,0.0625776967883486,-0.104942712220684,1.07023644353914,-0.605871977175477,0.143268785399045,-0.463608876485527,0.168382151643764,-0.397590322047927,0.203708381074794,0.402478276460513,0.0422176305331094,2138375
-0.566296452958997,-0.443350437245691,-0.430988341448718,-0.581430930591072,-0.791071812027962,-0.405377626921701,0.532222092002406,-0.965068049052381,-0.291669750366589,-0.151949123971729,-0.284830778496199,-0.071159206583154,0.230933521382984,0.0986401998668886,-0.0249002734768249,0.488639347115378,0.322160514252561,-1.15795490510294,0.0292417533165224,2490180
0.223684252193727,-0.344584750930942,-0.426720401745952,-0.0313835940593352,-0.110998810621757,-0.363455046861138,-0.283939244513411,0.596246643889774,0.0731381021156517,0.166146125320804,-0.178315555449309,0.0682367971903032,0.123906722419624,0.629669173648396,0.561566188545833,0.504310228522499,-0.343805322694707,-0.346080870183083,0.0444455855803231,2034136
-0.275648611785986,-0.421485456980816,-0.215116250565158,-0.384232247940483,-0.647029840323437,-0.219180086976996,1.19019471352018,-0.241777997129678,-0.262604707615504,0.187031919955404,-0.288144520197214,-0.244528174579292,0.333668854092325,0.169231685132702,-0.204202687762385,-0.217389696875718,0.776344692246813,-0.181350910787991,-0.0048455047181391,2510402
-0.178477165838876,1.01612103134904,-1.31076635883171,-0.19887238709096,0.790133910687615,-0.308440259008419,-0.17739484606582,-1.14884490507006,-1.32398297355213,-1.16907053565753,-0.27641305089352,-0.620115494412537,0.121936855329218,0.18517217421683,-0.391830890287792,-1.65222720778395,1.5268808023843,0.194575907274854,0.413747237521577,1330263
-0.559467231985047,0.313850749984277,0.622389956806372,5.46771345724477,2.6561684182972,0.0150091077263216,1.31837691374455,-0.250362772123382,-0.282706936891158,-0.494975394429208,1.02072341568205,-0.848300214775014,-0.383806492593113,0.00900035317386205,7.40317248628075,0.0563105071474004,0.966308082294623,-0.123188212329616,0.00243256508313002,1768972
-0.461014539654693,-0.497781710954922,0.226711108889683,-0.14875386810907,-0.554936121904921,-0.343438525041286,-1.04018758658596,0.000824105908842389,-0.443710768874243,0.449497190769307,-0.245535511341256,0.553448925549978,0.285330381622383,0.353954320307725,-0.168751173628577,-0.675950900106758,-0.53185075633645,1.31954898375091,0.128566010455979,2306459
-1.59912488258316,-0.260040741589408,0.181804321411961,1.18272398772993,0.350653469927755,-0.152751108256192,0.985457672242923,-0.916309734846057,-0.300100754325854,0.698741027709045,-0.282553928050865,-0.333760799778413,-0.169779195598701,-0.799659818959748,0.217155738178315,-0.99504150498965,1.41050884480344,0.0851832872462551,-1.13994102893427,2181724
-0.163935857325066,-0.528850560081872,-0.142705456599674,0.970100448526353,-0.453107858773358,-0.460150876167012,1.39910723496808,1.36118807267084,-1.20523471177468,-0.827503185035241,0.547244453335974,1.88797455221844,0.119702426421666,0.324189743154871,-0.229394479774446,-0.575565533424474,0.211786678862867,0.265993068972761,0.103406770485088,2217034
-1.07784337998678,0.291819093429624,-1.00338308753603,-0.619543714737598,-0.168176473903167,-0.11136399626334,0.194871529324278,-1.20791032173041,-0.780932744237136,1.39449620202275,-0.280089051321099,-0.354427201673445,-0.256859978570044,-1.13261650483664,0.108353365059313,-1.15195398183631,0.141935019159674,-0.74648104948529,0.00636205134411651,2218615
-0.651240819463304,0.119310300009107,0.349072020283727,-0.59413243340912,-0.618935847163364,-0.131743197705634,0.189513263787792,0.806433774079152,-0.243694774079681,0.488869402829514,-0.28714032176347,-0.34387942870696,-0.155536406256644,0.722650912976926,-0.900440967372917,0.453177639128184,-0.952883317600103,0.0493505132325319,-0.0285270353222683,92173
0.163964294193696,0.598941852347918,0.73651082142234,-0.421193152002777,-0.482247005347728,1.43909653010818,0.896026754143288,1.82539814393901,0.0256408056945215,-0.402289213691072,-0.301878144819165,-0.650813255100084,-0.684510484335376,-0.0169151480241816,-0.212395650885787,-0.0356341655031723,0.459241177841772,0.292774757123453,-0.601861080221604,2414406
-1.75054264690725,-0.122821779714182,-0.463047094453743,-0.0860061728562556,0.993266130277274,-0.340117681962212,-1.19390843781493,0.93632630069987,0.0760625793710303,0.523131629886036,-0.223382597092348,-0.278623865213035,0.0426170997988196,0.639465599486322,-0.0122458231305956,0.525255568418331,-1.00080246470468,-0.0433567505784987,0.0624108931360224,2381907
0.704026578447638,-0.567216567461612,-0.219292816332067,-1.01964698403654,-0.937176486067926,-0.275308192887158,-0.179536989378849,1.05474898729308,1.01367228443971,2.88961794600614,-0.298948535029256,-0.068473736044927,0.560410644737247,-2.54496555835822,-0.418375488773772,-1.8135518735555,-1.22398622888249,1.79845859511922,0.712122931281066,2002465
0.67362762958875,-0.502927736577016,-0.413756368206712,-0.355461093766582,-0.625304610733255,-0.335814227992012,-1.66362794284158,-0.68815535543927,0.810628383566197,0.140303350515348,-0.294639046715742,0.180760560230085,0.526617750786641,-2.50268905410155,-0.199407445302015,-0.915022274986662,-0.797326753518564,1.28059276989042,-0.00596651598750859,2474709
0.75279344686365,-0.44937332792528,0.380140807239416,0.401244212291744,-0.381351046653461,-0.371866563000375,-2.49190095874427,-1.48048693108023,0.217055566018952,1.22133696227776,-0.123521060285743,-0.108398001408664,0.151001641481652,0.0238862330125437,0.0187986748424277,-0.254068962413403,-1.03980872673666,-0.649548420710766,0.0711204932054753,2176530
-2.83281144922742,1.59293811658481,2.35311211935511,-0.3734734974049,-0.119582263613256,-0.250879328120983,-1.08795430414733,0.424459350409438,-0.405859788332306,0.975030860078175,-0.296818594242502,-0.361217798754566,0.067198825956036,0.581431438582461,-0.353875168990879,0.57813183019397,-1.33618470616419,-0.167864971622966,0.0745470535587426,1279943
0.791428549675784,-0.342311003330244,-0.352930018179753,-0.595026100810572,-0.451473646147896,-0.393123012982804,1.57492443723795,-0.330954778716035,0.939188804551539,-0.171490610515217,-0.269432328063328,-0.215107570485887,0.33164430663266,0.863795022054993,-0.268091358208371,0.662715031104592,1.16112402574746,-0.594430543618122,0.0576951781767712,1976407
-0.771539432454462,-0.187553414007198,-0.805318295088316,-0.628070291184932,-0.618249633050016,-0.23519004791111,1.9393272354582,-0.198243418032568,0.738533637306217,0.107854511199116,-0.290645527208708,-0.25385465632094,0.22969025486175,0.421867559932393,-0.757487961130967,0.490384659666207,1.01180954653759,-0.0900567557024964,0.0332412304832262,2250836
-1.11116802451058,-0.370109160142719,-0.263684689583275,0.824186668844854,0.838653498831111,-0.421566022910677,-0.529637681962028,-0.751180982681238,-0.849715678219633,-0.316765825254027,-0.135863012103971,1.2895284783702,-0.00949164164871938,0.143231901647108,-0.146637906394351,-0.424566682209852,-0.123171792037775,0.202495279809883,0.0250982323729655,1915938
0.747327192637502,-0.109692020019268,0.13842898877681,-0.95196132059502,-0.999481537349912,-0.0328327442071858,0.277036973794056,0.209412043018329,0.243494762263295,0.68967658247132,-0.302043813069425,-0.328719909410215,-0.322706635015508,0.831475245512916,-0.234346725380371,0.829281412246068,-1.19627533435586,-0.465111812306369,0.187637473203482,2133380
-1.32596308673602,-0.466288792260106,0.0360287730775025,-1.00100339131672,-0.967904736256632,-0.0670497794578387,-0.735608232019856,0.366055968461869,0.226198695429846,0.32932591197569,-0.305792591327788,-0.251266707747279,0.27198884359938,-1.58316214838464,-0.943716864348594,-0.313909738582578,-1.04704021146319,-1.41948996341615,0.789877990226383,2271329
1.25268495001598,0.674238719206277,0.109199657639454,0.604995878696618,0.0585721664600762,-0.408656897264102,0.156176501653657,0.332083275730977,0.349001005277479,-0.2653070031668,-0.0513327002734677,-0.0354803878024768,0.295665330262508,0.470400343852142,-0.444868985239233,0.311674087685103,-0.235656742843628,-0.107031925416894,0.0486570605330238,2286108
-0.35757878663497,-0.578099103698231,-0.114180046439247,-0.507172559157326,-0.281848386636615,-0.160251399854082,-0.148745524537192,-0.303707194357904,-0.989147867302906,-1.31393786278712,-0.292567695954129,0.0228285369004821,-0.21420375542028,-0.999301987780297,-0.677342959047633,0.694277486271899,0.2509793569875,-0.97444654977603,-0.148701976250588,2040495
-0.93399708000955,-0.397322029710383,-0.0783751170352735,-0.75553149620878,0.0116452321658832,-0.379254575324861,0.233634028712864,0.887928672196389,0.374826413221993,0.237697297321854,-0.305292398613239,-0.483591067871609,0.20168771416982,0.463659896482591,-0.97685837573872,0.111949609204291,-0.453389512957479,-0.149680013487314,0.0862829712995366,1125173
-0.119047116711928,-0.243136318876282,-0.713269676181926,-1.14679858291779,-0.964406027001129,0.59670661683401,1.83161016423494,0.152721515016633,0.24604730600352,0.359828303736374,-0.30689033231001,-0.373108461355508,-0.450447509732365,-0.725957726079001,-0.664978388266519,-0.678489845429135,-0.801524631379987,2.85430629079491,1.12394679712333,1767700
0.287550814421813,-0.0652686005956251,0.129479967088531,-0.474520180268474,-0.337487979676114,-0.167999846713512,-0.505968513351004,-0.20503858912624,0.43695295541716,-0.0628187085038118,-0.297133790347521,-0.747264871391488,0.183973264302773,-1.4216498320411,-0.444818829772753,-0.00820177026442286,0.0113845284875894,0.633201844234037,0.0398408989431035,2138678
0.0913247496968127,-0.258013858347094,0.530365964925961,-0.317529440362686,-0.371178416504183,-0.234948163594797,-0.606434617251139,0.127359918093218,-0.452209686879426,-0.243183231931242,-0.283930554670497,-0.0442690939977144,-0.0166050089873943,0.688790033941437,-0.699852763087292,0.430952328278974,-0.500325690254927,-0.506133528030295,0.0217444788695024,2443354
0.413392620067084,-0.193738920124058,0.145277950245555,-1.02971340363187,-0.940922870607947,-0.302675251192103,-0.176983046971515,0.650744945365417,0.907076414278071,1.4505621616994,-0.306297481604893,-0.214744523818772,0.309153456208626,-1.83354060493387,-1.00594312643754,-1.46194488489719,-0.89777687893491,-0.0437618222040312,1.39431866205137,2234422
-0.246644724816666,-0.33520200736353,-0.380751099290207,0.449581010852227,-0.473384238095543,-0.411285063696311,-0.777999936104825,0.347614501639867,0.452809969896054,0.159674958228806,-0.0574609174128707,-0.372874082283932,0.212483723803724,0.729252921111607,-0.228778389207631,0.406428722860733,-0.324444912789371,-0.0376870670668616,0.108671425194523,2151024
0.033080920973867,-0.483379040683021,0.26046567208807,0.00761626599128953,0.517437919951505,-0.303316265178058,1.2257573924132,-0.681077600606615,-0.649794742987662,-0.906883968360015,-0.15938016257462,0.863468457899591,-0.428410725070239,-0.597949435501327,-0.0739055959630592,-0.0319033134078239,0.766417600234258,-0.0356336707785247,0.0590374053402074,2057358
2.534514513108,-0.470098185945043,-0.212504568231909,-0.427437602959738,-0.831469574460469,-0.444831607424943,2.25037581017798,0.465855462983328,1.0331250036247,-0.00941407791360543,-0.262576263040361,-0.216913722284461,0.223462679751293,0.540666326726561,-0.570818541640906,0.347698700493398,0.505735751046733,0.0863468150042045,0.100445314393339,2425694
0.624187111970419,-0.0502001425889918,-0.361199440315321,-0.26624267021134,0.167870489118185,0.256838955350485,-0.00982521285285891,0.338909698603031,-0.959786924448494,-1.6168330451189,-0.286914943576778,0.0877930376704738,-0.782618697997188,0.348756230516345,-0.970513165117809,-0.261631978174149,-0.319813647639239,0.237541110647947,0.142845519630063,2500377
-0.0516595664480576,0.346684791043851,-0.945848521365952,-0.109498480282182,-0.377395537008216,-0.310492154301773,0.924200819326864,-0.511778775709231,0.518512553659173,0.00931252976748489,-0.254463776024903,-0.657108614745162,0.170723733527351,-0.108789407025313,-0.669398544639953,-1.63845353132661,1.27231015776516,0.523038541747709,0.953867432650464,2183356
0.637995831940846,-0.196525043801643,0.304953136540333,-0.00820163593091501,0.0548362107452052,2.75619624249528,1.35390899644683,-0.52081943884285,-3.09990108516061,-2.83604296763962,-0.28668589877554,-0.690322200988824,-1.93366056239042,-0.150938351622673,-0.443490018115511,0.825036681455832,0.985722875552388,-0.239477804819698,-2.31656073806495,2131601
-1.44929859966029,-0.317399416815236,-0.823625675226697,-0.35156311646909,-0.456666924351619,-0.287639127690558,-0.36636090908624,-0.936588819146036,1.005841773547,2.109192005066,-0.27921706935629,-0.540442853433965,0.455582645840142,-0.669661462468426,0.598748950193837,-0.699993461088064,0.263842686317011,0.789820487522802,-0.334453688086191,2152442
-0.929008416869093,-0.301015531482873,-0.22282543166315,-0.646485424301075,-0.0465967939456966,-0.0982666983904054,-1.47635712828266,2.57775759128808,1.19986593397162,1.51953578571529,-0.283697601463435,-0.5399544283445,0.186633825158148,0.165555218548897,-0.587687389587817,0.112557374879058,-0.778275626530489,0.145259505254029,0.0561506581390474,2306893
0.281512501883703,-0.360269236060333,0.266293310702231,0.155746198392626,2.79563796179288,-0.388602797208054,-2.39848694755183,0.809895203908149,0.795412359232039,0.448520835247407,-0.240593252381353,-0.120956137055034,0.438925753500218,1.72968982341635,-0.687857189164544,1.07326531791652,-1.20343348129622,-0.458858389114839,0.0651775029233534,2009915
0.227261973167405,3.43926665668938,4.67894759229903,0.259907767871598,0.140311467686781,0.388097924915535,0.859570299020201,-0.8921465889424,-0.356548725274124,-0.290274015910374,-0.245995907701992,-0.162837335010079,-1.07167754195559,0.134629222929016,0.00336623168320945,0.275514602548081,1.80735691207361,-0.252801686979871,-0.170639447805745,58325
-0.872421062569763,-0.447324661452973,-0.729428789712526,0.0181425345026638,1.67940593040239,-0.397436625539737,-1.38899437642851,0.499420868585768,0.294323318026144,0.40525287519827,-0.164883760540608,-0.258270531534048,0.173340870096115,0.303232310292773,-0.645327680725901,0.445341021431013,-0.659666994490111,-0.205664879121927,0.0653854874999217,2395943
1.42797935083106,0.00555235360918517,0.400847143054998,-0.0852211361779863,-0.633391125979829,-0.325743507996194,-0.220313989483632,0.995752221016699,0.254128901085523,-0.200912055414121,-0.189179207938389,-0.197148726998086,0.0256662694139379,0.740925371649201,0.069014569744655,0.350673031554416,-0.610974503544292,0.510655244233902,-0.0651467876394533,2480330
-0.750092234201822,-0.431243023028937,-0.579418750814117,-1.07233445710189,0.00421529844293016,-0.36928402198079,0.470768830256418,0.379868480882694,1.00070007891862,0.735614961383205,-0.302986052519266,-0.208838741999867,0.34013992447737,1.50505738770933,-0.77372396084605,0.877023982517489,-1.11746023451843,-0.723914640019005,-0.0463767083769143,2076301
0.369929746567133,0.933235488067054,0.535304017566572,-0.446492869413748,-0.711940340827293,-0.313274061754256,0.177782950315132,-0.753794535193547,-0.927104991473613,-0.503687146518493,-0.292020542177512,-0.00687172122531298,-0.0487668437449333,-0.968365087097033,-0.127216920203226,0.492774234434507,0.104827293752313,-0.521397771973958,-0.0148348711004338,2205389
-0.870583333457491,-0.431625091041608,-0.294386752207366,-0.693538832184452,-0.809536756483467,-0.169530302879946,-0.980468570582365,1.35340461774797,1.05143275057067,1.13980066850442,-0.287215618663532,-0.288882448496312,1.02986422514668,1.65802383421724,-0.68698450108406,0.23114580541323,-1.26783452606312,-0.626342805432881,-0.542767856030302,1975401
-0.448966192068709,-0.257044161161448,-1.3812254044134,-0.366174389410512,0.351581653872712,-0.280691357452157,-0.612897311945216,-0.896196728209997,-0.726111103813711,-0.183790609076351,-0.291096881794653,0.104326682477642,0.154159191767901,-1.06501283795271,0.13813290470012,-0.77198768067005,0.421013682659629,-0.400341590235289,0.0580284310163755,2250648
2.86921744924635,0.193028141790974,0.663159261924892,0.875060837683302,0.893803382642994,-0.43652567916639,0.738638669597344,-1.3772869391614,3.02050645094336,2.08281687909877,0.308321500873469,-0.217610386477698,0.127970189930156,0.669336732747685,0.566370581085896,0.285531293698727,-0.914679569461352,0.308829673373466,0.130006354218236,2185290
0.854352008112166,-0.517763474487164,-0.126168307247326,2.91762514059317,1.49739225159199,-0.408011543216895,-0.527642987418535,-0.369036451070178,0.528259272335161,-0.323814229991106,4.56742410800284,-0.23646433226783,0.0857672833460491,0.662508222173578,0.662727453645842,0.507986226774507,2.70000656515792,0.0219436757356602,0.055720774033912,2091555
2.65329487690489,-0.529208874980424,-0.573330057621927,-0.178278327149552,-0.646095081619699,-0.167073381791388,-1.63886941479399,4.67135085716334,2.67813004461025,-0.329886341944968,-0.261619457144932,0.296974254363543,1.02684499375142,2.00881344810301,0.638305156190853,1.01550375254285,-0.766656015116457,-0.318097002561935,0.10507781096078,1232870
0.649464722454622,-0.331537507844661,0.0788720435704695,-0.614593045786169,-0.520273823446875,0.0456845846441222,-0.775976463146287,-0.518495976207194,0.326772165685764,-2.83270680299352,-0.305406352465184,-0.520044860747626,-0.452851346112906,-0.402297572597233,-0.290886848977216,-0.479070271394286,-0.010601401548649,-0.147567147034115,-0.591850991567086,2139733
0.518452469080729,-0.206017394602649,-0.390735758386124,0.418470839608422,0.228898575714463,-0.124173599662182,-0.253833697441356,-0.7309461453892,0.883848485028961,-0.316535208404269,-0.0815676176753425,-0.703293769413597,0.285480042503706,-0.550247536944114,-0.354786158770669,-0.252348142773174,0.417456181710099,0.269222784206031,-0.208079610423834,2559453
0.521522882135605,1.72730294909955,1.35757463039703,1.86854559023019,0.855011960717975,0.275047670934825,1.06696475007196,-0.264892300665114,-0.587297040142046,-0.447852848737482,0.338400516006109,-0.622400724532741,-0.371291487127815,0.756681613745466,2.50855568577382,0.322263905706524,0.467877017123823,0.565313876606117,-0.000193133446199658,1938156
0.517745004263382,-0.444709211615582,-0.316905045152745,-0.514032461891922,-0.289410044729259,-0.395513976950308,1.38521043873635,0.166926082047611,1.79482620909055,1.39907768884482,-0.288879739604819,-0.123109750921436,0.218714050240592,-0.162694548456717,-0.109002043231784,0.284993337073487,1.49720162026508,-0.613856433583068,0.0174962928649777,2158101
0.290323158273994,0.553399000328509,0.718128924303087,2.21454080270885,1.78747888631826,1.86657064261264,-1.17304092629721,-0.791286678882567,1.34228086572012,0.898802741812212,-0.180634059666256,-0.709110577189041,-0.565064869649138,-1.2397592201689,0.18573534241704,0.826903468259467,-0.20204281702719,-0.934548673768535,-2.43167392251679,2199403
0.233394924504645,-0.435317127128848,0.158640149707191,-0.796769707548792,-0.840515140215309,0.152292781714878,0.494788120980108,-0.132098916585122,-1.24522479668148,-0.308038689112951,-0.295468788012443,0.608989296740072,-1.27089643618077,0.666584055149144,-0.23760203276165,0.599129285012042,0.0237863951722498,0.327080089485947,0.0479091344748361,2430773
0.671094364251648,-0.400837223280603,-0.198202866009139,2.40427718318343,0.230674946785696,-0.443626960990121,0.464331492320565,0.238624543557688,0.466954674784526,0.374170856264004,5.86287035209798,0.196522134385884,0.174854287358195,0.0104071600398851,0.134774431935123,-0.0289862599017706,0.396455467649318,-0.173970674852945,0.0461426050416744,1738800
0.628147396752949,0.641790110912011,0.57266050963227,-0.938701173483889,-0.789400846640492,-0.0882095817369982,0.630991841792004,0.964916479231744,-0.298625634373939,0.360991849153124,-0.308536989480757,-0.204877990224889,-0.32535355652589,-1.33159339607545,-0.578938658247874,-0.1821710413917,-0.527013538465494,0.28058619887275,0.356729198649912,1565177
0.0994486546371832,-0.469383955342313,-0.72624935517593,-0.555165352068926,-0.593751464031408,-0.326950066946526,-1.30083683855099,-1.2024386616793,0.486964327617615,-0.281823760758152,-0.274024440583539,-0.0129077424048398,0.371534414247625,0.829438615818444,0.268102576941831,0.256366076353969,-2.12589031942454,-0.419144161487285,0.103978693556429,1978972
0.490628934975915,0.306690870338387,0.379229504228975,-0.0491568782872018,-0.438523211143228,-0.28904207181984,-0.154867747766362,0.0190765219390335,-0.164789929719803,-1.01420017371949,-0.290304835900464,0.146094883484784,-0.0464626022086087,-1.01736649942001,0.328346086071157,0.364852656916786,-0.354890377621245,0.105979511881131,0.0582548926834639,2487135
-1.9394690534223,-0.328039599878382,-0.335193259200979,0.286086829374093,1.31836279292747,-0.414804452391307,-2.29455934655471,0.287903774296236,0.0439923818529876,0.752200674010309,-0.196082595613579,-0.136747617161111,0.20918202402124,0.665188412545539,-0.0241413999133505,0.518158452511283,-0.982710700059618,-0.704002080422413,0.0695040010036812,1612262
-0.343588888394651,-0.356427488154435,-0.391525170478894,-0.493750122795152,-0.562172669383409,-0.369485409236907,-1.06261918253131,-0.978242433551864,0.562038294746049,0.335236444498252,-0.285020754336003,0.114630067485546,0.171970556245716,0.850826451615036,-0.209611889106857,0.560995456107033,-0.391530273321198,-1.03280343643281,-0.102077870178075,2051378
0.657741812216288,-0.379278080622754,-0.370561303409118,0.18384568922917,-0.125522622775644,-0.345639978260269,0.587783228266813,-0.701059595934026,0.0704468144146601,0.00287180687302412,-0.229215752549716,-0.542853278320222,0.143565526429364,0.452369630890271,0.10992871793231,-0.134742148648962,0.974264626650524,0.264054741906417,0.219414789428378,1497807
-0.448296436126373,-0.0391534864889714,0.15757927891815,-0.228630644358593,-0.840814840095677,0.730522472428131,0.336409761026881,-0.241646053026526,-0.551656981683866,-0.501734812403172,-0.299800769890156,0.0257739767496621,-1.17831031909797,-0.969104297512289,0.370086107900439,-0.0480178386406959,0.482500656774429,1.5148776041954,-0.813566585405489,2026671
0.821749519764832,0.575113952117003,-0.20883657561052,0.540922599013033,0.495525814240534,1.24839663080527,1.30404952114553,-0.501727643761262,-0.383928564117327,-2.17493069536615,-0.261676916896057,-0.868537785412618,-0.657702967715612,0.243364657137604,-0.662930277200495,0.0790016950990711,0.669771844569944,0.74093384413233,0.75756953153466,2340322
0.679053437856939,0.236079083027273,0.608366022363527,0.928039330640836,0.527591011947616,0.291829983161694,-0.094570241696706,0.753863186054278,-1.68347861353048,-1.98001764101047,-0.216185305107517,-0.495984407180544,-0.66009574812041,1.2587182296882,-0.844264643343929,0.524165452882809,-0.114194593322168,-0.222362443518493,-0.0321800361391644,2293123
0.629190572460415,0.524273370705997,0.350917581249219,-0.108419339216945,-0.136687996120097,-0.116978558362507,-0.472097929184483,-0.223131030677786,-0.545803219831192,-1.34641503479314,-0.279014996803294,-0.303434701559207,0.315934300232831,-0.148293114858139,-0.442818644424857,0.377144206808171,-0.447465762855288,0.686272883655809,-0.047870827409976,2395415
-1.58546150869268,-0.413353299316447,-0.427037688885809,-0.147576622177168,-0.565152541165334,-0.369218325295428,0.14289322625799,-0.811832572963596,-0.861440431440699,-0.0237718737015529,-0.231772715009555,0.0975085102810212,0.0930650782932269,0.0422162155934181,0.225393654320962,0.914551496347132,1.23914789008916,-0.709791655428633,0.0566351665505514,1966316
-0.224814017046279,0.595257595718453,-0.543931592118996,0.45948953111893,3.36373211016859,0.314795702474299,-0.426769183364696,-0.909474860216751,-0.876517685665304,0.399440540366464,-0.280314473461823,0.0404835934511334,0.417013267146239,-0.462239370592995,2.59691534735408,-0.0724532736166323,1.59758441726213,0.106400535209864,-4.5785922343595,1973544
0.961169941817864,-0.366003147483621,-0.25946152619016,-0.902051855475183,-0.794143094066336,0.0628251623021839,-0.0967748931305382,0.776317405653578,1.22871870543706,0.695840943698774,-0.305008674909044,-0.156769730513182,0.782899009636119,-1.94569431949175,-0.707477299049962,-0.765522327255082,-0.693276677994232,1.35320018894785,0.014098613848128,2010259
-0.032307617891613,-0.438870458149919,-0.841974683316402,-0.663837993032781,-0.925734689209515,-0.343125035978662,0.902678475055435,-0.46270147733697,0.869554791323229,0.00201419416728015,-0.279211304270986,-0.0778387919106401,0.401886235893976,-0.112953205207984,0.054952158484352,0.874082307678709,1.1258619733893,-1.13585500755689,-0.1565217898753,2145694
-1.32776217700064,-0.436828403021407,-0.357205152860571,-0.878897843878033,-0.670190845715279,-0.318552756407349,-0.784249520607078,1.15936699262166,0.179901500962545,0.732116488665645,-0.29969856437294,-0.191974435053132,0.239493335531091,0.716312718991495,-1.00270971444328,0.503956822248799,-1.35741160713294,-0.551012818564268,0.0806888848440789,965005
-1.3228422326894,-0.225781990594659,-0.255670998013397,-0.450027830815941,-0.725820527784283,0.0283504624305899,-1.03583997117697,-0.0850205422534886,-0.822748970641454,1.877089036295,-0.254426361194479,-0.700735989423154,-0.275068765380671,-0.634117707097091,-0.765861343249744,-0.0600013590156955,-0.79385850622555,0.226711662287446,0.163497863374524,2096627
-0.499483666279396,0.0421590643121869,0.169427518465879,-0.568961107974409,-0.551079681029382,9.41857954155821,-0.393605685099277,-1.22112737355116,-1.19912540820196,0.812067951657073,-0.287214088243414,0.0654112098401858,-11.3239453077574,1.97597780190479,0.3680329845563,-0.170949048348514,-0.0356585266132642,-1.34745885285376,2.04631039707591,2047354
-3.91686709095174,0.757067288686785,2.80649660035041,-0.432125341784973,-0.78493935506278,-0.165537574161908,-3.16064505155209,-1.8817684108714,-2.67729816836801,0.811463106825408,-0.285110858151494,-0.248064565911636,0.768074487250108,-1.45247144042289,0.71540325659761,-10.6579179082578,-3.85136520714187,-4.91463594159874,-6.89298365569656,1364384
-0.146446736963325,0.844859413348098,0.889253005736676,-0.290787399509519,0.181135399762062,-0.268439950426896,0.0318427221067964,-0.635293408626643,-1.46735379025339,1.10807603594135,-0.256083859921486,-0.567497346753231,-0.123489615467569,-0.644390181873282,-0.785687071335386,-0.639672582131888,-0.0519948399773568,0.436033617548456,0.163175983335097,2244172
2.28968670009071,0.174481901392429,0.290996870108591,-0.560950958975653,-0.29021022936761,-0.402913969542497,0.141543187984992,0.475732738612158,0.327432695601527,-0.0746558555080079,-0.282454866870081,-0.143028847896019,0.0613511034388401,0.909215543693457,-0.871699605836564,0.519886126849213,-1.12177945711194,-0.128970358156758,0.161333591334855,2132982
0.659950580897494,-0.251574363971543,-0.843064387985072,-0.995415908378589,-1.0124467019823,0.120862351195116,-0.227389192656606,0.392487966082665,0.298241012603447,-0.417384355502063,-0.306811822145541,-0.359681889429367,0.864480140757023,-0.451265640330022,2.13591439104431,0.415533962983365,-0.837591417246795,-0.676666472663005,-0.787206824916545,2134220
1.19264062562281,0.378145953320446,1.44767968496975,-0.520718779398271,-0.28846296032317,0.655401794049158,-0.477521297652854,0.262916652090816,-0.337461576437249,-0.0686208918625429,-0.27104016106175,-0.53013229127148,-1.44853008743159,0.663084972775335,0.152927696390093,0.144430355572642,0.0408055499730416,-0.354537618568125,-0.0854832540454154,1889409
1.04047269372989,-0.231319143034267,-0.0689522302910439,-0.029037561515141,-0.591881226949457,-0.406498114003633,0.326158139679562,-0.3553031170258,-0.560403406729013,0.566103122948566,-0.291277982191591,0.0424193173002952,0.128573400613368,-0.781245741106444,-0.0850601539364807,-0.0708417964676382,0.436396536449549,-0.0258085358237276,0.117261674579377,1938561
-1.27538414186305,-0.53292545332497,-0.24904829510404,0.618025278853141,-0.623615460227322,-0.428572674897377,-0.01119832850599,-1.48110932064388,0.823273778647077,0.526940967156175,0.36246680401779,-0.230723006317331,0.214738907934801,-0.608713113258631,0.230540596729564,-0.140529059260934,0.62887034460789,-0.164007925909876,0.00702896716572634,2055667
0.64431957409422,0.015678628096668,-0.950434414266074,0.044542755957539,2.28826085405772,-0.0157296149597927,-1.78413421668039,0.116317865739434,2.36577320600885,1.41036749598435,-0.268925600830557,0.248558498469681,0.829091749173443,-0.048745728332775,1.70913178477397,0.455767602747887,3.35882804426252,1.03379097394787,0.0553500011497325,2176784
0.243615725017908,0.38627067818051,-0.383140921745768,1.38258963946018,3.26674176892369,6.62291140935027,0.759489590513361,-0.578982515857431,-1.01072560097699,-0.574099273139981,-0.0235466097325251,-0.494184630371374,-0.852116458327063,0.641685657115426,1.66368150977717,0.0970661922692779,1.85751865731756,0.142315275792896,0.237831875120283,923666
0.259091883750286,0.107457659462748,0.41229551241326,-0.538236416997349,-0.67602688601431,1.2729183445866,0.940844629868396,-0.47487649262995,-0.701451772536329,-1.04203018636198,-0.303477689415691,-0.367288628373759,-1.86678881128339,-0.932630138726827,-0.471225651270119,0.779312588886232,0.339113387123887,1.78488846825934,-0.701122573518187,2086044
0.871399659463136,1.2612196350474,0.730314980838837,2.03456358607424,0.955867880843069,-0.0966797341614025,0.703632095115899,-0.32405680637587,-0.306429651989315,-0.754165343747366,0.742430865317004,-0.819727501420763,-0.299453743067784,-0.150290328477135,1.21208231230503,0.30439455245887,0.38284826935829,-0.223867955346383,-0.199888559545443,2078198
-1.32938780118633,-0.280264575212932,-0.0838085483181342,-0.580880269321612,0.198083508123363,-0.292457574448962,-1.60669233362975,-0.60455529903274,0.140853009386907,-0.0160012701266705,-0.304668010419786,-0.378977690381193,0.239814875891213,-0.594939836440969,-0.0963528318755741,-0.695524604310617,-0.830606382400303,-0.131784865928512,-0.000560898234393924,1501387
0.752723114351375,-0.555504972325847,0.223672997333197,-0.830413936692643,-0.580946362148035,-0.453528223152906,2.53833612809979,0.483116748530766,-1.10762398958995,-0.799994238028231,-0.286735838912367,5.97176162916172,0.0602245333720467,-0.0251904310419179,-0.15188052639787,0.26049700555049,-0.78795907216607,-1.39272112087262,0.0878609286633499,1518948
0.836886612192744,0.380023245891973,0.422671581050586,2.37632739510373,2.06377492587977,-0.321464262258967,0.829375799795336,-0.82727831950797,-0.463909160757016,-0.180350012176,2.93453409750136,-0.802624325056195,0.00317258068475253,0.759567417145001,3.08686817476898,0.40719585737434,0.889766207280419,-0.0552291728485825,0.0778608573984641,1606693
-0.40540067207133,1.03744972056907,0.176435961731094,-0.541932518556731,-0.582685362631563,-0.218962208207055,-0.109030343569105,0.543180219985613,-0.397123029439138,-0.62988189445385,-0.303960127454729,-0.276916901540222,0.340329638952406,-0.91100461612129,-0.591677594252308,-1.05034200163028,-0.0946416347086712,0.731346743445926,0.0828765530530792,2305115
-1.00005562009867,0.551846920661789,0.943680352890188,1.00342521387578,3.82506685513823,0.87002999527298,1.36038634231488,2.3273049028525,-0.366581104477947,0.144242920405219,-0.0148032073549457,-0.357347675229381,0.781882861640962,0.169974959958087,1.14901628943592,0.611862534277678,2.00570170106151,-0.727782825376652,-0.0924628589981943,2237571
-0.675567482965178,-0.0804545893427041,-0.459615411261784,-0.411350215498153,-0.665442911795506,-0.376779876378153,0.079904522964931,-1.03289892528834,0.337613316743314,-0.514920373318182,-0.305677558121886,-0.525871812603197,0.234598841713655,-0.139228877970512,-0.579151955084341,-0.781353428232649,0.251038128986179,-0.406955156869177,-0.948200087512515,2285214
0.515928738156818,-0.406166572780204,-0.045775701898148,0.285137377249859,0.200024632863889,-0.387610802183787,0.142086155003126,0.776838959508139,0.0376921596644641,-0.269524812460846,0.402399497683276,-0.147456389491016,0.082373319406349,0.75930934222994,-0.373181492583267,0.603159091824174,-0.560299458433534,-0.226607470723709,0.0516918822913801,2426863
-0.767444149236357,-0.535037270507661,-0.0364136467416496,4.68784157937685,2.39135104131833,-0.46319357846468,-0.0260604188991231,-0.968205270382258,-0.0428389641327195,-0.0806584568577332,7.36511451283365,1.23222973991719,0.100870987649001,-0.390637347537973,0.191071953555571,-0.265593009699355,0.711402857871699,-0.0335957665108976,0.0743936444645085,1979422
-0.606708366993402,-0.504913687425558,-0.215935208912086,-0.326702586199936,-0.0174337507780555,-0.241359222515981,-1.88924498775507,0.813802301524587,0.786862438791969,0.660636855972587,-0.282400767630723,-0.145296335545882,0.552635776095204,0.833683031093134,-0.61690644272196,0.721553836054631,-1.37778156770222,-0.335478426336563,0.0496904150519993,2480056
0.100397205124403,-0.465697147342216,-0.235734156171406,-0.927644002697749,-0.627044534399399,-0.343829953690786,0.12072490168,0.0923007302249501,0.776140750636969,0.405711044912043,-0.305710243968769,-0.427033700107761,0.321145828341155,1.25244944959679,-0.728124475812141,0.707247354097124,-0.724024377981393,-0.738012957792223,-0.215305708116752,1668599
-0.105579304224827,0.0289184037219321,0.130188023431402,-0.340130419446739,-0.0547457379899649,-0.186902213785487,-0.0165379918067618,-0.612194575712271,0.0731443127349398,0.392343819636712,-0.234547923497837,-0.618123164199574,0.013997658099196,-0.0415727160998947,-0.528882725303409,0.382378930318371,-0.0343024859032347,-0.101585358068448,0.10177354440831,2339674
0.458737877187485,2.18354972882615,3.80889019529132,-0.448430734517153,-0.368422283523613,-0.409828374273078,0.390064872850705,0.456825691618883,-0.294912526457551,-0.256704934917603,-0.292643279373403,0.172848995832874,0.209984724953774,-0.872184659278377,-0.598871665000984,0.151873481557892,-0.51155354993654,0.258856128817396,0.0234964081555911,2133204
-1.2041934701636,0.187599269509371,-0.774545600081689,0.0185724637473515,2.24197973530642,1.09259488652042,-0.453743077248157,0.624947200404177,-0.591697395681676,-0.658121106605612,-0.20111718165218,-0.135117554942598,-1.0819030813073,-0.191598694018571,0.0753927187850273,-0.365413558107467,-0.791852464414534,-0.0711317218518206,0.0454340144491664,2294852
0.731442605191032,0.236484717431072,0.304347556253107,0.28274031162813,0.231802578627507,-0.297130561565918,0.213369997780434,0.302782351438469,-0.35052112854531,-1.40648969371121,-0.267161354485784,0.00588864040031136,0.0313085882440206,0.408541218858247,-0.301791005783771,0.0649555513988484,-0.308086163351689,-0.185827509177686,-0.378246056445522,2445526
-1.42925307985042,-0.406210522706197,0.0541874276852194,-0.795877564663144,-0.952615457373947,-0.417345275724573,0.0362440635451238,-0.830442217190076,0.328687642036686,0.915953684610256,-0.298678506325542,-0.195635819061928,0.263333290271233,0.745329121311968,-0.466731346377591,0.645830039251547,0.658705997002139,-0.557909668354196,0.187999786516012,2200416
2.39894640560365,-0.60065253532043,0.018105453342709,0.907235641173136,-0.22649572889925,-0.463888749007754,-2.06050219680102,0.164690924131106,1.94446073990138,0.136125201124548,0.095507873508858,0.861967600130297,0.140478382331411,0.984620168989353,1.38419624705805,0.716795061210884,3.3021358910594,-0.316846278427063,0.0671597524506958,2168082
-0.473290871978379,-0.455082224650202,-0.687460183130386,-0.179731013611663,-0.365571054628221,-0.420656165733083,0.369129351642869,0.504002352083779,0.223649488814962,-0.418368488701497,-0.291824376216781,-0.0856387267168248,0.194994864514309,-0.573340048972366,-0.254939975249999,-0.250119598444854,0.305213665725025,0.351959103807495,0.11843348504562,2075846
0.565566548873301,-0.507363478627995,-0.271716068141346,0.0681298255761197,-0.27126267719893,-0.435605434327678,-0.456998646522617,-0.0654946494258605,0.782736831483192,0.454510765666164,-0.164047531085593,-0.137770729595803,0.181777470445681,0.849988267694158,-0.340061885126253,0.848828281803594,-0.0565483036197935,-1.04575459579459,0.0482838824691702,215131
-0.336617393868991,0.0629209885991177,0.589962945648618,2.49023604753196,1.21588776134536,0.566369509988574,0.837017092918821,1.20520024289176,0.0440211959442491,-0.151505934207067,3.95993698509416,-0.488689585565817,-0.134316158876686,0.421427646737016,1.20584174183717,0.34496758637805,1.87520747661309,-0.0651268359117343,0.00384188110582539,2274521
-1.00636266448263,-0.246784379336404,-0.680610901039444,-0.359618742727008,-0.591635936300029,-0.385626304976353,0.849303035478947,0.338387706273861,-1.81608897689496,-0.78192707706064,-0.285954059106159,1.13317235991011,0.228448425281204,-2.25496661336118,1.54714245849451,-1.59859364558118,1.38343400882763,3.42024869274839,0.0678215109379562,277752
-1.24741915912398,-0.367051459504335,-0.33390416549427,-1.1469633239194,-1.03433293592474,-0.220524799841947,2.06684534210252,-0.0120923967969304,-0.00912623114123811,-1.06924166113572,-0.309495707294225,-0.47262008385912,0.160982699485581,-0.171084613230526,-1.18396717746919,-0.635316638644617,-0.935143408482949,1.87827375096459,7.60008217747663,2078899
0.197372907750869,-0.235239769026583,-0.589419107524993,-0.0452903919342083,0.971411463630434,-0.286673372419565,0.992162554789384,-0.823762906050899,-0.254283163531462,-0.247689928172311,-0.199085966370046,0.107498346388256,-0.233253385484934,0.835498587044201,0.431089253573278,0.0725793393133189,0.565101493806755,-0.646853343756927,0.066149710419232,2172217
0.341411891622825,0.00816835831372019,-0.577912222868406,-0.3568263506757,-0.267712059380003,0.0630426443236632,0.395093947503214,-0.292494148229901,-0.795922961675415,-0.374437532502548,-0.286204186339471,-0.29506023688837,-0.406041480682246,0.113509544827892,-0.173299202162713,-0.442473815503393,-0.0237542538812494,0.36690599230554,-0.0552875958091282,1614566
0.347112189542378,-0.559906729551799,-0.375540528825543,-0.995530154874267,-1.01361076818956,-0.0551582566523307,0.407486093378022,0.330339146055952,1.17869860949517,0.16341244924549,-0.297778471687848,0.0707762301891273,1.09831761259618,3.29401351173128,-0.733886871208101,0.727894818023764,-1.02181741251523,3.42381150674505,1.47782079578479,2100050
0.469185688222847,0.116582116233792,1.20930092774231,-0.0941054663828076,-0.173115550954226,0.679159164127186,0.161809739964473,-0.881025737884347,-0.354469240603622,-0.138146736764451,-0.259191224705093,-0.342704880605691,-0.918826107594736,0.907413930400074,-0.359927555632872,0.204136264765564,0.243116098964686,-0.813264148965418,-0.0707490934045981,2183291
0.260880044817608,-0.438622610674804,0.154260363316018,1.0518805997855,0.521903935665499,-0.392978104150576,0.0731034338005559,-0.596628298423904,1.15037458891726,0.437816907670749,-0.0663153355466095,0.19296332037468,0.285506720064704,-0.381508876145153,1.99785623004258,0.579240993940337,1.46291286397488,-0.399294202565255,0.0168338527862953,2336735
-1.1553711806342,-0.350971493886375,0.0887325975939087,-0.44792959125919,-0.59933951604835,-0.374998247949611,-1.62113094903939,-0.581865345984505,0.0934276939184693,0.637414284187755,-0.298766380553532,0.0624319834719594,0.174693190708593,-1.49681974887552,-0.46958236193772,-0.747188631001274,-0.579715604013964,-0.134063853606289,-0.0629004475780704,2352038
0.0635525508225014,0.280925967466897,-0.298737144564341,0.00783412417089659,-0.555724709138768,0.820887927867945,-1.81400546221993,0.755088156061411,0.468267953734097,0.471966492841652,-0.275744354405583,-0.0454207076089124,2.21572936237758,0.681225449596281,0.0396901800658996,0.9120736370468,-1.21478541551359,-0.740454025463124,0.0633094763832079,2305114
-0.0491345166514408,-0.452470769260582,-0.881822911942609,0.38640348663962,-0.0651422793535418,-0.399325990902154,-0.610715875088849,-1.17202970539549,0.451456486301866,0.30448183701178,-0.071294079335365,-0.463460707635937,0.15258851773835,-0.977248934861147,-0.217506884801648,-1.22701110792404,-0.0779586077326796,0.503732311121539,0.227121823654508,2448298
0.0918778151992449,0.0434289364081226,-1.37119440211744,-0.596115726325894,-0.820656379157068,1.60647793813276,0.9735278482267,0.584635361294246,0.370843451050204,-0.148965563534546,-0.298978640708395,-0.500574065281894,1.46075037601552,0.336255452957673,-0.363221640588286,0.0696659122029422,1.19907613642217,-1.24004784230169,-0.127058577619146,1329352
0.975840582657867,-0.534339999560552,-0.346302643679101,-0.857280998462128,-0.850833021055228,0.111725277851929,-0.196869172936207,1.22149711714302,1.94993450273673,2.51108232044318,-0.299430759017341,0.0847628645320026,1.61899708591582,-1.78500449237814,-0.307116462310637,-1.59499728059007,-0.495793730361842,-0.291167124952268,-0.164708340076422,1183075
-0.7631140011756,-0.205760872348257,0.134216523795995,-0.0895940017308805,-0.216050517607883,-0.091330569295639,0.504461457373937,-0.343495653056498,-2.32868075855115,-0.961205912090274,-0.281910059438554,-0.0731841479063422,0.0562396881831602,0.360477727555739,-0.461098879441339,0.12331433565425,0.481184941647533,0.083755755503526,-0.0561428374802845,2110540
0.0833898927859635,0.618834100886756,-0.606676075219757,0.173553390243872,0.635592083553273,-0.365913137908591,0.357944006469745,-0.563198329594377,0.481163358539154,-0.270712578422233,0.00596295464444807,-0.135759820316841,0.0841788982641359,0.412235824003865,0.310499348839011,-0.000967327160397557,0.498648366784855,0.272360459276766,0.133249666234645,2070958
-0.186728849308429,0.200973127679042,0.0032550437465831,2.46458671275916,0.69209083789118,-0.416714551522309,0.931311820190979,-0.487061486868746,0.276074972384146,0.613731261464881,3.15074825706582,-0.0555944063921846,0.172887037692711,-0.828784397903337,0.509043570856375,0.0726319615153687,0.679970287966844,0.0235199218898241,0.00466100618613222,2340155
0.352085700579868,-0.42913152981263,-0.0430819403598519,1.55935905923215,1.26227735511054,-0.440207337855,0.83374324858828,-1.26575052023279,0.597673562115878,1.21977039622694,1.45205869043916,-0.638484731795498,0.150829738268874,-1.7123875502045,0.520090941212735,-0.303433617613508,0.220612301917129,0.615156884546878,0.117171944816569,2075832
-0.295011174157338,-0.366163577347442,0.0342728864538876,-0.550122021125099,-0.719628284523966,0.36956245331759,-0.544457268012541,-1.25596362300313,-1.49716400022599,-2.18431366595494,-0.299777594494229,0.203554876297624,-0.907574774564877,-0.705012164626733,-0.42528066672025,-1.63363814740496,-0.0881766171357777,-1.8933503829941,0.201187861115557,2498991
-0.596542491243642,-0.453054118094124,0.144114000243418,2.9508435846283,2.24939637474877,-0.413286009146844,0.184933897021625,-0.867469910818074,-0.934218051617296,-0.354954060451258,4.27221516575815,0.114179972536664,0.104397177680098,0.271781284585685,0.297234907026867,-0.400944225032942,-0.923729151809955,0.114585191899086,0.0526387325408355,1919296
-1.61271660555325,-0.473313325849001,-0.158140188471741,-0.15328973886548,-0.126757981041706,-0.446302387128191,-0.6742616910862,-0.595329501822941,0.168426228684694,0.849733761629876,-0.207721535022789,-0.235370898343375,0.121968345412878,1.02073798021447,-0.326997104664761,0.625027161016946,-0.287790523667229,0.187915121445707,0.0693587597110962,2401405
-0.600713834374449,-0.0437994279297204,-0.486583762014185,0.719160116986079,0.431863150857767,-0.445588794584408,0.773986532412195,0.140518390211879,-1.02913555979966,-0.40715891063703,-0.167915680420047,2.34056427651013,0.171999752680785,-2.0704894363467,-0.257987624319569,-0.140568279483759,0.219350617953998,0.417657200058426,0.0791210676611147,1644034
1.33714655088022,-0.417581784910941,-0.0508455446571025,-0.297253932393939,-0.387237208267513,-0.332674692828971,0.0447312512765803,0.240308533068901,0.673309523175374,-0.00292566685708256,-0.274749372523599,-0.247880972363116,0.0389757595375221,0.805944064829072,-0.593198416590878,0.549682407178051,0.0913869878815548,-0.19769452281604,0.0664084872305278,2405144
-0.0748119943136216,0.135969378389256,1.23383234748313,0.0391392489359479,1.03214035525091,0.0751018915315995,0.621373908293852,-0.682334406191741,-0.635291960730996,0.356693502475084,-0.201602611196639,-0.469656002901836,-0.855488952961574,0.20323484413458,0.0713217850809025,0.325025748851036,0.571540847415224,-0.241585292896679,0.0618322276485034,2158329
-0.560921209214972,-0.322658657685671,-0.215511112597474,-0.265806886284658,0.337014790894729,-0.369255298755596,0.680807451189639,-0.0904376892260845,-0.24533158940965,-0.351062943949145,-0.289590876169787,-0.107929859927964,0.064597654267706,0.749182028626205,-0.646782231771073,0.830606604576295,-0.00685304019514449,-0.260845612252076,0.0584078558788905,2319068
2.90666893614183,-0.541386021627087,0.207319204750207,-0.614243292614391,-0.473509460065796,-0.359554360471256,-1.88791306869678,5.54304903664868,2.3357203518258,0.992370536095935,-0.284066538540925,0.571536568333653,0.295767424841434,0.253248584399643,0.335320646379047,0.405729925380514,-1.34502149127854,-2.88761848045655,-0.0908330617085108,2504802
0.14896660765187,-0.324183729372116,-0.187053630573994,-0.151526918177776,-0.493762923743182,-0.324089716236409,0.575526971704047,0.399169585818939,-0.240100221420586,0.178480288345383,-0.117063696994236,-0.643446285204746,0.069512874139337,0.710393306842625,-0.284227534409861,0.178634115375462,-0.0139575318186476,0.403829514586871,0.0498807765944235,2331869
0.0663345866865993,-0.322257258856673,-0.331261986926482,-0.314748083632209,-0.383611969930445,-0.325365102319374,0.145542043208415,2.09495735268669,0.356980804246177,0.146291853753574,-0.261217565187422,-0.288573406572133,0.238953748177562,0.584357846418088,-0.397983498048633,0.460045958105476,-0.78273816103689,-0.155646560634005,-0.0945885007784474,2317120
-0.903677314221304,-0.437909419691178,-0.482029209932162,-0.72556135741117,-0.816247996800778,-0.18061084195216,-0.0492350956452772,1.46853581983261,0.918033925928758,0.479624086896314,-0.26794976653131,-0.0834913205956599,0.62261752335833,1.52305897304,-0.397754293811819,1.12858651404572,-0.90706970743821,-1.25158231096227,-0.16480871373188,2072215
-0.904617897167459,-0.472728019420011,-0.107520357075762,0.440411893571907,-0.407292677412572,-0.454910243622716,-0.608952669848741,-0.269275430759254,-0.389928017241824,-1.01002580274588,-0.221345697146416,2.26393546574262,0.0748707922204534,-0.169457450469435,-0.167850267819683,-0.170445897242284,-0.371386776481547,1.1637655803437,0.395491583183498,2228400
-0.7138879179436,-0.554046757639248,0.0637743127801019,-0.87548679001876,-0.7727524018267,-0.373049943731548,-0.368015144030568,-0.740124438204672,0.191568182106245,0.570934819262884,-0.298245797299078,-0.250647893683622,0.0437397115759131,1.37080971247744,-0.0608953963192728,0.0977720373706501,-0.35016136228764,0.046623180348516,-0.462174864113708,2145166
0.961200380932339,-0.445785064635753,-0.173194184201043,-0.365994590261982,0.289434947835083,-0.293988484570763,0.0932790900412627,-0.193213116593777,0.451257582340045,1.44080098342117,-0.28436533539986,0.98522000891523,0.636147899075946,-2.19371121667281,0.502561847367583,-0.238321037621161,0.244116488094057,0.174247530754529,0.0901303588513123,1692385
1.73208507254431,-0.316192150440791,-0.485434051041667,-0.00474119441522245,-0.311409108450671,-0.409349232122894,-0.0492494737060235,-0.673649191313423,1.17804384095835,1.25434474446121,-0.235364618245716,-0.558950175083398,0.263908250912565,-1.21708439444192,-0.489179355670985,-0.442422443925276,0.36907757874488,1.30018718736624,0.417151198720448,2109902
0.998049578678748,0.871952373313411,-3.66055054435395,3.25133857300044,0.843566413666984,-0.333184427776601,2.09302240348172,-0.331301863139682,0.684729880499801,-0.0696635492772945,3.83256211427012,0.122014939997535,0.21330300811533,0.0940716881229113,5.85982290485216,0.297656249634836,0.89394674225142,0.394123225155532,0.146411440601873,2219842
0.104206977586864,0.750253515987355,-0.104785498227028,0.271589252520085,0.0336843267856159,0.736423353137289,0.835370116953708,-0.394714471729277,-0.734056097699045,-0.540303853028732,-0.255694469755102,-0.484946661739257,-0.257127150811433,0.360136377105295,-0.378646940766057,0.164707167244758,1.04629128275376,0.404138037209803,0.28481754970081,2520618
1.55499997639986,-0.546521758344176,-0.274799670799714,0.395747538997987,-0.252742315572084,-0.400341874495568,-2.20927871339056,0.228654528985757,0.954074683618087,0.579689037015348,-0.138696869017682,-0.12208335334873,0.317023280132699,1.08561140261846,-0.652585219587956,0.409105580884593,-1.077251943226,0.0369067435851642,0.133316470652835,2419459
-0.00508071316729333,-0.0500686549141315,0.919305009902078,-0.00845858683414604,0.566035233401809,0.215638196114695,0.645963423146921,-0.703478695237404,-0.722171898175635,-0.918085797418563,-0.156645124437329,0.677216921968078,-1.65200401434695,0.493128145450914,0.23962417332576,0.287946312631683,0.556224529656629,-0.117670926939429,0.0690645560270111,2276121
2.96061380827919,-0.520033092075157,-0.133028487129777,-0.404343189997836,-0.877740299036707,-0.446893923358861,0.367044569584227,0.313887116085414,0.800852505265894,-0.19172694084324,-0.25983256299285,-0.15201931707019,0.13510097592103,0.975781821506083,-0.49253788418155,1.55283863049378,-0.0273738930614092,-0.38250737412159,-0.0731162384412312,2350037
0.0930571759449356,6.84282181836882,6.83774826177291,-0.904826070438787,-0.0820239827012463,-0.1615984169389,-0.664200863861436,0.186019537626864,-0.0574907798432516,0.320756542562003,-0.3059408638193,-0.445443240439205,0.111290594262667,-0.325187523985354,-0.725508686975475,-0.511132601684926,-0.834982975214317,-0.221608729866418,-0.0783272436063266,2001182
-0.889694190296595,0.0347198132363335,0.374616099636227,0.118318970600983,0.44509820432127,-0.325589928888666,0.061139573483201,-1.31133446997374,0.827018500278315,3.1891558802304,-0.26896787134484,-0.613526121216135,-0.0631269924076912,-0.867798638162269,-0.0437489268164068,-0.431718329073067,-0.387330393706843,0.634349225665722,0.21385276844308,2278618
1.58803134837649,-0.262658701014156,-0.380927180436212,-0.451537069744478,-0.893885330698481,-0.391610707467576,0.903923095322101,0.877853416837427,0.550857815434678,1.03896771614299,-0.292001590611344,-0.387835117725982,0.247916627551407,-0.370860739746061,-0.773050364413028,-0.161974499705445,-0.181945079649492,-0.356343666391863,0.0770977241578265,1740845
0.580362969454018,-0.296898408534191,-0.0831298595024991,-0.406186828393309,-0.673138462623284,-0.423282577184137,-1.25620763273326,0.279968222778523,0.732129514191789,0.596737850016179,-0.292821909320693,-0.297068242657155,0.199868218468991,-0.630352291265597,-0.991441612607074,-0.088591722936164,-0.942503730533983,-0.56057550047565,0.305387907550662,2321962
-1.48306244537224,-0.433128039389414,-0.160194239639713,-0.569476191204003,-0.736944757712134,-0.173655513595482,-0.9511305964352,0.582512467566523,-0.152840501120532,-0.394575717619867,-0.303298748763015,-0.301740128309543,0.569597142240757,-1.44453932124073,-0.606783984515117,-1.93906976671535,-0.59192781866899,-0.195530802571654,0.0304141882732532,2212664
-0.649311010909079,-0.259614458868005,-0.414531509931336,-0.688664408281072,-0.794912151342935,-0.290005272975909,0.859564414036808,0.555031109427069,-0.443921811655762,-1.59166203205025,-0.291844779397456,0.287994763707645,0.241482305568786,0.271590941711153,-0.292572089781928,0.116675615984054,-0.00510948406596936,0.257695845789946,0.283001242375808,2453577
0.559732768408612,0.857072499278232,1.26334236068962,2.50839239184344,1.40746256888105,0.0885818926355346,0.182203991462399,-0.0876030667305912,0.810883215917911,0.515701127493024,0.204181296312333,-0.75764518137837,-0.474175135177104,0.126507577980018,0.796755774197031,-0.285825178540434,0.610181655555207,-0.68786642874778,-0.0999888171338084,2224150
-0.738402653826875,-0.518951351382708,-0.604447855273477,-0.386862621933823,-0.163399022403342,-0.449394735974558,-0.0298651945114449,-1.23993353947319,-0.616135724297174,-0.823749592250134,-0.295471172597984,0.811330785084284,0.0857266117303704,-0.982140684919857,0.55791778885656,0.116874596136415,0.526620208493678,-0.372876514926678,0.0741176177896538,1967281
-0.464146435470919,-0.535966706716951,-0.399723151493274,-0.836250863961992,-0.98873298888425,-0.316006028731095,-0.889099384642325,-0.75308768224081,0.863528120327051,2.36236145290679,-0.298507043861672,0.109302659856702,0.393257123564615,-1.39419032080119,-0.278403935938003,-1.58290319879796,-0.463624659494274,0.808013912173825,1.32232632444386,1742294
-0.183638086745288,-0.322550046036842,-0.125154894090443,0.816690867083406,0.18386068703674,-0.415904603426312,0.972631080327689,0.760551385122156,-0.530383787638922,-0.640156497327443,0.335344386810232,2.16913265302898,0.108085768010501,-0.285079569642673,-0.500879048642982,-0.124262928946213,0.185105558833758,0.447020006977193,0.112464414008183,2488660
0.359984011126796,0.336523665330959,-0.109389905965555,-0.859570913829291,-0.567356330271149,-0.273672661636416,1.76408363198871,-0.29224766109388,-1.04930259813403,-1.00842526844219,-0.306978333669677,0.280568307929865,-0.0346078718205039,0.585687974608986,-0.665705873981163,0.191355194333471,0.430568428624987,0.0452641627721888,0.0838746196952506,2085349
0.136636365037087,-0.367148405443235,-0.732657149771766,0.587340354050643,-0.635981358989193,-0.419890271931336,-0.303966639734667,3.63891249588415,1.26700916391515,0.758612754816713,-0.208783230641838,-0.429323142646255,0.18815283776705,-0.545009097122557,-0.79028140959463,-1.71362243060915,-0.0453836972558566,-1.19775729595046,0.0282170863289536,2247869
-0.740797557409082,-0.571604379529486,0.0257488257387991,-0.300934867211562,-0.34516965965769,-0.457964669805685,-0.48947240292921,0.286351344015723,-1.77730841308916,-2.0907040148783,-0.283959574878136,7.72037538277472,0.0789137857496854,-0.221490173343835,0.947739779863393,-0.144829136770156,-0.527800504216456,0.620186124916072,0.0939813464373284,2157529
0.506944710071531,0.454828555268324,0.845658565384031,0.169451489000419,0.102668581354202,0.107995201430125,-0.207207710281418,-0.617126414580506,-1.43784861540068,-0.618625735147526,-0.290438850387733,-0.691449648843695,0.0979841595489339,0.440342044195587,-0.427016521608333,0.248497993678215,0.202273609517804,-0.185819990744252,-0.0706547463757054,2119177
0.711645264174606,0.386992792693306,0.409049562668947,-0.392495919358608,0.0430712418186919,0.644917199452354,1.39814953586557,-0.129729362781077,-3.30031783349438,-3.02594405705854,-0.303547966007369,-0.504171563595971,-0.482836013800449,0.862615518836385,-0.336613186934736,0.442014944860959,0.401339868856056,0.955643917029947,-0.223088711028734,2010554
0.149435980241943,-0.33287521626857,-0.738399726973262,-0.378079712526642,-0.0363260840301891,-0.357378935942493,0.724342519872252,-0.00757797442121577,-0.11153920055476,-1.12319315844907,-0.296606980762984,0.0116841093588358,0.0911559054240719,0.344521442886679,-0.419436304126717,0.158667857469061,0.276420617773391,0.275266936454953,0.177557972252223,2493534
1.86735101036592,-0.475964361142194,-0.460148905452181,0.704587002154067,-0.023494112469506,-0.418484626900041,-0.104092820274525,-0.160456883555871,0.603716413296098,0.138628789652192,0.286462777356347,0.0417838683471854,0.245922924093447,0.927743340181929,-0.133138503728847,0.724491299819537,-0.141673410004537,-0.984223502288368,0.0587701899360784,2200813
-0.647833293453931,-0.477364965086816,-0.110411091446585,-0.915960863920951,-0.940566131976968,-0.393220642243806,0.0358744619086064,0.00889153826975675,0.555879833697478,0.442376433198155,-0.302193919377243,-0.259204249527978,0.339894015954892,0.359527617801287,-0.651027960033007,0.64401597334608,-1.19804162278518,-1.14620343437053,0.374307257112096,2116787
-0.445885392997223,-0.541817644168205,-0.204803094271138,-0.383543572478467,-0.743651184252715,-0.386687917983441,-1.38605734460565,-1.41424198734615,-1.64069331422445,-0.999031661868527,-0.266008164888964,0.0487230487424972,0.0777947358791359,0.366786733101763,0.158181387354154,-0.0569244556002966,3.15148431371779,-0.0478748661470767,-0.097784393937932,1154608
0.580237077291592,-0.388621578802849,-0.209745337286561,-0.0391997739622954,-0.598128021028223,-0.413797522465316,0.305049887309529,0.139075306178058,0.565517288810618,0.168794128679448,-0.203691364565001,-0.424236092238291,0.233613984949993,0.764358794660239,-0.466912065275678,0.49759380611436,-0.0272025884053226,0.487451006745334,0.0509433572248261,2267382
0.357375787260789,0.136766045245255,-0.0838770421538367,0.937252449631553,0.781136706428058,0.651124388622742,-0.271169261047023,-0.388750637898012,0.00742979838322601,0.803212108823597,-0.145719204982491,-0.849278712931763,-0.700148727210782,0.314047513335793,-0.0284517725362092,0.836296551783944,0.379496087237965,-0.669949096971828,-0.466006034350673,1181124
-0.246304292835769,-0.115176409127607,-0.158676944737675,-0.992638561773046,-0.914318382387578,0.72208926092983,-0.180512886472275,1.35255869657532,-0.540937433789669,-2.87427454750683,-0.306978563617738,-0.440371687638654,0.0892162056176324,0.915441747876576,-0.439817562537108,0.766814127191797,-0.965458580539075,2.73988436426511,1.72050112658558,2137799
0.143592575581003,-0.359931822547633,-0.147584700293104,-0.868799834466422,-0.599967695539925,-0.318062537298543,1.11783829444312,0.624727051306663,0.416829752957721,-0.774444633537921,-0.308364751469068,-0.462762072403822,0.16105376263974,0.202533025031743,-0.896580931907389,-0.212560320230537,-0.13386722864017,-0.132345726111094,0.0732592076570979,1458656
0.552723324236054,0.665018681387289,0.978376653556122,-0.417661413244056,-0.445759338274489,1.19656325446422,1.15902958952321,0.382151207928187,-1.18725150425901,-0.916678816511432,-0.299308786028689,-0.825918024076138,-0.4908542221191,0.438094408200677,-0.509133315259797,0.357401203738117,0.499513258987975,-1.27226912523948,0.626939673856177,2269346
-0.416698935421524,-0.333198146976759,-0.674147210040609,0.0559062895852449,0.194900859017139,-0.107366034810684,1.02991550517003,-0.934953992613941,-0.661770195914749,0.00366960498146577,-0.0775530553806691,-0.292526007240821,0.019513301451427,0.190678913290754,0.120245199683631,0.333167755118689,0.469670309097064,-0.0878484128545505,0.0709442145078923,2092954
0.527952476309047,-0.437603341804807,-0.568780614076857,-0.213982500326182,-0.232097134526548,-0.349022540855084,-0.298232990014645,-0.633881094600418,0.863136330805821,1.12456750680339,-0.211058303172746,-0.560016733483302,0.356380059584913,-1.67155936448699,-0.268500116853285,-0.739781365565754,0.174790189518757,0.899059102096182,0.351651954354381,2007309
0.853014411651293,-0.364916458357576,-0.882224626387088,-0.925046142514664,-0.753414094986827,-0.226288824943351,-1.28440774147921,-0.0735423403447781,1.04929489006655,0.916325509813035,-0.301953928339656,-0.0977590504344224,-0.0503774573955678,1.32308417306647,-0.709498040885553,0.650410950765748,-0.935690336615426,-1.6349148968951,-0.0273259846783647,1671370
