"mkm5d_ptv6_original_shape_Flatness_250","mkm5d_ptv6_original_shape_Sphericity_250","mkm5d_ptv6_original_glszm_LargeAreaLowGrayLevelEmphasis_250","mkm5d_ptv6_log.sigma.2.0.mm.3D_glcm_Correlation_250","mkm5d_ptv6_wavelet.LLH_glcm_Correlation_250","mkm5d_ptv6_wavelet.LHL_firstorder_Skewness_250","mkm5d_ptv6_wavelet.LHL_glcm_ClusterShade_250","mkm5d_ptv6_wavelet.LHH_firstorder_Mean_250","mkm5d_ptv6_wavelet.LHH_firstorder_Skewness_250","mkm5d_ptv6_wavelet.LHH_glcm_ClusterShade_250","mkm5d_ptv6_wavelet.LHH_glszm_LargeAreaLowGrayLevelEmphasis_250","mkm5d_ptv6_wavelet.HLL_firstorder_Skewness_250","mkm5d_ptv6_wavelet.HLL_gldm_DependenceVariance_250","mkm5d_ptv6_wavelet.HLH_firstorder_Mean_250","mkm5d_ptv6_wavelet.HLH_firstorder_Skewness_250","mkm5d_ptv6_wavelet.HHL_firstorder_Median_250","mkm5d_ptv6_wavelet.HHL_firstorder_Skewness_250","mkm5d_ptv6_wavelet.HHL_glszm_LargeAreaLowGrayLevelEmphasis_250","mkm5d_ptv6_wavelet.HHH_firstorder_Kurtosis_250","sub"
0.836654324227868,1.26304919603012,-0.19497125985447,1.91111750325013,1.42948199435093,0.622631336715587,0.707994644619821,0.883540919482027,-0.064069932739041,-0.395864034873616,0.0561596772148759,-0.217526555815285,0.350048932752193,1.84904160839061,-0.270350419645932,0.0598945507874103,-0.434939289690946,-0.200774445254027,-0.742062767637202,1085983
0.447892049141933,0.533656452086097,0.353799776683561,-0.188500373291757,1.21782790086996,-1.4507500712045,0.221346468073128,-0.511848125519356,0.659715513756036,-0.387460687768786,0.196273509493098,-0.134832612800788,-0.070711669382668,-0.0358274792375151,0.117044840862113,0.444635352207482,-1.04597680614316,-0.400921776337127,-0.521011353079372,1125173
-0.154903769649449,0.539696920621081,-0.456775718286192,0.181552760072701,-0.944502174247103,3.4905482667253,1.61278814847744,0.496475714568748,-1.11623549835925,-0.359113638167692,-0.243401140246606,1.41241196105343,-1.41727375345105,-0.788224844663117,-0.969057292550877,2.29587336581018,-1.55991268852265,-0.346172101612002,-0.868816942067959,1154608
0.683153788929837,1.18032951532809,-0.44114979454952,-2.04212282244803,0.334573681107382,-0.665485469499033,-0.499980112724773,-0.537421828086357,-0.575502358115327,-0.311002304412652,-0.175948929146513,-0.492984501606182,-0.982860191407654,-0.0262888633716183,0.362935054600539,-1.46655575126977,1.16681303083737,-0.376380807262,0.320872846261568,1181124
-0.00836561989518245,0.0369798798511974,2.06073204176641,0.662418496132983,1.03646760560164,-1.53163976504433,0.0526187143323815,0.705099546167369,0.388549793460854,-0.359389525400742,-0.12787115800615,0.0756948401111338,0.464232298035452,-1.12004953485833,-0.830897867912137,0.310426609593112,2.04033173252288,-0.347751696704685,-0.0670912896950655,1183075
-0.968177498834988,0.483748936614683,0.119737062763625,0.370621719395144,1.06684846707037,-0.721102814539265,0.170903173097626,3.29282802152871,1.02692382151063,-0.232567439512966,-0.126516930028586,0.117546307514726,0.480799048452593,1.78848620057977,1.95625237793869,-0.0443269526939362,0.509637814454718,-0.255386393731528,-0.711876167349288,1232870
0.260782679431554,0.636835331859607,0.16594909245402,-0.145874100507927,1.33134028128179,-0.776307312830687,-0.817175070934802,-0.634194068545092,-1.49460095795664,-0.406046328639186,-0.0966835145501212,-4.03496306516902,1.23737008000165,1.33026592339584,2.22730454374988,0.263698720996051,0.0186418561828809,-0.151130921435854,-0.654511675107358,1279943
0.615953633641763,-1.57371086894662,-0.440819089920685,0.581973379579248,-0.555787041021083,-0.271394800129284,-0.232527341824303,0.282619935291301,-0.403789551425051,0.441637996860052,-0.244279139195805,0.665829236834627,-0.423923181491364,-0.327935412574858,-0.799274338350357,-0.198458254623379,-0.292124815239731,-0.348632079791151,-0.188223540014867,1329352
1.16413974176473,-1.19026639050154,-0.213545687133683,0.340915224517292,-0.650192836466086,-0.589221328619078,0.325235157174499,-0.262464008678756,0.265822876831031,-0.0740613623259275,-0.159955548741545,0.660943497347466,1.59560464307134,-0.37902425005313,-0.720417560624077,0.509020419539913,-0.47696463041515,0.161771542932923,0.291661269395947,1330263
-0.521377572779889,0.90192016753852,-0.443838293118462,0.114352771418417,-1.35065549893175,1.05476776935141,0.748113483118054,0.914744155361299,-0.160755488645212,0.849989870706017,-0.247452405493653,1.34306344064731,-0.0509388377339519,0.55077391177311,-1.05664792743202,0.277000701618871,-0.435131159068497,-0.320379223942045,-0.164262369384715,1364384
0.0668958387044098,0.312723833355372,-0.162487973107672,0.862053291638051,0.776873440983081,-0.13624443665533,-0.178334750404646,-0.416876890804668,0.208017012534671,-0.249152493078493,-0.154541494290389,1.17882865460808,1.80742701601783,-0.588536007746752,0.59510812046322,0.430974546751229,-1.02691519627019,-0.314761457427467,-0.172939494167736,1386095
0.72747203719396,-1.50459136192332,0.793129139943553,-0.164863811691689,0.942328989237585,-0.191756742581201,-0.19204884978228,-0.544624394089923,-0.439377398082735,-0.351827889579296,-0.121227349850373,0.672416325697911,0.469041079146298,-1.15428296098877,-0.439258457389079,0.330454335052518,-1.51051930442494,-0.414721346797418,-0.133639786545691,1458656
0.964676602699186,0.627867234430281,0.0798801651736818,0.578811669444391,-0.859945830854378,-1.98656174702346,0.540296198979392,-0.409700036307312,0.637361933733434,-0.212028584483375,-0.127707762320323,0.436443193222475,0.875776535169096,-0.375294605496366,-0.759048401999812,0.0901091398723099,0.652559629006669,-0.182017975305528,-0.840350809100326,1485662
0.0759788064583949,0.693249085581562,-0.400111407751529,0.0932946543861859,-0.242154247052456,-0.674212967951963,-0.619246276467424,0.733568247914832,0.228086225141616,0.0137217091464789,-0.204687160435604,-0.504304635785666,0.210895549483525,0.958281464914553,-0.157148550708302,0.682921279083136,1.18049901648635,-0.321357683455909,-0.320825062546588,1497807
-0.391697804658417,-1.06530084495932,-0.108710883264726,-0.103545402445399,1.25285472510892,0.305127118280464,-0.252180869268726,-0.183116585630691,-0.809321856557652,-0.387307670554566,-0.0203292684845664,1.02337308209113,-0.667098607550271,-1.69970780225507,-1.53590086070769,0.485452286217736,-0.882904714533114,-0.397610418145135,-0.275398480779314,1501387
-0.708072451844393,0.736488031819407,0.332829325704576,3.25012727017842,1.79948491448234,1.39088271524089,0.898608379610427,0.512344142073248,-0.220762030108521,-0.334440488113401,0.335450551653597,0.29526315286319,0.383353290340784,-0.278095722094713,0.299550121101566,1.29074729589121,-1.39066739169461,-0.353050771224667,-0.85521198839712,1518948
-0.686319971589734,0.883888958507897,-0.430915389786816,-1.44816298088914,0.0901812364161084,0.321280897973097,0.383862277379294,-0.281457676043353,-0.833653066372896,-0.40436856116233,-0.164307019035212,-1.64561562848241,-0.9091895897329,-0.540168512828645,-3.34407076065123,1.09503420871263,0.89148786682083,-0.373136078524438,0.781756442183426,1526417
0.410877230381927,-0.245246529167841,-0.226928826968948,-1.05899410317945,-1.12540181284666,-1.05805455188884,-0.939465350456199,0.183428968204536,-0.778080069323165,-0.299944376666943,-0.236864514840066,-0.0428616474728352,-0.214061078125574,-0.397692970023908,-0.210251867420777,0.979389036898578,-0.345504617665235,-0.415061502678891,-0.283757773405283,1565177
0.731312840856646,0.0569667937889996,-0.129811438034128,0.28121986857643,-0.817727643557509,0.157852733776829,0.904452370394646,-0.149526080872286,0.143231095224491,-0.253877412445446,-0.00700157937036134,-0.801602898747498,2.14453227809228,-0.195851160342314,0.040713388417449,0.44039753468833,-1.40594145252419,2.48600802441957,-0.292229711193202,1606693
0.263168008967934,0.883221439599567,0.360138521384598,-0.950106533630353,1.2256411282043,0.194190558134202,-0.0546443004660843,-1.00480414653999,-0.402286750348063,-0.403768711822026,0.200618661672435,-0.294674270135162,0.48072042476879,-1.26191137037666,-0.678673763243366,0.455740828899804,-0.0445239146751657,-0.255720400865006,0.738375074938175,1612262
0.0822071346701466,0.489367956538935,-0.298150391940535,-0.593367992304378,-0.637995924314176,0.347879417080526,-0.136370190226504,-0.307394824175889,0.35854269562704,0.968009058036965,-0.241445083789561,-1.19237302723761,0.0155138298644249,0.430657805822291,0.224951707337351,0.14825176531384,2.50569089629056,-0.409175135131056,0.585999575311012,1614566
-1.0397287745878,-0.305781566439429,-0.407920067561363,-0.486505056390646,-0.492187063970223,-0.518232434231127,0.050805981378551,0.645731374721744,0.343589991717049,-0.323196204900051,-0.0468548004310662,1.17781200719846,-0.94357990793023,-0.263960133145584,0.384116836798545,0.653025563131488,-0.612263562414743,0.336584302443701,-0.483158900407415,1644034
0.195292922033621,0.0680460406262799,0.935143160753916,0.613562171589091,0.898161564880631,0.546840489980458,0.90230924359112,-0.886036207288318,-0.889722631038232,-0.403222103231538,-0.129935283769908,-2.88180771389688,0.990016373022181,1.32352853505088,0.287368428217828,0.324371490272235,-0.683965327163516,-0.30077888604071,-0.1544469827178,1668599
-0.611290960700884,0.159314675751154,-0.0650277343873634,1.46363883768383,0.597680083965088,0.429212250075111,-0.455659916992206,-0.023098741726609,-0.470746679555638,-0.30600886403948,-0.240399388672792,0.292100767920948,-0.138514239071144,-0.810368911802186,-1.06394355199393,0.191545644121875,-0.888882002650969,-0.417295995077644,-0.500096188161279,1671370
1.18896567476365,1.37169812026531,-0.162867086623758,-1.69553715053392,-0.208957255008526,0.499919155922599,-1.38253309796458,-2.12508119117639,-0.0559322228393644,0.56517877460736,-0.245572883791957,-0.2182468820325,-0.59210969064883,-2.86496378019397,-0.145834302024734,-0.660784902308062,0.891039178386349,-0.404570253739055,-0.396786364615314,1684230
-0.14191985867037,0.762676649856691,-0.107970322592536,-0.159161432402925,-0.580626415813449,0.0347314800363502,-0.488589627304233,0.486182209329527,1.0172406249472,0.386274745125709,-0.214744750013776,0.894371860984713,0.288402288035797,-0.478819163126065,-0.126412391795263,-0.00369697707759968,1.6718740086096,-0.327406356088416,-0.511355237942967,1692385
1.07261025467975,0.873952742396466,-0.413727394523816,0.016458350521676,0.934718280463349,0.567812468623133,0.495305065160248,-0.737900627656762,-0.952855595942268,-0.382698278597674,-0.215084468346081,0.696816143085128,-0.477844774288101,-0.907730306364099,-0.898240503786388,-0.225363488138436,-0.776665815901458,-0.350869252860461,6.66065554559463,1720713
0.360420890639668,0.199568378084928,-0.430978829401794,1.0923010454362,-0.662245726226408,-0.503313806443465,0.462003495679557,-0.129849654714326,-0.0221772433398226,-0.290303973463328,0.052867072689278,0.736450160588377,-0.492331691231784,0.0524742821332938,-0.456331346332408,0.4796036915046,-0.314780934595038,0.710891200991913,-0.506890141938065,1738800
-0.339364221780821,-2.46289911494818,-0.320519129499679,0.398925976530491,0.259605089912521,0.857987836419103,0.552194584356855,-0.127619337059566,-1.30942645255566,-0.543785571775407,-0.193124306511108,0.377993196218123,-1.14806459470325,-0.663426566427201,-0.0142414926133081,-0.834217025815615,-0.706708498916909,-0.342380088602493,-0.385558675189177,1740845
-0.548395573236758,-0.218095994223696,-0.288584861168477,1.00286298029419,-0.13560676308206,-0.0769958580015722,0.588398390758852,-0.834955685320771,0.756316855234659,0.0750777280398866,-0.217700853434848,0.625008163253643,-0.594074293463401,-0.126384886787104,-0.894838357602199,-0.33340306850866,-0.0141719182179075,-0.3042184598076,-0.621939926305658,1742294
0.160665964628243,0.928643588571957,5.76489884565737,1.74736228287688,1.24188621414803,-1.20491315865559,0.0698818805321312,-0.186392662439348,-0.359369067958719,-0.210894556958867,-0.217297361801694,0.55495341600938,2.56264233620998,-0.307899464349318,-1.16492474149862,0.399750077797052,-0.202394353329201,-0.415278906721032,-0.343189705205569,1767700
1.13318622898473,0.580955643502021,-0.442186603564635,-1.43919710462964,-1.69318457182259,1.31776455074131,0.642911963362862,-0.402088896763573,-1.30597424989978,-0.513351902337062,-0.204097729495095,0.526170841972937,0.730616438252588,-0.418767183946605,-1.13361418884833,0.233687170915586,-0.947618162697199,0.396211669774367,0.276906066638079,1768972
0.769968516997802,0.11222341364035,-0.444407952370163,-0.368964789860876,-0.127821079663149,0.84440659773281,-0.627633735310284,-0.697893071641166,0.0928476012985154,0.0972774284708074,-0.22106578920472,-0.405382533369398,-0.830167086169692,0.139314861990777,0.899654184810488,1.52534602527239,-0.0106125210553682,-0.262362548014275,-0.352449151724064,1889409
-1.07422646700072,0.429113062789552,-0.142368494950072,-1.11370781225961,-0.564654645858667,-0.135170667306123,0.0871835269334214,0.913279445647264,1.26134327436067,-0.290011781709147,0.0267550997082821,-0.935509408841664,-0.471392535932981,-0.0857824139682972,-0.964834763710747,-0.036391859449268,0.0674098220670972,1.43905856953351,-0.267095374509876,1915938
-0.817532661323308,0.195280498145522,-0.456491960110133,-0.732388952560708,-1.82368628176177,-0.349961738511331,0.306494229788952,-0.0607073099174105,-1.23025204071477,-0.382592565814712,-0.236009456904932,0.324888161612756,-0.102818467358755,-0.685492392303168,-0.301679801723566,0.392316378184901,-0.729125005649502,0.104812599707905,0.623858465617397,1916742
-0.0254254349870893,1.40828416262786,-0.0948448207862383,-0.352935822860172,-1.2539719558912,-0.395213235037462,-0.13039562272406,0.146166445895597,0.63207848713803,-0.0594548407042382,-0.217933292374002,-0.645426959158557,2.00052680149679,0.224323748769949,-0.725629022071834,0.0916896659911292,3.10319582001821,1.76182004380043,-0.391540051997288,1919296
-0.465913259759934,1.0415536032307,-0.153108738998704,0.326489385151943,-0.213714507995337,-0.286586679228083,-1.07031685021899,0.0519874451650605,2.03384927742746,0.581672730601237,-0.237560470553212,-1.86280834505519,2.87592965968107,1.49121803685025,1.2122759275444,0.489211613834571,0.659393451013608,-0.307579852533533,-0.384253530527598,1926770
0.386486149821467,-0.58197747626252,-0.433593246410596,-0.356427274762209,-1.03272559382168,0.377492331741309,0.229337863857875,0.0232198081987942,1.56997890798165,0.663173137522083,-0.203785564729587,-0.205836245920069,-0.11457802842045,0.352160993216974,1.66338881664604,1.2366821077967,0.355920936086415,0.388066525938577,0.762452687412532,1938156
0.211393781822077,1.13145564761828,0.429065518329808,1.3183782098088,-0.554184369762609,-1.28377203432996,0.693188873250971,-0.492544610123533,0.762350660980164,-0.296263603993261,-0.0259674001715214,0.940025020859047,1.40487093565329,-0.586212959991283,-0.868038003719623,0.761660230935913,-0.998455784282436,0.437088519907903,-0.0615589783888896,1938561
-0.167788917878425,0.709629492770955,-0.262652806218289,0.113244582805984,-0.836597555829627,-1.07782743547208,0.349885317567918,0.655015198951834,1.47792407830993,0.328603950156001,-0.192572090579937,-0.323706104780996,-0.776702919783451,0.12951606329783,-0.211916226137245,-0.0664231007418784,-0.334119706175395,0.194009130758197,-0.562903431153905,1966316
-0.288594946129735,0.741401134890212,-0.409963692720307,1.48001022136036,0.71972594222165,-0.0526202460452197,0.504691293868002,-0.906202073711869,0.257457575383665,-0.232370427311416,-0.154669393881886,1.18767175100984,-0.466776714978182,-0.975580545624187,-0.120818255738536,0.143430360552605,-0.705130741209744,-0.310106319665249,-0.617825020609594,1967281
-1.43777197065709,0.0473467104934755,-0.425805195615885,-0.997844775675736,-1.99169727808303,0.285082386352848,0.355944451604016,1.42333130318471,-1.09387438667669,0.055486043584667,-0.249890806047936,0.762203119053052,2.09146913447799,0.363145347744534,-2.24328958895666,1.91447619774056,-0.85725379928139,-0.0444396371423126,2.26849017840815,1973544
-0.762661697986494,0.6310617852977,-0.15439203388913,-1.82579948701767,-0.153250522921226,1.03902880493766,0.425550992818227,-0.145590612660404,-0.123997612855355,-0.117489971883043,-0.23479842909734,-2.51020441883803,0.546811051800946,0.978728231031845,0.520181519460819,-0.424580601945228,1.30100749838261,-0.408916304302802,1.09388360506361,1975401
-0.658803743315349,0.758536158083918,-0.449318323373945,-0.999453615834808,-1.57321524985625,0.332524082619771,0.615756200678707,0.445754321265931,-1.92624968442939,-0.514251960024319,-0.24731348626371,0.227724971175975,-0.421429361649149,1.13066083303605,0.0054393763907567,0.942003334283357,-0.604025125921721,0.0879660076345583,0.844047695261563,1976407
0.121159719823577,0.662871766485466,-0.263919670806647,0.980630109433191,-0.192655695328,0.273966713743083,0.0214273876245107,0.946605037610593,0.0252786401360571,0.277835777491309,-0.241077885510756,0.625623928631825,0.0237100885492192,-0.420709499446597,-0.889992107424464,1.15384748866273,0.412756614333268,-0.337336778265641,-0.794894171866809,1978972
0.471130129656536,0.342827666656828,-0.215515499676631,0.695025438016821,0.305581385536406,-0.628257255730053,-0.28351875324911,-0.425694791891511,0.654326250789495,0.0513783188250229,-0.211504023790971,-1.31250909661351,0.717350740171232,1.15061486253557,0.6082772640617,0.339573915321281,1.43801640578321,0.393509467946317,-0.614423603751891,1979045
1.52914339947162,0.119159607567356,2.61775792498456,1.87926157164911,1.30931165735586,0.315851308400813,0.970150616972745,-0.932499237042392,-0.571818029156283,-0.444366115749734,11.9532488667832,0.255571738933985,0.413918992250875,0.312259832004659,0.258714125247323,0.387394977451174,0.455966246493897,9.38186703117973,-0.456887328142321,1979422
-0.40127022269933,0.664778302231428,-0.444414111149209,0.582715915269686,0.213486334952103,0.904705622780478,0.110742278793445,0.70819814628332,0.594024712360552,0.736548928959638,-0.244137428722856,-0.233861716994728,-1.04516492395647,0.755823323488907,0.24739844965421,1.38677058435335,1.52890742057787,-0.0820742706538685,0.00567430734164753,1980052
-2.32664711656163,-3.75375189562033,-0.443761517986719,0.243238031380814,-0.422460311289247,0.915122752530044,0.30584914165296,-0.207076241605343,0.816936722405532,0.142970574130551,-0.221832424815011,0.732468857065034,1.35199346944456,-0.812703096871758,0.955829504653961,0.546909247369286,-0.59414012379873,-0.338777791641461,0.184010330763163,2001182
-0.900136544398122,0.802455778007907,0.0111374880620866,-0.00217214179842962,0.767468824536152,-0.00207406402380953,-1.92761627854132,1.29703189295447,-1.35347295546723,-0.134944734420659,-0.248842749888873,0.917168990543536,0.264562106998512,-2.36410495943695,-0.922252220003672,0.634791743139019,-1.35188454432999,-0.430322554197613,-0.292661131077665,2002465
-0.914821311943068,0.684479019323245,-0.143704779446647,-2.29223339686839,-2.71942516169177,-0.0376831394338782,0.224772676671348,0.103373941142647,0.166751707686885,0.319339412964074,-0.240752037938273,0.588967906708171,1.25593907397157,-0.0637803032714514,-0.608918600959557,1.47664848468268,-0.253345998149533,1.0943763849936,0.697009520292487,2004451
0.118007225722283,0.300258626054899,-0.443478594689455,1.76650325860106,0.711607369584836,0.0394582659797998,0.0628783197377345,0.801842174705242,-0.33604280564638,-0.290144732399285,-0.188604938732018,0.395672291289634,-0.849887467053294,0.599130350273967,-0.478618387238777,-1.19144719870683,-0.198927844609735,-0.182642697242616,-0.200360121979649,2006164
-0.289962744635493,0.440639036620591,-0.45334383982167,-0.374176698362214,-0.231244768646798,-0.546148254116043,-0.123380281459398,0.132649577393417,0.182347457895254,-0.104990466601004,-0.183704301907743,0.543967456942435,-1.23338077048824,-1.10251222842287,-0.97613044543532,-1.32435896210446,0.825782693466648,-0.275461081428506,-0.362266347630817,2007309
-0.907193915366579,-2.49487050161826,1.22768142019347,0.533005368983317,1.52862087858765,0.0715100599505932,0.631911159013139,0.0400467710404766,-1.06803085934287,-0.448039992607463,1.13476468360135,-2.52865868292031,1.75617902942443,1.48715492071138,1.18718816896575,0.29059881055053,2.97044083180413,1.96059017560412,0.0114152217663446,2009915
-0.107310527665603,-0.88872303396039,-0.150752997056806,-0.534950534495222,0.438069776570258,0.277600038281043,0.715636288414938,0.242107137948978,-0.79349434763585,-0.332335194023466,-0.180162201626321,0.634631187167927,-0.465018586248486,-1.37891451359331,-0.184290619684559,-1.226136705853,-0.239685615253706,-0.395514950723423,-0.410020247408576,2010259
2.26594104395322,-0.666484197465637,-0.252232232584186,-2.30245419453678,-1.84344268242379,-0.371150723180978,0.357958565972796,-0.513224010251164,1.3854301116743,0.112402777426393,-0.168691265713323,0.287498945879678,1.77397921872461,-0.760191788033187,0.18775271801478,-0.00849699344733966,0.877638116604438,-0.164617335388206,0.642636954121091,2010554
0.826753121007171,0.668298866183114,1.94333773129803,-0.00972618727564165,0.328471165995971,0.290808155022895,0.383406035354195,-0.00815875548098752,0.658451767011629,-0.0945367545370729,-0.161366771347044,0.0720099091509564,-0.20200829583436,-0.203386743808763,0.555096931517097,-0.179408484532695,1.12202910285108,-0.200399523062203,-0.685608884987341,2026671
0.186673613202328,0.591584916540898,1.15705274001406,-1.1933194968751,0.594615188946187,-0.633742991898697,0.621252385808904,-0.106650255640133,0.531403070579171,-0.258649832540966,-0.119100943715329,-2.07121014543806,1.21877589955693,0.473011215124717,3.39599671671216,0.350065455404115,4.2880795592038,-0.38272187034209,0.786097153244813,2033049
-1.45299520006235,-1.46879606004793,-0.454489360833579,0.17630900238449,-0.603901643015067,-0.15459666624825,-0.31584157740854,1.06667512378359,1.10210190149037,0.278506999333057,-0.200975052389392,-0.40359754828767,-0.0976694915832383,0.928917439759567,0.987330048155492,0.882321439252681,-0.15630134007295,0.193097184678502,-0.845396298805212,2034136
-0.20206927540406,0.616976253728925,0.542156294215797,-2.37582022196515,0.123766139543952,0.378422251493439,0.682113557238379,-0.828024247148732,-0.180841022067827,-0.395541592968226,0.515181884800839,0.62394786630322,-0.0841603499311016,-0.831721872775867,0.0743172321847548,-0.000509779104034252,0.0574217633730677,0.0353097022695428,-0.317306719814011,2040495
-1.08497364230597,0.755108630078848,-0.438047760962544,-0.514152626786446,-1.71495757130292,0.686310171847709,-0.957108329716014,-0.0294979696960345,3.21328801246728,9.32632831723986,-0.250122173298415,-0.954975195844138,-0.0394536964426651,0.780203546010448,0.37225055824739,-1.86489378354415,1.93987387685991,-0.408784216155937,0.86740161282431,2047354
0.153467096793061,0.900704096319534,-0.389147190123039,0.514777848636494,1.18723258690946,0.429676518696173,0.638648240051513,-0.934692306606161,0.4259273010103,-0.292936699946797,-0.00138191824132696,-1.54016332695869,-1.22241896859179,0.481776312369321,0.637762006343161,-2.56260733332111,-0.32300752300881,-0.206607536949094,-0.171212938965076,2051378
-0.352113217621671,0.317736750575455,-0.40034241502062,1.13833473840216,-0.138396808048338,-1.10016237576035,0.354487052547908,1.10830753910827,-0.0891523826464447,-0.286701028892414,0.0352525603223705,0.578818300363829,-1.14868668786835,-0.230373401085625,-0.213549655588299,-0.653335031984173,-0.115966437099079,2.08597887561347,-0.882425844178298,2055667
0.0427331230913583,-0.422818825697558,0.705443838780378,0.246091067415904,1.19562851574211,-0.66647636455207,0.390574002580419,-0.589729546354715,-0.176364099719322,-0.414813536038839,1.67486296403804,0.183069934589529,1.26319533805259,-0.540039528611652,-0.303486336515731,0.546673110091126,0.15117897641216,0.764379443856233,-0.507961111290841,2057358
1.45763676267267,0.11411225220746,-0.319389991595847,-0.439437716694181,-0.441148425799823,-0.165751305263046,0.770658800008811,-0.683347564389042,-0.595875911102143,-0.358385666661496,-0.168864306759808,0.431097801111202,-0.510294561503576,-0.270805809966037,0.201240762874987,-0.122527839717534,-0.338093771241263,0.0382501594770157,-0.327523850538,2059713
-1.23178568089374,0.0529083234095336,-0.41638966867491,-0.554135880364012,-0.780423423640983,-0.247077684362358,-0.0229903069555776,-0.414778151391786,1.33643281940378,0.00615079221675769,-0.191810263460475,0.938948821556461,-1.11457963025848,-0.851869964889681,1.89727876238227,-0.394092839066013,-0.800926180833112,-0.385545990974815,0.534961251453288,2069079
0.70856311917358,-0.163743746555508,-0.423947653933363,0.554116856094622,-0.530216252410555,0.14719428634213,0.664702998902305,0.308743707106167,1.28335339880814,-0.0100945136746605,-0.174620153357251,0.838255229551332,-0.828982040935192,-0.267860521529043,-1.31441090422125,0.533607463330947,-0.541632902599011,-0.063131166937937,0.44110905734236,2070958
0.790253875374322,0.912339816724456,1.74536384916903,-0.407485574540062,0.807395383459186,-0.761209901997415,0.170868631649655,-1.12436203159909,0.350621747104568,-0.264827890596356,-0.142644847549859,-2.61396634539776,0.778302087755275,0.712842722860712,1.0909772306002,0.250652031532623,0.614292555796833,-0.332621897931333,-0.52120308675221,2072215
0.151581524997939,0.513476178431078,-0.386273492882191,1.24590782058355,0.375408201414167,-1.20095917615861,0.715748193139165,-0.0375767493440551,0.477697315760355,-0.324929605398962,0.0873025585420371,0.517896396164468,0.146800944190681,-0.55077744675787,-0.74635443275729,-0.225508541273894,0.640642192437858,0.166288128764822,-0.560930199336097,2075832
2.29413054114115,-0.180522957540727,-0.441080023541919,1.00518685684694,0.996396231622994,-0.0592435592326079,0.189182608114455,-0.65060270914174,0.139665778318526,-0.28984805339879,0.133987605900628,0.830228865026884,-0.817606163088178,-1.04813071593164,-0.331161471258749,-0.25970480485247,-0.239408721526421,-0.163207860824392,-0.425299977369392,2075846
-0.259424937057667,0.606249278811833,-0.29637452778299,-0.92697612840333,1.11517432815939,0.606108049643059,0.0806742204834371,-0.705806774354965,0.118874847320951,-0.260511456186908,-0.140554746744751,-2.97007485123986,-0.295120693676937,2.05138717111574,2.98334195205364,-0.682916435562521,1.99116541341421,-0.419653532316892,-0.387199047644446,2076301
1.90611724825649,0.672333858922744,-0.442160011782576,-0.470692047161136,-0.988491693786439,0.250800876395722,0.087137941280341,0.0650510805425432,0.536046263141961,0.42053502532851,-0.202984534974856,0.518160098796576,0.696195092278971,-0.345804443005159,-0.616010416253072,0.214517667770552,-0.0446141687917924,0.459112710777437,-0.154587259576186,2078198
-0.769759475238862,-0.545243029145047,0.0929663998263801,-1.09948427991419,-0.480047177762953,-0.224752274617156,-0.261880946969902,-0.724708972842532,-0.864125380879936,-0.288512303007991,-0.247417386650442,1.10758735629172,-0.203025276133148,-1.28330670898754,-0.723248667372863,-0.179098038320847,-0.681316076263758,-0.424258642134657,-0.639025074745758,2078899
-0.303108136480547,-0.412264736403846,-0.175692563227454,-0.266193240368972,-0.215180041191818,-0.398360096866944,0.627756100197658,0.527866349123001,0.375647875835871,-0.289947006897419,-0.106984417836916,-1.75026259602924,1.63164640024784,-0.0276223264205144,-0.414698792512736,-0.229447910787334,-1.28568626987403,-0.347837850389066,-0.552421467998439,2085349
-1.11100592369987,0.0837505687936518,-0.437207164524675,-1.11275559888398,-0.569885085362342,0.520023417215036,0.156847553919205,-0.133536527495676,0.187170248409063,-0.00741601653208988,-0.217831226196016,0.50118122821118,0.239461227337181,-0.146632049307403,-0.492047866907605,0.550805820441288,0.981923644341619,-0.392993043202635,0.427342235443836,2086044
-0.0838830951172622,-0.698110617573731,-0.451641125689883,0.411230357228991,-1.22422382161315,1.1349401158357,0.902606492746914,-0.219763115231248,-0.771402025652255,-0.151525678396191,-0.242493921376428,0.683946821218398,-0.0296314687744038,0.886292927054643,0.00936005518812053,0.798054977395426,-0.402975103728475,0.767609875374079,-0.308521948893579,2091555
-1.41635711271349,-0.782463951375678,-0.103918882016187,-0.142365772042568,-0.184934668594411,0.112212139801229,0.441582358079603,-0.582527789553822,0.138199777600795,-0.129312451298788,-0.190830871763985,-0.569444701216151,0.399431675216396,0.297704198689506,0.0698866746239064,0.191051784589578,-1.12528194110949,0.14257600016809,-0.577822912891726,2092954
-0.453334682242557,0.385644775965097,0.723491407300695,-1.94339899379221,0.518032560507839,0.699040244013107,0.574343766844998,-0.615562751412015,-0.28099321643082,-0.356288495278792,0.00696598489254647,-0.716015374404456,0.0273480379029409,-0.348556641725976,1.05539721992312,0.288142854422466,-0.116651289758639,-0.339774926653549,0.0657058982856506,2096627
-1.68210011082334,-0.119641691942459,0.355627983637924,0.100716438314714,-0.0234294285080163,0.733105915140678,0.0691192318425669,3.141301517568,-2.24673525642106,-0.557182743150994,-0.251071227610902,-0.9530233517933,0.781687200216961,2.44646239044567,0.847096792846418,-0.160540043966965,-0.143233777562496,-0.409936137986241,-0.384350040536254,2100050
1.27685796472847,0.800473824748881,4.20950445167877,0.861507151945737,1.53541037221085,-1.41837632169225,0.31308150606597,-0.0500545351927229,-0.94194632265771,-0.451560427043637,1.98827209393665,0.475677656971169,1.50483351742589,-1.2391965527692,-0.95724225313937,0.456428794310094,-0.859687790168239,-0.284593329534939,-0.490748278340034,2108003
-0.247747858574995,0.15265755777808,-0.445551944905588,0.785295102001062,0.633121237795084,-0.467665922004416,0.548911795510981,0.503091774571864,-0.0904717213541326,-0.327977199507144,-0.105216454593936,0.320673499366254,-1.32715488846513,-0.195000576413632,-0.998554631787075,-1.43228431378579,0.919074691252796,-0.159114964038585,-0.466377928578113,2109902
-0.617816026194884,-0.80450638435798,-0.376732822751155,0.363194919674383,-0.635612574675223,0.62410156060394,0.781945469447303,-0.323781526088958,0.589218051563204,-0.0718429757055339,-0.147911770235158,-0.307807469873105,0.485220022109503,-0.102627348260485,-0.0974337216079325,0.749766594638125,-0.345819559910042,0.622405042675967,-0.473188383485447,2110540
0.274563638372362,0.49962653451919,0.705556278876316,0.813584475063194,1.1210552424894,-1.00872802921483,-0.703296274840346,0.105829324861443,-0.147406477946888,-0.24574020550632,-0.216509991296913,-1.01404725925711,0.767647503861953,0.984326387473105,-0.213300230925708,0.219439369933816,-0.507412047798205,-0.407230851738947,-0.855274244911186,2116787
0.566682770616595,-0.492787866239022,-0.348054629029304,-0.784360340503547,-1.17200817037914,-0.941994522733519,0.0859885920986704,-0.302710086075055,0.645510814640486,0.149037956255226,-0.215997302813347,-0.0183584518344841,0.057846489685065,-0.407917904453809,0.550661867247566,0.0711241771320806,2.64399918673424,-0.297210327483333,0.0633418596932137,2119177
-0.167283012600782,-0.852544559420276,-0.457014167075293,-1.92392322711612,-2.10988122384495,0.173701351427489,-0.0265298632687401,-0.35364565142129,0.865404732158834,0.496320740613887,-0.224317854956559,0.442503565411811,-0.122564564406281,-0.220156217668005,0.902132291286403,1.69317114001149,0.347190231230281,-0.0849313472149632,0.150458371930198,2131601
0.197733328555265,0.905211152208236,1.00403567770239,0.511673483463908,1.16923765527761,-0.526435162164289,0.334255825835146,-0.317040493898979,-0.0157982141053425,-0.317716922284867,-0.135997933306065,-0.955008043583912,0.845775187200708,0.910066752557298,0.532104906590457,-0.0805473025078458,-0.0789070442700822,-0.409306184544506,-0.35691832547119,2132424
0.536354711814949,0.391405754196768,0.454715604341181,1.83082356053776,1.48172088028788,0.325696079870071,0.819346261410249,-0.327770322806572,-1.42716835162217,-0.439337534960852,0.46261485068173,-1.94107737834576,0.615286813508081,0.131881057431531,0.548075363884338,0.274418688968996,-0.828195151871561,-0.0827199814656779,-0.558524340124803,2132982
0.523153803945829,-0.149444099843948,-0.277792968312632,0.746520085771907,-0.283518653351447,-1.11397189242177,0.328397955339392,0.09215313220459,-1.44461513009283,-0.431664167271052,-0.0939810077349078,-0.0894064616841263,0.91869620324913,-0.496251714524187,-0.326470204259712,0.189438219172377,0.546869183013813,-0.0858711742078073,-0.296317692827787,2133204
0.424966949386942,1.0023934406194,0.142873709074664,0.848937459544664,0.156568029443915,0.490030349384418,0.332589328889496,-1.10294162963161,-0.476735809318626,0.23654591440873,-0.248047449595522,-1.15996459225566,2.78801548649638,1.20570433652454,0.096790747197445,0.488190839089555,-0.0194523617466287,-0.373411112469408,-0.458786784936428,2133380
0.556718441174538,-1.66786154417735,-0.204137071501488,2.05569305390587,0.804506297682921,-3.94149412154507,-2.9344837854521,0.623701085276031,1.00050306743385,0.519802685406244,-0.238878272887672,0.376687533297725,-0.94011770968673,0.227637444577505,-0.171805164943844,0.841547550690874,-0.157180490083782,-0.374445788899489,-0.529410908709706,2134220
1.32451763419262,1.1203749179975,-0.450454969596584,-1.0866625711371,0.259942322153837,0.48383034562546,-0.569686369358696,0.183584467714324,0.646498893439926,0.0784069233312259,-0.203338646851532,-1.06240908530635,-0.983099790753764,-0.39366116878219,1.29207868831869,0.412802338792302,0.792962402602923,-0.354778445906733,0.321799346333396,2135748
2.02322784117479,1.10269282713843,0.0888930328453272,-0.699997147585095,1.46998693388288,-0.859120760872177,-0.221696683870966,0.338637553325639,-1.01752662953928,-0.374463539915653,-0.165609572666823,0.827166221968978,0.905775949228429,-0.500292019664941,-0.387597640109446,0.359096530063281,-0.423150461438349,-0.422174235421907,-0.0952016833595889,2137799
-0.142282279083585,0.289559552491206,-0.40790759644362,0.315642549143554,-0.874148985799308,-0.673033800549664,0.1950607939414,0.171147657958964,0.325887913666041,-0.0886082066407451,-0.149207246338276,0.553098254852711,0.0340972970384072,-0.655162479299886,-0.386966318484307,0.545313466294768,-0.62607141813114,0.606780298167015,-0.141413433075003,2138375
-0.713712735827793,-0.429136603722912,-0.456911585618698,-0.611876462246858,0.2898178983675,-0.245811412086789,0.135691242550182,0.488123787782967,0.73618182303969,-0.053370468205346,-0.201638623519314,0.349173921376999,-1.50707441726243,-0.707750780305768,-0.0149841795729434,-4.90728983040665,0.227907423770247,-0.363950892693828,0.2133922794602,2138678
1.40039453283218,-0.398917265376697,-0.187343609312093,0.0475339766391787,1.07766300620738,1.01587611732475,0.424317650707212,-0.512992985285093,0.00923240614627343,-0.128498690626828,-0.218818093587155,0.994578773297398,0.166609343761565,-1.09404357872073,-0.0276401868952306,0.807878880541474,-0.743782024211431,-0.409048082794338,0.363810033800525,2139733
-0.452675897463664,0.275471653985171,0.299026529471778,0.958504673804579,0.93707913653282,1.01062275970257,0.725864866836544,-1.28928466314287,-0.164915266687734,-0.293134932616896,-0.168809155448809,0.696824547465457,0.509355676503695,-0.529801206990414,-0.489513479658436,0.481480290233323,-0.68431920012953,-0.374890034132899,-0.971052269562657,2141116
-1.24125584384057,-0.0934764165258062,-0.260443401894426,-0.251730233797389,0.90029151268429,0.936735870970461,-0.437352988534373,-1.46988501586036,-0.562172221204126,0.224252238877336,-0.249872329452288,0.960567305481463,-0.179233216614667,-1.43583822331384,-0.141017115446076,-1.59714561604951,-0.994495140322242,-0.431593815206319,-0.00167299083251857,2144796
-0.0694982828626084,0.852732583078139,0.382285117731509,0.543385075377275,1.14446253169365,1.21787900059422,0.349426034509241,-0.302317458501624,-3.03489957258595,-0.5219682396458,-0.22549876186863,-1.4299994606542,1.21944487177175,1.50873255712199,0.172777309443916,-0.693515851379114,1.77654565371241,-0.396410641149722,-0.507383154018897,2145166
0.259069193413718,-1.93653138435706,-0.440233256211879,1.18855756553879,0.464883123120737,1.0252401222261,0.55094306463733,-0.47075880549304,0.292372728860988,0.0512424640799032,-0.209578717865537,-0.386724023212786,-0.549754749638996,0.477158532303,0.489578393846852,-1.17389000283832,0.195916421275533,-0.0960459420506724,-0.631010749762035,2145694
-0.870863497710324,0.010252480370189,0.00728865122820779,0.460497624003249,0.909811769330136,0.168008895732229,0.094105815448903,0.229594612243752,0.229274812749727,0.0868381367842238,-0.237346134145465,-0.410585908753199,0.539110752386993,2.22972553945403,1.56065123300862,0.0719384038396819,0.997570580222831,-0.387054619644912,1.31105317022054,2146138
1.05929624081955,0.114451430270202,0.0778855641322596,0.72738719770984,0.703083535204121,-0.243882546684863,0.652966089282865,-0.425270796425528,-0.141120183860541,-0.39700613639853,0.095934991677027,0.062403078506887,0.577860443102411,-0.551856857347497,0.723001919992669,0.398077710685279,-0.348684010538849,-0.0353008977425471,0.720605617771536,2151024
0.119922837598723,0.740533615986595,-0.382279837200413,1.32078799596933,0.67694913754959,-0.438411095390266,-0.0822179471421985,0.0697579602995695,-0.303853945210871,-0.384674445719677,-0.0108188107521749,-0.881731229202793,-0.76096331224436,0.609089524089879,3.4230643112125,-1.3634782777264,1.18632010508872,0.176625449691594,-0.327707865391629,215131
-1.10610906379258,0.795095733073851,-0.298295909402427,-0.609549839716519,0.484350789918018,-0.522389207770198,0.00837061343597863,0.462991217241667,1.04583167078566,0.0146622527107313,-0.226831485931452,-3.0235551693588,-0.0392543893174414,0.945336853667017,1.52832874726658,-1.91016787093144,0.951293273232881,-0.361501534273553,-0.0540261749920783,2152442
-0.756189596737636,1.17293908717071,0.0392370903441032,2.0810491318563,1.53159147829488,0.742460827361576,-0.329664461336495,0.183926725056122,-0.581778839183018,-0.404720005322406,-0.0298249623440476,0.979893055905491,1.019489424812,0.512523508988785,-1.12062908728474,0.344703597312261,-1.12511773007779,-0.390655677134571,-0.700404784480543,2157529
-1.25456427315138,0.541300136820423,-0.44917868044633,-0.683601866225293,-1.32972749705901,0.112744082186527,-0.729764919738174,2.00595075283619,-0.091133040193032,0.207326752341416,-0.236933666588909,0.969302406376256,-0.786592047852357,0.392306996490417,-1.57085545671467,1.18480459043668,-0.781753765698381,-0.409445840207567,0.392313104826864,2158101
0.427196810254569,-2.52726386688986,-0.42737874220123,-0.879068989770311,-0.608401747387031,0.379043497430153,0.159752729027018,-0.0868153923186798,1.04861056196439,0.791012844025649,-0.219898070204296,0.420039373151272,0.0768179512368988,0.813002711106517,-0.718849708013072,0.0930195206858516,0.854956930582725,-0.378989201706571,0.00668744480187714,2158329
-0.468911643422818,0.640177364270704,-0.454589189983595,-2.27426671509084,-1.54734341045319,-0.717931504885908,0.871328671646355,4.65922163821134,2.3666178108661,0.0270892919031538,-0.191181749496592,0.0928765600843038,-1.03552574576141,3.44061889316493,1.80582145069182,1.02346317261596,-1.16276492638242,0.00296455655715748,-0.0817907954577837,2168082
-1.37752784403069,-0.273697024034419,-0.422169804659629,1.15134197173568,-0.363828321874302,0.341803343479771,0.539514084021746,0.386498401990071,1.55944107264773,-0.0823626385042883,-0.119298283842698,-1.13844294508569,0.645960862285524,0.480574291376123,0.62805766021519,0.330763057873751,0.99365113337193,0.139901012679469,-0.714782623502734,2172217
0.476288773537956,0.591416211291972,-0.158628079999266,0.3032380241713,1.07098535283224,1.45050462644668,0.644088198352327,-0.899625261425976,0.299504085309156,-0.243200927999218,-0.00821038783397887,1.30299857370038,-0.100339643100977,-1.78384725865681,-1.76428681872631,-0.316061145752097,-0.573143188229411,-0.277774983295479,0.249491889396503,2176530
-1.394637032063,0.294023925501328,-0.421291919974099,-0.197434828756463,-1.50161206210299,0.581400873148425,0.286859597162443,2.17773213850922,2.00678707580339,4.04701511535134,-0.251304136421275,0.760748825816082,-0.41875399848261,0.56440612099625,0.173105146852119,0.525820096770674,-0.699471892378221,-0.395553701052935,0.997860621334545,2176784
-0.644441673161755,0.18527911716742,-0.448935702087156,-1.62734323617578,-0.481552318253685,-0.176196876293997,0.15336910530151,-0.304235989273067,-0.362374484677605,-0.1139933538235,-0.232080718159079,0.251166278460439,-0.734405595129804,-0.936908968503458,-0.344649218695643,0.294457777011383,-1.19494974235195,-0.382173655009856,1.898405917166,2181724
0.253218680210296,0.384780829677462,-0.450528743912251,-0.298584952857807,0.175855541870637,0.65666548621486,0.464649576242704,-0.350400020491382,-0.301794447929367,-0.181458021347002,-0.210362535672703,0.475495267319682,-1.46968944540804,0.0663914016284488,0.193176765762688,-0.568889049179187,-0.705757965542766,-0.381111330814575,0.67020518934422,2183291
1.09243540286196,0.429741375529904,-0.41155767199592,0.124908669646466,0.624368210886126,0.508252578210963,0.254677666867555,-0.252260447580338,-0.937253860720192,-0.303893618467,-0.219983794767255,0.700178020531876,-0.567060903790057,-0.757061475362851,-1.82884558143324,-0.231894732289864,-0.379490095275413,-0.294449600615275,0.705309362741102,2183356
1.51794657594104,1.17210700691141,-0.456970045824153,0.628690603059258,-0.464788778574028,0.0898753514264991,0.898152107262068,2.333977516355,3.24241040306627,0.0408798647738157,-0.176806653662533,-0.76740488015893,-1.27526522895519,0.738439391234663,-0.134178171650306,-1.80015531629085,-1.17652404972774,-0.289053951382975,0.00787825952381711,2185290
0.320656630219443,0.820754704618732,-0.432950677986464,-1.56940663813688,-0.767551005358275,-0.117318356494404,-0.124104424285539,-0.940095467287897,-0.3391550545468,-0.128842994067518,-0.226215432205058,-0.74177622722184,0.752900713606272,0.128162102429327,2.30785231677637,-0.047067602466882,0.975164339686922,-0.295467011244964,3.70367597813875,2186951
-0.663087695071627,-0.308874933470992,-0.455217842878447,0.524431654473306,-0.304833222189212,-0.629964974751781,-0.561989549450387,-0.404400286930228,0.0846819698778287,-0.104555869111749,-0.160973469680846,0.620945402518333,-1.20702914052493,-0.429197665634229,-0.880589205938282,-1.00988654282564,0.0354859600435801,-0.238406500451493,-0.855293735085733,2196212
-1.5190297957441,-0.242026005392688,-0.447339412298913,-1.33281838255332,-1.60196825520005,0.107358240271511,-0.137393419099503,1.76437355897935,1.35289342942903,0.185561919827967,-0.164412727601434,0.468350044788347,-0.831426260904335,-0.125035963716112,1.81647515738085,0.87766456259612,-0.177444049937687,-0.211435500494159,0.770835330120416,2199403
-1.2221812470597,-0.11606584724581,-0.444781137477216,-0.0417506025059975,-0.57201827091912,-0.629918307958737,0.43174243072487,0.292438224072366,-0.348322443300641,-0.0068172196889422,-0.242564261734192,-0.218491988690246,-1.06748683179775,2.67142961726486,0.822696915171584,-0.611596162629369,-0.923187695621555,-0.361019091319908,0.142181428577611,2200416
0.943103489150158,0.207420576874672,-0.370721080003917,1.47968388191633,1.17214083175768,0.244978482122113,0.140783745114495,-1.05532341109775,0.625084144337728,-0.335672945937849,0.368254715293688,-1.37032180829396,-0.609017563280558,1.48886326091625,2.39935987545754,-2.00997994519484,0.892053347256374,0.967016519107,-0.358077786643369,2200813
0.420919603789008,-0.235484938294477,-0.295767591132871,0.729714443612348,-0.338311476895464,0.203819260722166,0.0370000179612047,0.127962512141232,0.716513918806724,0.0848796964974442,-0.217201895815224,0.685049670960582,1.06985239426461,-0.650547562425043,-0.868359320206344,0.82269184879949,-0.483377557198707,-0.164373604119113,-0.662866472881587,2205389
-0.552891041441683,-0.115348865576264,0.734692903180039,-0.150280120841143,0.305112166205314,-0.0680474213637024,-0.00516460749484674,-0.0825486211627048,0.767111834876516,-0.141850831637528,-0.170223066812824,1.11439062746124,0.961341830678542,-1.00804212426372,-1.43440703137317,0.179083708301783,-1.00461374161523,-0.326612459123729,-0.0787419500840575,2212664
-0.0722100731305237,0.583772963549634,-0.209093176252133,0.628263866624368,0.473971127353489,-1.90575840496078,-0.129342955160384,0.141087563266576,0.353452038536621,-0.34331061021818,0.0847598601743433,-0.857929107465753,-0.651756187072953,0.592205339901665,-0.884155102399929,0.330873610432855,-0.309402123301048,0.943655543738739,-0.788512499967931,2217034
-1.06275208907903,0.894954406571301,-0.411400311600602,-1.37871492633537,-1.47013933703401,-0.576177493318858,-0.90056755572932,0.799521132065953,1.40835043333208,3.1574642590043,-0.248442442525258,-0.845410350481085,1.30237035696103,0.711070589973987,0.220446584787299,-0.519570721010847,1.06037064847601,-0.398332248957952,0.0314977249917049,2218615
0.568498504857061,0.455873116389572,4.45562206765612,0.495816727561257,-1.19684150219235,-6.94998381068169,-0.662117741225768,0.532274650294406,5.7422604849093,5.73897852942743,-0.251015255480726,0.552042619603294,2.53814715727827,0.625957596215739,-0.316403562994979,0.34708189601765,1.96726853311501,7.6427675849932,1.52862646059961,2219842
0.723298604222727,0.0116047222725659,-0.440399628492704,-0.356356552189165,-0.688418076389988,-0.203838356554799,-0.751280053292273,0.126631558632302,0.314687727186696,0.174425952049467,-0.224728029405335,-0.410439794831016,-1.18083767800405,0.445105484226393,0.764454702718766,-2.35629910276199,0.296265003750393,-0.039168794976277,4.36224744125199,2224150
-0.687560892881554,0.89020098550631,0.581514401684796,1.3548055660285,1.64479010012812,-0.1843421177172,-0.271359038324399,0.498010714046711,-0.881918525745279,-0.446618771869561,5.76491727752203,1.56611155864723,1.00735132241917,-0.755976042895641,-0.765307767802011,0.514584179722622,-0.273959945081458,0.0922303093553894,-0.479528954469297,2228399
1.66106620624841,1.65266438841416,2.87142577535315,0.910859987075867,0.898980150541563,-0.520858732567022,0.0434425210468823,-0.80995077457454,-0.928430282525029,-0.387794923157975,-0.133116032392854,0.972783590205907,0.649898604386761,0.228730274192791,-1.08239383074619,0.599704964968715,-0.708673288797231,-0.128803493445924,0.0906961516396077,2228400
1.6494987473633,1.15842245730547,-0.156673660763094,-0.299206090166731,0.195190656895379,-0.149897920961833,-0.245732108741763,-0.510268698486946,-0.470866143408253,0.240845439907848,-0.246041236443966,1.19992720396658,-0.46223767341195,-1.5361574033421,-0.983205754221304,-1.21697356246332,-1.18853708226946,-0.429563882207204,-0.2647182915337,2234271
-0.8321623964462,-0.76556165641524,0.0505899324505814,-0.518627892655221,0.0354087222908436,0.545116088784106,-0.651523580186527,-2.96331901280177,-2.647648656943,-1.23267152102526,-0.249325948353117,1.31544820762576,-0.065243899075802,-2.65154218079517,-0.494714741386034,-0.0328318455609599,-1.68083439586671,-0.425654290559663,-0.370834388662293,2234422
0.114954038673127,-0.438499486140546,-0.453618530142232,-1.9175113128635,-2.13652455673179,-1.90139816218775,-1.64791592965015,1.15007371754604,2.02198414042399,3.72054164238054,-0.246162517807733,0.705171892314258,1.29201254523102,0.0438897033260656,-0.882593092003168,1.12174838832376,-0.1666344907216,-0.200271808491445,6.55613320636404,2237571
-0.919247818092319,-1.25805431912773,-0.440310987311067,-1.25898139943878,-1.25507515011004,0.653134398330116,0.148332996336267,-1.07962095729148,0.0903351897654875,0.104918019790759,-0.231993574232094,-0.878114396635156,0.0144310577528207,0.221704581915341,-0.078330592180614,-0.186368151795626,-0.166073376865742,-0.33964516651614,-0.0899725183543581,2244172
-0.203736271618637,0.907354639001358,-0.435400623585051,0.554271430106124,-1.10144965068685,0.472829748356199,0.397528066106927,-0.320457015701915,-0.462874487370987,-0.282139923519953,-0.180622987748614,0.67970696203324,-0.596453432312366,0.0787022816936297,0.0446702468605404,-0.15429036121436,-0.623381206439564,-0.263765203800252,0.314750096288495,2247869
-0.695700446377775,0.409361590232367,-0.427896733958787,-0.343807694696357,-0.944348499946689,0.426936317410472,-0.445625089885994,-0.0931574600625933,-0.10381652227129,-0.126159520903474,-0.220283594049521,0.749019998117883,-0.526899799721626,-1.31097585578106,-0.585383748764609,1.72854748712179,-0.506207053632987,-0.328886834167831,-0.601352254245967,2250648
0.541942148896799,0.875103167145701,-0.452502049586872,-0.124649401523334,-1.03515698099983,-3.33875098058315,-0.2292736153022,0.129441822201189,-0.55111655191845,-0.226090757361681,-0.22327492617471,0.355013885580722,-0.252321792465887,0.0617520752927958,-0.00491805749905706,-0.598953054551906,-0.86457436451671,-0.181885909144526,-0.537951239531005,2250836
0.539276246996907,0.772288023866177,-0.396798752654931,2.05369442049602,0.610115873173844,0.645534351326244,0.649318028642413,0.415559905701496,-0.535059843827141,-0.41669863252628,-0.175166702477318,-0.475960127459645,-1.16404392807709,0.116330296265307,-0.776910765162486,-0.173899191356758,0.0164603143568324,0.121121060383547,-0.305667913359705,2267382
1.91339963528162,1.06354095701452,-0.434768555790683,-1.54683532161003,-1.49673475150254,0.109731107068464,-0.112768124226091,-0.968310753508249,0.544860303337745,0.970745362244712,-0.238831613023046,-0.393712435222717,-0.894022689307995,-0.196334810615785,0.697336154738279,-0.951634524673445,0.867146062058904,-0.390323395242296,0.348995144937049,2269346
-0.633088235720373,-1.28776183992932,-0.245968859930104,-0.406172337956307,0.221022977474505,0.784816785710627,-1.05815029123618,0.101501397900553,-0.739794081787175,0.0614470620789526,-0.249510786134978,1.56336789107211,-0.255034832981637,-1.76092715811882,-0.861531337237391,0.949845508596836,-1.69248767568208,-0.428638522656238,-0.104686176455006,2271329
-0.257065639860176,-0.0923441358933407,-0.446977211387659,-0.660283585906952,-1.50730652124011,0.431681229895126,-0.0484341949584965,0.154817273708401,-0.593112619550191,0.361326620612632,-0.246171074979921,0.475999985336682,0.531252845451355,-0.530961006275051,-0.25555931388653,1.03294687976542,-0.651983381087061,0.545851793759787,0.606909236063339,2274521
2.19875908568504,0.643139999775248,0.885195612926831,-0.456486365215461,0.653466497438197,-1.82200340449931,-0.80048651066853,-0.409021022529151,0.334105714639084,-0.278065186643846,0.0370298755898129,0.59348012235491,0.755486281124558,-0.601396028018075,-0.822622114304971,0.299553292619625,-0.68311990404264,-0.0822999352450023,-0.334387981921146,2276121
-2.85639027808308,-3.76110818991315,-0.370267340776624,-0.17414629133457,-1.77204265444799,0.380479283216263,-0.743154551272341,-0.206801291898873,0.929776040192703,1.08592624560016,-0.248119648655839,-0.142998086430308,1.18591424736845,-0.517158590571819,-0.561670947358079,0.745041542483674,0.251546720188364,-0.386862937524076,-0.203354891016706,2278618
0.539862873073797,0.698403254834508,-0.412139821380286,-0.861394696998341,0.528230126591428,1.26974598995607,0.46155128803477,-0.785268352251372,-1.15713700333215,-0.495557735021664,-0.212523227657442,0.823267098226008,-1.22657958908219,-0.952649428291993,0.0201351682370586,0.3291488994267,-0.413834229457681,-0.366021892495415,-0.254285802691735,2285214
2.52364775839715,-0.949758822103754,-0.418370083126225,0.530804863652813,0.351440751042773,-1.21633846885296,-0.249856626605471,0.762263237326194,1.05721234722192,-0.236382944362678,0.00336770273449374,0.141747974124324,-0.851105868805425,0.659759937868699,0.823807363503112,-1.03942988764854,-0.181318704961513,0.661028913037968,0.333855861127978,2286108
-0.291287011055267,-1.75140480459153,4.10403470343727,-2.02117937702652,0.797988614805869,0.323887766030084,0.370218859298253,-0.336657304630283,-0.627467129439331,-0.414683276436655,0.546724700205939,-0.300339512474356,2.09099431998135,-0.217533667265259,0.187564899786268,0.383222393215519,-0.0948690520030549,0.530484558896065,0.596436324923708,2293123
0.563706641428404,0.421003506466283,-0.235709636027919,-1.25554927722514,-0.395937687972873,0.419553276554964,-0.147369541101032,-1.03981069574375,0.473984184321276,-0.182689804569321,0.169189063010377,0.996120895141821,0.0408112154208215,-1.34864513350157,-0.888201293567234,-0.567107364714131,-1.21189724966998,-0.243639513319686,0.610227740969797,2294852
-1.97666508107272,-0.374543646026671,6.52725124359305,0.399203015640102,1.32828045157887,-0.441633393364692,-1.87832370131064,-0.0893429552672335,-0.679120146679425,-0.408643992609898,0.0601889102608707,1.15607098382134,1.83901090996134,-0.0444597849411085,-0.181020619342459,0.316731899542477,-0.671757308494167,-0.412335786261276,-0.528335316444906,2294873
0.813990492972651,-2.3837550329073,-0.295299915659317,-0.132178713944468,-0.409872871915428,1.01772236924123,0.61791636256119,-0.585876379226125,-0.380559694303352,-0.336347320297529,-0.0133985125057686,-0.171153853685532,0.153162317744595,-0.222977196069406,-0.414942968735224,0.433080111520078,-0.583075403793312,0.649073154856877,-0.0881866878832498,2296332
-0.617305213830632,0.0751943648105785,0.00277213558690635,0.499047385884822,0.790878089952078,0.096828736931082,-1.14246058873351,-0.815443845543622,0.328508452777416,-0.0576399361109418,-0.224105110490143,-1.73740006556829,0.0374909842092638,0.404303327359192,0.807182427507343,-0.175278952298302,2.37793285110731,-0.356249275965047,2.09403333115665,2305114
-0.139833714131575,0.775643423700017,-0.451859557849819,-0.427602702719799,-0.582615724610835,-0.0552573415158864,-0.103986379389375,-0.85798850623589,0.0924910559967543,-0.181288267661282,-0.17697855909658,0.817835414195318,-1.34686979872976,-1.2717212947072,-0.309290210290695,-0.980774949944792,-0.674981067442385,-0.378801868154496,-0.456640890305494,2305115
-0.640855993832845,0.75153658519025,-0.43940997309696,0.0438232764548537,0.043024214499568,1.15195662278515,0.0820177305026175,-1.02856376545406,-0.0517814532108422,0.00870755945684785,-0.227983430590893,-0.674595179175663,-0.694198447172716,1.02702100689961,-0.149939555498466,-1.31680781145614,0.0190690632191935,-0.281633172513954,-0.696245138485813,2306459
0.203570671538286,-0.767658965030854,-0.330400523437404,0.3434710112323,1.31279003682523,-0.232978840317067,0.355399468249306,0.188671659579815,-0.200592816024144,-0.32672013738862,-0.12238736735206,-0.659823719427733,-0.284576984837921,1.55282600063988,1.14967866730714,0.180673290412344,0.828370524535837,-0.353425987254608,-0.463828454821135,2306893
-0.191556399672449,0.243969372984885,-0.276509661606363,-0.0561428121699284,0.337255698818212,-0.846515403388178,-0.89092454600445,-0.757241076642063,-1.29207145747228,-0.487721894607952,-0.0583313260927299,-0.840038020411411,-0.0042418280797313,0.138918002992657,0.715319629856311,0.266235224338654,0.180563676424467,-0.307812475326548,-0.634451858955094,2317120
-1.09180830678795,-2.03238042612473,-0.448809560346103,0.00650938537279932,0.120929267056305,0.0386661859031703,0.691907482649585,-0.260467711477176,0.260742436711903,-0.381532271664561,1.30078908630449,-0.297208320110509,-0.606832902796737,0.366069099877031,0.397762320718493,-0.91938544348137,0.199681844475399,1.46750298065867,-0.686164345803997,2319068
-1.02363260051183,-0.217844614023328,-0.186125703011258,0.373111042543771,0.715095905116991,-0.487647687475408,-0.31061852854151,0.437802863572172,-0.494314899144093,-0.36145609168518,-0.0825822418226966,0.695535838099554,-0.729973339021051,-2.18962385604095,-0.353132834952336,-0.132038413412684,-0.401985157740267,-0.382635139510664,0.153885280508144,2321962
1.1531500899533,-0.26831788237598,-0.418860131880951,-0.434252124145452,0.0406167086473571,0.28659086256031,0.373997113034778,-0.2648932122069,-0.0563878773963416,-0.165931744435502,-0.1720240344671,-0.782485361462199,-0.967581897756672,-0.602688499545247,2.53649004923227,0.423979329642277,0.279256718748269,-0.212909615463442,-0.399295833130204,2331869
-1.55172518519924,0.230760826680736,-0.4556586084492,-0.692696702369951,-2.18437490676043,1.07104812830772,-0.10915606174586,2.6653748929016,-0.817891128042815,0.00473053760481983,-0.250391677759949,0.703852023836768,-0.288774721871394,1.2325407474107,0.0541303370708861,3.16570150369409,-0.500735723852672,0.00220721601000862,-0.182937355948219,2336735
-0.127958884354283,-0.945154726842479,-0.457214516689531,-0.224899285434126,0.1842302624553,0.269513057738219,0.192804081937668,0.156854131532321,-0.674761547753832,-0.326686200461632,-0.0439244448778757,-0.699315992501036,-1.22563866464979,0.837371298557706,1.66980015562312,1.1952693327784,-0.281484149518008,-0.355303427722663,-0.0941156365553337,2339674
0.50339627053265,0.732005094265476,-0.316883417055711,0.348600184691407,-1.11318746749155,-0.711840461710797,0.29776831353928,0.931238071753087,-0.398340561542413,-0.0355460904598768,-0.220165722990741,0.829006761378398,0.257442781906441,0.327902402067043,-0.805424636132861,1.15404260531259,-0.067081280742347,0.653421413661717,0.553594778729873,2340155
1.96958846517751,-0.944405281459701,-0.4481200550148,-1.75278479230521,-0.105746463321863,0.0516573127967855,-0.226281335109841,0.0294330770319442,-0.192579390501902,-0.196263924678369,-0.226043397504734,0.305949199913457,-1.17273560219575,-0.724539375697117,-0.221735469465917,-0.105110926534418,-0.31166870395044,-0.305533028881973,1.64418363042534,2340322
-0.139390090326512,0.367452056586285,-0.458184960893871,-1.10040168386692,-1.60857374977051,0.86867649999325,0.936590425793006,2.33702518731961,-0.0261903532782573,-0.204999610505518,-0.222183353811415,0.660128778848943,-0.81947773470427,0.609465720626351,1.20136424702845,0.340274850392682,-0.634102074461452,-0.364702133226826,-0.439483866149719,2350037
-0.862059535026258,-0.456467542275666,-0.456482764897635,0.326405409324977,0.802033514897296,0.32256128771724,0.0658980919990816,0.583327630785536,0.0233283891520511,-0.318541048273622,-0.150355592697095,1.12307073350628,-1.38966132507215,-1.25142702993527,-0.934829566836048,0.528177747552779,-0.773598315844063,-0.306282178578524,-0.414503918052714,2352038
-1.89267169000539,-0.0223913097374272,1.15271531394393,-0.374234151839856,1.09511483409787,0.638291019949093,-11.0570350502319,-5.21909485205688,-2.56971584634183,-2.74855631667896,-0.250190745067912,0.797720776106022,2.43690251542354,0.330721420919253,-1.65244153318074,0.0603725262936704,1.5364282318044,-0.407788366589548,0.0550119427033077,2359944
1.34421087219511,0.45466556409401,-0.192391308489411,1.09876942986547,1.53148059357878,-0.385225451503595,-0.15217098676227,-1.14874336166211,-1.06866075368839,-0.405905476265277,0.158740685003948,-2.14930371275539,0.892427757861361,1.31046134979893,2.27302011426648,0.0092605089013234,0.349325913455293,-0.227517535579303,-0.627133518782127,2381907
0.22264066912452,-0.00957512792335869,-0.458318992212451,-1.17533870152828,0.682027495913546,1.04742511892851,0.588880505489882,0.959738783689701,-1.23569196616298,-0.431325035093778,-0.123610231136264,-0.481526227822014,-1.39579075365176,0.576035880121859,1.00302150701867,-1.94227037873474,-0.175316845868616,-0.306135800140204,0.937748455670042,2393207
1.31627321782052,0.133628217047494,-0.456188831117307,0.434972100216359,0.442884873618815,0.45459789294844,0.351652227269816,0.159591432118755,0.0484252308964468,-0.298211764360641,-0.0796747031854819,0.397066464260263,-1.08496269142031,0.093246574620007,-0.286059593441499,-0.843356212109916,-0.286455431018325,-0.140382813554676,-0.330613516326078,2395415
1.41467117645216,0.665610809008631,0.0172631571515684,0.773257297842835,1.66154706903208,-0.341567541205393,0.218873334116567,-1.44099549346955,-1.06287496426089,-0.432870533882227,0.556084472305442,-1.5918895606898,1.13024192617454,0.952363380165278,1.58281009805028,0.283536336157033,0.000519353497129168,-0.217364406922115,-0.405224413654215,2395943
0.100675422007309,0.0837348888214994,-0.407831159282675,0.301603402075497,1.2678569757225,-0.526311967564247,0.449957121959485,-1.08510231835382,-0.352207105360958,-0.410771348612118,0.60467327317159,-1.42943763583218,-0.962161528270975,-0.00570872659685784,0.703085754831692,-1.83029271320302,0.982093117275223,-0.156991618261952,0.350235404438581,2401405
-0.234489911550754,-1.17429347299147,-0.457586319085021,0.73344509418635,0.406264947510027,0.309138732465504,0.299621507667421,-0.181807127680812,-0.778431933987851,-0.395566736697527,-0.126946778149572,-0.0542621580137157,-1.22004808412755,0.25355464024915,0.76843367562823,-1.7203681235647,-0.241302175784546,-0.174517042187267,-0.705399104856518,2405144
1.84582272703373,0.523459501543318,-0.457284211266109,-1.42195228576687,-1.29938980293588,1.32405765424346,-0.318785525550711,-0.426426872225691,1.34699020797291,1.81812742724804,-0.240349608603348,0.700306318285253,-0.854033937719035,0.0241864252517292,-0.737497197995503,-0.674707539453199,-0.889788886313419,-0.333165302149365,-0.136156347211886,2414406
-1.15679195736495,0.572472224931085,-0.241672986653039,0.73239998536126,0.532780975909285,-0.87849123484945,-1.76390362524035,1.32827394361178,-0.500696295461317,-0.293625586397981,-0.150128838989012,-0.697842851719009,-0.37197390316342,2.2271452774744,1.6285166942543,-0.505263092818798,1.29003574526582,-0.17966415498574,-0.183004152207889,2419459
0.82679579136269,0.443639886423912,-0.450269673667964,1.35059236493495,-0.104669583292768,-1.47518105179123,0.147812987183489,0.910512517594673,-0.344587953437108,-0.366198217480354,-0.104728343830452,-0.493781397660502,-0.275458760952589,0.0664539708990976,0.676783661645083,-0.74343405053735,-0.807076526453361,0.104462493841486,-0.541524653815115,2425694
0.736883658734762,-0.176762961165203,-0.452630099568291,0.847188210307525,1.01860320360153,-0.0915885196113317,0.661547732199174,0.29226348452353,-0.664370932712605,-0.421238734073381,0.561190985148225,-0.695409610487203,-1.00827683422841,0.284794940771364,0.547231885099317,-1.21572899922194,0.242714251823761,1.33774116678299,-0.74042015500823,2426863
-1.49381139377744,-0.416680477354883,-0.325947427223732,0.000186983525937948,-0.411610822069563,1.73179605658753,0.36444580831941,-0.0980705378084725,-0.453232195923092,-0.0774517680943854,-0.24311364707357,-0.0744182600631883,0.647311470071978,0.718835201325439,-0.223380571132303,-0.885658571220065,0.701341972680476,-0.351859264026624,-0.740090719109091,2430773
-1.31416175967289,0.63410524142317,-0.435824653030998,0.265381710793354,0.306682277637441,1.08898205706456,0.028568919144627,1.37082359353929,1.16948592435372,-0.20823563516386,-0.124161443792853,-0.0534604532908761,-0.828096337390992,2.19122125160086,1.12299465822376,-1.12980297117901,0.533394904879691,-0.308671083897922,-0.463667563886557,2439458
-0.567420395921231,-1.26244429067481,-0.453822946464662,0.373794761188922,-0.0316861642405686,1.70284323039397,0.696931314104226,-0.724233131961191,-0.792500446637464,-0.382219947119616,-0.188068121827892,-0.155071439557539,-1.11328479923913,-0.560607015316733,0.409767044429554,-2.25143433554305,0.111126862604503,0.000116715067966956,-0.540743064331566,2443354
1.55182614298489,0.477360272551875,-0.457385662773425,-0.538395319166126,0.234465284092002,0.640830646384766,0.271657229042375,-0.486766180649253,-0.794571060719068,-0.432103736059588,-0.137976367186601,0.8915848742849,-1.09757079306157,-0.487760263055203,-1.16239360841892,-1.01455602710023,-0.56143239041745,-0.0796013500130228,-0.108444852642565,2445526
-0.351101280563554,0.272205573736954,-0.453444421634447,0.401469050855929,-0.0989744210833747,0.521701988852601,-0.422311889828352,-0.166010208123012,-0.968945814729972,-0.391589513363687,-0.172735848536606,1.31231400075324,-1.08549783979571,-1.28525931771861,-0.41409230291519,0.417348997083376,-0.447651325805533,-0.146192042090429,-0.638905746040532,2448298
-0.361514137863114,-2.38998414409896,-0.445794185628402,0.32080788859443,-0.627140596612993,-0.118228793873911,-0.959919448447282,0.57010690088774,-0.138989845214551,0.00748597032983691,-0.232435330537422,0.966143905565844,-1.14572139153251,-1.15636075896717,-0.777739033575029,-0.090883295120363,-0.952836978947467,-0.407036815723642,-0.522700499546484,2453577
0.472670527850297,-0.100323023137846,-0.447872229708424,0.879405328472496,1.19443150472539,1.23756256680771,-0.0275326284409807,-1.30484431785524,0.105449695326525,-0.214062432068557,-0.174998485870903,0.856996491360935,-1.32454362388823,-0.915982057587458,-1.29388469969278,-2.22975908797382,-0.314691189412276,-0.36295403426389,-0.445496027328021,2474709
0.749901273636176,-1.23624195781727,0.139945511200863,1.48426837620559,1.64683522747928,0.563614231225629,-1.12476320663517,-0.157655376701489,0.327240572239495,-0.304087874238592,-0.0162605329001046,-1.30254040961445,0.653331771806283,1.2555254229089,0.307750170591216,-0.247842425487106,0.874416596539483,-0.34976038524758,-0.208547296702661,2480056
0.193263674368379,-1.58711395959706,-0.45599169703441,0.405097464572545,-0.206872224858113,-0.443689989703917,0.819095317590542,1.13003440987523,-0.280599814230431,-0.312750410122349,-0.159840293689289,0.165044577410902,-0.788396004206784,0.607335267559862,-0.493482701006851,0.271650320784278,0.984798593587666,-0.238427734145334,0.0521933226483436,2480330
-0.0481956293222905,-0.268918247698153,-0.457325427642307,0.137213674533498,0.512535683136098,-0.480697014640067,-0.29083639192688,0.888164792863892,0.0453189789519444,-0.182607216128249,-0.115517699344226,1.09960314761833,-1.32651818670479,-0.584556131098576,-0.882215574686796,-1.24446802519505,0.163361776883422,-0.289355880720917,-0.472422218748368,2487135
1.37569583380687,1.00425457942112,-0.232465647575831,0.950451732080724,1.00871622939377,-0.0228641442151056,0.00547286958388723,-0.764926723452528,0.00206345799524702,-0.373427965318065,1.29463000550251,1.43561298237552,-0.59801418936784,-0.826695751288101,-0.431802012582673,0.463297025216462,-0.907741225350188,0.159363758788476,-0.556551552610253,2488660
0.902994630103884,-0.492029771222744,-0.387264530479171,0.878262943115201,0.22531642193536,0.0964156017269079,0.134935703516222,-0.151893069550598,0.407576038910188,-0.0514457109823176,-0.220906968143103,-0.176345108459697,-0.262948150126132,-0.229494477570753,-0.00689349179681268,0.162454731928389,0.529365867417301,-0.244711975627413,-0.93513847417283,2490180
-0.294899069975743,-0.854320159610576,-0.45520326548012,-0.441077156965668,0.575126782278937,1.60620457938191,0.760024328735018,-0.0720667507436139,-0.470345221834004,-0.347758055829183,-0.13015885762131,0.830835851658665,-1.23768374487179,-0.643764406029719,-1.0427442729781,-1.10689212462071,-0.370904960178365,-0.302603074606148,-0.873240893916749,2493534
-0.100433356391248,-2.86880730404454,-0.45456310081937,0.291734660366185,0.290182094046198,1.57870001372901,-0.048794868621438,-1.44916043051125,-1.47265792844987,-0.466157925936305,-0.244440896339488,1.26427582163787,-1.11584268439737,-0.765505364006664,-0.604679754825311,1.66179332123767,-0.516078534658004,-0.365575097446229,-0.878106463850471,2498991
-0.755239235123256,-1.6079628649701,-0.45200033545633,-0.347608214089521,-0.281486549902646,0.652747240690145,0.163289053049407,-0.193792363577421,-0.387225714023463,-0.289315555227755,-0.062219355316636,0.373450804214321,-0.6891173009235,-0.98208785448369,-0.94124173303473,0.221464439091552,-0.918817837552512,-0.236636744448636,-0.25575518658218,2500377
-1.25197409909961,0.55310658377489,-0.39869599877788,1.05463663270069,1.60354421072091,0.329675770001162,-0.145577102845213,3.30696680446392,0.414746352018393,-0.276106409485639,-0.126538440062241,0.166372812607179,-0.814549573102378,3.17470762047902,1.28836482147452,-0.473948495613956,0.65373007568757,-0.41911470700317,-0.493640508901728,2504802
-3.79670018584728,-4.22375187549332,-0.385763529125023,0.444721789879402,0.170217920651353,0.671697818067592,-0.411820385250342,0.948263937373621,0.291959482682246,-0.118172207553458,-0.200334720082357,-1.00178531782868,-0.28516195567977,0.92170302322187,0.0425191684130381,-0.520151143242792,4.16764187754389,-0.397499134134933,-0.569546763304972,2510402
2.26372465268312,0.35315599901327,-0.435510403359223,-1.38618561950421,-1.12152596855669,0.937162927712854,-0.0116677414262749,0.108047184251175,0.317555808271073,0.217947224812891,-0.219082440579595,-0.123995918257481,-1.08177591849829,-0.718855267013708,0.202969028094768,1.00917074695708,0.772756396887877,-0.2831726095096,0.422473577272131,2520618
0.336194459088358,-0.591094040315178,-0.45793414911153,-0.384930015751804,0.646979872148545,0.716377289765693,-0.0531824810907618,-0.361560559856183,-0.759451103924873,-0.314775679780958,-0.150136294515688,0.673999734135622,-1.53507912556608,-0.684527954177428,-0.269181665333049,-3.8432886481656,-0.748182328937068,-0.324476755487931,-0.207294538248642,2559453
-0.0672728137197762,1.15822163328708,-0.276413783880726,0.442327897970835,0.026920968060138,-0.736406072528901,0.541640827739562,0.346234043692936,0.447020802973874,-0.0697565172578039,-0.222205026447357,0.534144403002714,0.690890212874559,-0.281173792699008,-0.377743489570158,0.631431753959775,0.295729566362954,-0.116635463107305,-0.687513922769951,277752
0.580589613312373,1.09707464192926,-0.443283005622588,-1.84837785370617,-2.60838174230298,-0.753920031149022,0.461658246085365,0.114775013916178,-0.139016685643248,0.60274252115688,-0.238603544428309,0.562757435658482,1.50702171943,-0.0422549544034655,-0.449037139367726,0.64792099808432,-0.959373418502187,0.1734021371982,2.02297392803671,308862
-1.39493495039203,-2.01245813002991,-0.434015044942702,0.0782739599722228,-1.1199650057325,-0.390872636061242,0.25827689341459,0.340552509133813,0.753359113997074,0.569768144388493,-0.214980126203074,0.61757959333084,-0.332771242718804,0.291454686705984,-0.308442019035115,1.075151418438,-0.612815645359074,1.46622574890321,-0.291525050738881,58325
0.529403347061317,-0.381554960253218,2.36249404426632,1.64009739090676,1.0014424273389,-1.06742500802422,0.0254013745726772,-0.228751931229122,0.917628139905419,-0.149088911040078,-0.124549531465071,-1.45940971504883,2.06731490314295,0.590883225344618,-0.148768401730025,0.373623625169531,-0.193351666015416,-0.314507048364147,1.67258937269768,92173
-0.479283640008561,-0.480345683958706,-0.452842109542288,-1.85906997254509,-2.40494359012507,0.959589828842621,-1.22442087327989,-0.107931120691074,0.0838206006031444,0.989156781205193,-0.248099077383315,0.446421786983677,0.71648333677495,0.129985096220245,-0.746768457653662,1.2767420146304,-0.926584769836175,0.033195534088764,1.27051124477032,923666
-0.89555435100099,-0.0157551088468639,0.890611871586194,-0.460578321862852,0.824807633217352,0.46320834991473,-0.211321675767568,-0.206421228280534,-0.449083256637154,-0.195765836130337,-0.20705313875462,-1.26189827517704,0.731646817803779,2.12801055227224,0.225152280407318,0.450783643237782,-0.104496727934003,-0.399430481452467,-0.162688818892653,965005
0.107217733430785,1.1038587136652,-0.159767043818846,0.380281868475235,-1.09919481060838,-0.473369467424839,0.494822318753817,-0.150987618264645,-0.186005449288291,0.094904196551755,-0.242160968657455,0.268442077972233,0.11935494317052,-0.120216466134165,-0.393495608687488,0.923641138072205,-0.732104353472731,-0.300968559938369,-0.389959774867853,983079
