"mkm9d_ptv6_original_shape_Sphericity_250","mkm9d_ptv6_wavelet.HLL_firstorder_Skewness_250","mkm9d_ptv6_wavelet.HLH_firstorder_Skewness_250","mkm9d_ptv6_wavelet.HHL_firstorder_Median_250","mkm9d_ptv6_wavelet.HHH_firstorder_Mean_250","mkm9d_ptv6_wavelet.HHH_firstorder_Median_250","mkm9d_ptv6_lbp.3D.m2_firstorder_Maximum_250","mkm9d_ptv6_wavelet.HHH_glcm_ClusterShade_248","mkm9d_ptv6_wavelet.HLH_firstorder_Mean_247","mkm9d_ptv6_wavelet.LHH_firstorder_Skewness_246","mkm9d_ptv6_wavelet.HHH_glszm_SmallAreaEmphasis_245","mkm9d_ptv6_wavelet.HHH_firstorder_Skewness_244","mkm9d_ptv6_lbp.3D.k_gldm_LargeDependenceHighGrayLevelEmphasis_243","mkm9d_ptv6_lbp.3D.k_glszm_SizeZoneNonUniformityNormalized_241","mkm9d_ptv6_wavelet.HHL_glszm_LargeAreaLowGrayLevelEmphasis_238","mkm9d_ptv6_wavelet.HHL_firstorder_Mean_235","mkm9d_ptv6_logarithm_glrlm_LongRunLowGrayLevelEmphasis_234","mkm9d_ptv6_wavelet.LHL_firstorder_Skewness_229","mkm9d_ptv6_lbp.3D.k_glrlm_ShortRunLowGrayLevelEmphasis_227","sub"
1.26304919603012,-0.226636500549841,-0.36203107663604,0.125550552237636,0.365207109959007,0.162049208755399,-0.617704490560308,0.587865271323188,2.06550086879087,-0.14768396306319,0.533660949120855,1.08449175703059,0.674422158788171,0.300005727762863,-0.225756624770835,-1.02919487134367,-0.143228647985859,0.67841727995601,-0.292067313507039,1085983
0.533656452086097,-0.171553449755197,0.248649415334945,0.427685176592626,0.144580484158304,-0.879431118786018,-0.425940618019233,0.442179171724301,-0.106027685094933,0.832977173793642,-2.78638735256871,1.04608067972077,0.933771566853109,0.366022201800957,-0.404086030085462,-0.36528913440376,0.166346042756042,-1.34978168965446,-1.2813737371743,1125173
0.539696920621081,1.28792595432517,-0.839604546830234,1.18741690761654,1.15346267223635,3.98354328700559,1.27873482843725,0.517644033362562,-0.953423799245323,-1.17088215502972,0.820202018804136,0.902663723542384,-0.569862858287236,0.613769470458658,-0.320810304044781,0.0878347053140417,-0.390465092431659,3.36462318324818,2.28293093047516,1154608
1.18032951532809,-0.462291036212107,0.257441316727672,-1.46760616993814,-0.141449885354119,-0.0895122389968379,1.11369954077107,-0.256891878698906,-0.218950578900214,-0.406350364684337,0.598621607698418,-0.846730458648918,-1.02192344261342,1.93481124134627,-0.385371781900755,-0.422779255306609,-0.400199496794263,-0.584915709397002,2.17355905986592,1181124
0.0369798798511974,0.0333735119366967,-0.789036895840769,0.299961143901367,2.06058237840623,-0.0878182683896866,-0.617704490560308,0.211043128067858,-1.08483477406107,0.430203073830755,-0.362329395659894,0.446691827968147,0.212163162850265,-1.23080064389363,-0.361746373570079,1.90779296039555,1.33618658110603,-1.63828596401968,-0.380194359937725,1183075
0.483748936614683,0.101240458596129,1.79553530848022,0.0456797922845806,-3.19458846164441,-0.475355070594882,-0.617704490560308,-0.400022740567271,1.38122829347008,0.832539564123758,0.472120480481516,-1.99401011449895,-0.855720389279238,-0.108154459033432,-0.270597151542222,-1.43152750029293,0.912595411984753,-0.758380329756142,1.627713714697,1232870
0.636835331859607,-3.90959548932735,2.20063680351438,0.340156732030511,0.645163450931013,-0.17565053015941,-0.425940618019233,0.320556490919938,1.50843005934237,-1.3861038250828,-0.372180610332684,-0.15453376087924,0.570053544796631,0.212869957808018,-0.162624057117572,-0.510271584513505,-0.140617876013607,-0.684350904636643,-0.145264660076947,1279943
-1.57371086894662,0.644271602405467,-0.765389272824126,-0.206975384667179,0.715184724277307,-0.425079597083724,-0.617704490560308,-3.20127911811246,-0.420143012184075,-0.421030731120353,0.739633590020391,-0.790842929088953,0.178684703394579,0.82408958853981,-0.357826867912525,0.078688184542943,-0.350908349942199,-0.192272565908544,-0.257227663625214,1329352
-1.19026639050154,0.704349948315512,-0.772611194554783,0.504727059123344,-0.109302615984412,0.444363049643622,-0.617704490560308,0.429950458855627,-0.290205356412149,-0.0194893375805986,0.0507124299609906,0.608678306224126,-0.732389993234821,0.609612894600965,0.344564966014616,-0.583363469806209,-0.338161459904669,-0.662232783711043,1.70182985821668,1330263
0.90192016753852,1.26336773509706,-1.07428945060033,0.266475569042585,-1.07932731991836,1.36654652607791,0.184561299509958,-0.912564985410471,0.529905756211681,-0.398913577488023,0.229420443558701,-1.01360954142503,-0.358086160746284,3.96165957807528,-0.356087849389328,0.474921715590929,-0.387066419211572,0.981539696118575,1.51392517852367,1364384
0.312723833355372,1.14337424098616,0.833305024204187,0.450195306548009,0.718410203438641,-1.05196950494775,-0.617704490560308,0.957179477599918,-0.51186179562866,0.0826323454986673,0.0954591729717271,1.6055724693007,-0.890451792802934,-0.803733240145139,-0.314018031294658,0.0746375760058856,-0.195678634048998,-0.0210464158710217,1.3795838142042,1386095
-1.50459136192332,0.652287696119155,-0.390480859407589,0.36715385296008,0.381302662548708,-0.508818193398477,-0.537770407009325,1.16641170509387,-0.998671355580227,-0.517150043122069,-0.644560418187276,1.41365293554314,1.43873675804931,0.18015443329849,-0.401893427179293,-0.759106502479523,0.237551978090513,-0.0916653530125165,-1.28469080245254,1458656
0.627867234430281,0.542929097385772,-0.707168572582179,0.178274098101055,-0.0470537386625597,-0.209983410351403,-0.537770407009325,0.281728094051674,-0.368469449300606,0.620514220848631,-1.19258984064034,-0.764814256566887,1.62487878766602,0.179615533032948,-0.168601882429236,0.581909593229173,-0.268302199913122,-2.21316137344936,-1.22414643710505,1485662
0.693249085581562,-0.571458672242196,-0.0614153595475765,0.675565200275511,-0.849442041714287,1.03235891789058,1.00872702326127,-0.202318709669971,0.963587457919292,0.0789086079548822,0.227723928235354,-0.987519672644195,-0.411255375682503,-0.0391189273138904,-0.30143541419305,1.09144515590552,-0.389605498112796,-0.594847034477362,-0.0270226988073986,1497807
-1.06530084495932,1.00744020577191,-1.29490425827219,0.526486073001729,0.488122684693883,-0.240335814272024,-0.425940618019233,0.58227033660145,-1.60614491573976,-0.82933258417994,-3.20429037136782,1.91302853421154,-0.412871256945372,-0.626689569245186,-0.388999257133257,-0.233767566494762,-0.00477107555982988,0.374382805889863,-0.133954391631514,1501387
0.736488031819407,0.45846540943566,0.106277489402582,1.1182328231996,-0.863794427566847,-0.357119921606949,-0.617704490560308,0.534950865195728,-0.297194390339602,-0.0216666656773986,-0.693410054510016,1.57906430776928,0.813200773787407,-1.90995582377913,-0.341826235335176,0.735392885570739,0.717146561370481,1.45149061797649,-0.259545602803681,1518948
0.883888958507897,-1.5863149975874,-3.01162555366462,0.973573060342306,-0.271553681621031,0.0355327351488592,-0.617704490560308,1.19109957613919,-0.495395102206017,-1.0102400291756,0.688785761155251,0.502366290420827,0.551067485663351,-0.243492950555788,-0.380079939656457,1.27606038777887,-0.380625080129774,0.294110757531745,-0.0786758147748238,1526417
-0.245246529167841,-0.106043293592953,-0.221882453529331,0.990774271773277,-0.00221854476215963,-0.382302010328875,3.6668487944235,-0.0528437014255952,-0.327424741284079,-0.886928588154276,-0.0613403737077895,-0.487187957853087,0.938869636645631,0.451462236844815,-0.403718963001146,-1.41305082884438,-0.356122280262841,-1.17114569894403,-1.18338901524165,1565177
0.0569667937889996,-0.814351269462318,0.0426509020640611,0.494878913686681,-0.260379794700316,-0.0832485331156848,-0.284379385085737,0.443704089579188,-0.0795558055837849,0.0154408954276385,0.330673524489983,1.24612821476641,0.588141394941835,-0.0491684795312458,2.38356292683217,-0.896424508493512,-0.384871070451585,0.243859166228186,-0.0919647687832093,1606693
0.883221439599567,-0.107248435611559,-0.650193667979119,0.483894005983821,0.740381187516812,-0.154428409808445,-0.129560814203912,0.382283582139575,-1.48900782216368,-0.307855368766079,-2.46132469484195,1.42075175647514,1.41541160791636,1.02241481780376,-0.258556015882961,-0.093737379218578,0.228177688178991,0.0993481643282525,-1.25859627496433,1612262
0.489367956538935,-1.12635342365613,0.255495741433122,0.358577237690054,-1.09887182500087,-0.979691929611042,0.527619229550428,0.125893727302002,0.472391505398829,0.146271537476905,0.0516925583083015,0.804076282960949,-0.548944974124802,-0.382018206398763,-0.404475538678094,-0.224961617014499,-0.165559516996882,0.283408583224979,-0.122026450557952,1614566
-0.305781566439429,1.17560218443477,0.312344703143903,0.528890253293192,-0.0752813218642934,0.544363058483565,-0.537770407009325,0.318021562959161,-0.203822333274887,0.240556696398253,-0.863326654337437,-0.265168499663111,-0.0666283487602432,1.08211750373541,0.306084947108557,0.343332548992246,-0.199379708494568,-0.440475977966434,-1.08607531072993,1644034
0.0680460406262799,-2.76184729224136,0.296175201403797,0.387054312981866,-0.227956428843905,-0.237799526989334,-0.537770407009325,0.445772032830206,1.38833562803231,-0.847775875086765,-0.266429102369407,0.787943928933125,2.53798222361686,-0.318286645745071,-0.325720720500555,-0.754563537567604,0.813641828189711,0.462273941954596,-1.29328788106555,1668599
0.159314675751154,0.400863860526144,-1.17009533200057,0.216009544480349,0.71345109374162,0.175494156204615,-0.537770407009325,0.788799770635197,-0.949763048009736,-0.363551571959357,-0.248365092274396,0.772439620959694,0.291945680370387,-2.02215280847973,-0.410343667296576,-0.0965249150369096,0.0951230152559813,0.48426842086389,-0.246451094855751,1671370
1.37169812026531,-0.165524222761471,-0.203681995769482,-0.636895475687542,2.39506235906543,0.0560795474710003,-0.617704490560308,-3.53187011783212,-3.11503200594536,-0.278304304528006,0.474995744965675,-0.71738071367047,-0.98479049395509,0.29631596266453,-0.412280914969555,0.0639517072219071,0.251761449225438,0.499837231961725,-0.418330719706175,1684230
0.762676649856691,0.892252128432294,-0.259287815563135,0.00723006517655117,0.453326963607253,0.458502099855988,-0.617704490560308,0.32933221422019,-0.529733026288144,1.14023410737751,-3.3638128683523,-0.654248903372425,0.1246922108935,-0.64420183597444,-0.323688412821714,1.6516947817565,-0.0425251253557274,0.100724683820878,-0.284511124916504,1692385
0.873952742396466,0.670947505051403,-0.629610833739184,-0.157701969726468,-0.124300410945069,0.173846310840983,3.60879966754869,1.0067679678585,-0.867045464786346,-1.01248629238985,0.378414238169245,2.10142545570476,0.217100776499509,-0.245558754721067,-0.346879034058254,-0.84281974753709,-0.345269512705324,0.407282913982369,-0.182760713680331,1720713
0.199568378084928,0.755238400270923,-0.438755828368757,0.491509705097733,1.16309352191021,0.393694209155581,-0.617704490560308,0.218603559700528,0.0727759240170193,-0.109023233199934,-0.689732037136657,0.120418138230307,0.163713485336949,-0.33019555095455,0.741743139958202,-0.332924462753944,-0.416023386012994,-0.422598925949639,-0.350587139949774,1738800
-2.46289911494818,0.485508743732558,-0.180162111335473,-0.793176557730393,1.4431519450657,-0.609957267331219,0.816876894000852,-0.246494860920707,-0.747068867962244,-1.48775858296963,0.960896995278361,0.194153600512526,-0.50881192495145,0.159295077760161,-0.348910908679879,-0.388941421600029,-0.351280937566779,0.653722682587901,-0.25211817350448,1740845
-0.218095994223696,0.588851262395674,-0.959740607451214,-0.402034137092452,1.01373565547926,-1.00304132134723,-0.617704490560308,-2.3878908583623,-0.211666719184992,0.777248958486564,0.174418950239857,-0.407058161107021,-0.057880409727223,-0.363347095648901,-0.280971675097841,-0.507023830949977,0.962856351300815,-0.16545813090905,-0.266159104270898,1742294
0.928643588571957,0.712624284267753,-1.40523400173232,0.426802426572069,-0.899365868200746,-0.139745514522395,-0.425940618019233,-0.0998755269997097,-0.223815427341155,-0.386731670359159,-0.250470259953177,0.256008718286458,2.13299340097948,-0.385116796756357,-0.422009576276578,-0.346059117862773,5.96355401567123,-1.16844906976796,-1.33316844946528,1767700
0.580955643502021,0.641193090120974,-1.16696051368157,0.302079889293631,-0.192294409364451,-0.318837973188423,2.43324780131511,0.44433677257335,-0.332026738260749,-1.30450816411724,0.605823042920689,0.986205923701285,-0.222620026668011,0.0161173573770154,0.350371594873131,-0.75824011285454,-0.446043774104738,1.15976980386118,-0.0130949802769404,1768972
0.11222341364035,-0.455923008574893,1.26378699096817,1.67043335797248,-0.284133854084521,-0.100635676090074,1.81320509983019,0.0715236781559558,0.0306127799940315,0.0863079193439117,0.240148595686195,0.172766123888508,-0.171232742122366,0.827730199023738,-0.231276450540713,-0.604900275108589,-0.450011900749358,0.663841404550722,-0.0692903006858142,1889409
0.429113062789552,-0.99577905843079,-0.870683984476258,-0.0702704706696648,-0.853094692246974,-0.0810849846872861,-0.617704490560308,0.411817183821554,-0.0385643998697284,1.20234987329843,0.0436463999801157,0.906393492212303,-1.98754627462235,-0.395671165310147,1.38419149324079,0.586909321072385,0.389181423257142,-0.0561193363430111,2.10383914159752,1915938
0.195280498145522,0.276825564978697,-0.260212104253067,0.219680011736641,0.162047388071951,-0.0525885808185263,-0.475074546712061,0.141764269296886,-0.706003285343176,-1.19531672039753,0.781201994910916,-0.0657265115245407,-0.540328502759769,0.325702958083306,0.114620630811619,-0.0159857110821071,-0.476254423080842,-0.383546161534142,-0.174359023188919,1916742
1.40828416262786,-0.545209396158173,-0.761253028364254,0.0650359607665325,-0.122495587668392,-0.307111942448958,-0.617704490560308,0.309555012673972,0.0518682420884957,0.468203918142102,-1.77440067397556,-2.22628913331615,-1.27549356268089,-3.15518959271239,1.18872571534926,1.20856528303617,0.292001797519823,-0.2686255518006,1.7482211837853,1919296
1.0415536032307,-1.74361323986685,1.26955172514288,0.367759113199411,-1.60779243836331,-0.0730217631424043,-0.617704490560308,0.422233456282023,1.43100715189634,1.98712480519814,-0.921066399245466,0.468838839482481,0.602788602081329,-1.49367556714082,-0.323022037444279,2.15564102919024,0.0860398175795853,-0.102122270631737,-0.0361598053940516,1926770
-0.58197747626252,-0.237746742064799,1.86154099272149,1.24954235957101,-0.117999600385385,0.305855635721345,2.45071979034503,-0.00318659393864494,0.378544728893777,1.80903799247091,-0.550451458654027,-0.845259050325999,0.163872599927458,0.0272732674654253,0.333848778024069,-1.03234597018054,-0.431094740793348,0.345788143906406,-0.176702589981354,1938156
1.13145564761828,1.05129123305258,-0.907216037381538,0.800263689503061,0.0665320512401998,-0.229229248358216,-0.617704490560308,0.337162481804545,-0.508976270318271,0.650632812096621,1.72204143128209,0.523042098377647,1.08862008337228,0.559353690194563,0.420539605196639,-0.48341984896056,-0.092840949389118,-1.16284522040783,-0.413057979236999,1938561
0.709629492770955,-0.382950136425547,-0.694622798397943,0.0410735558573959,0.113978357490038,0.224707106078338,-0.617704490560308,0.300831839153101,0.231702004364141,1.65994916164393,0.789056215393941,0.241542947809768,0.247935341231002,1.00767021660654,0.0410463586961147,-0.349260144984537,-0.175138986536354,-1.15631478364437,-0.295593116360198,1966316
0.741401134890212,1.24492435264871,-0.151244460365186,-0.0781161528108748,0.362348783743892,0.889138473872828,-0.617704490560308,0.233349076084524,-0.973496837586022,0.184064962545357,-1.0189106176048,0.106307751062054,0.127261536862787,-0.497745905930081,-0.295958979277299,-0.139204940454829,-0.319704600842339,0.0223437689445871,-0.176056808318127,1967281
0.0473467104934755,0.792186629377014,-1.81420126304353,1.76953008041388,-0.0807178945357958,0.260186555230939,-0.617704490560308,0.557560474955802,0.470202392521433,-1.16916506928079,-2.96093562886747,1.49488179225274,-0.583802875952247,0.408728521264221,-0.163022367965833,2.17124076829401,-0.346693421756445,0.186628852594025,-0.00617925286436579,1973544
0.6310617852977,-2.5234771568588,0.52607010169281,-0.307444959685314,-0.600249980111941,-0.874676852482391,-0.537770407009325,0.143244267987022,0.982166126251258,-0.297797492187477,0.863717924162923,0.483510664498563,0.971242553197253,-0.0861804083454097,-0.415727597855508,1.5267979934644,0.429491932479134,1.13603336522828,-1.15498670040088,1975401
0.758536158083918,0.164002624504548,0.0665807734293284,0.696925151438793,0.152230310682909,1.02977830869709,-0.537770407009325,-0.347852263920949,1.19874088436348,-2.04794253520078,0.155143723774505,-0.273300531605993,-0.567568198926434,1.38413553977342,-0.0609054689137458,-0.1693285347369,-0.45136707327766,0.171540280039041,-1.25370605868534,1976407
0.662871766485466,0.53954581481515,-0.881924113593542,1.04762184345144,-0.79085402797725,-0.982683738738294,-0.617704490560308,-0.0661351838241654,-0.522716039737869,-0.329184906926798,0.519289740733245,-0.714397002776012,-1.07461978539454,0.233694643325149,-0.326321273037654,0.403202872391541,-0.221467402375082,0.44371807040176,1.53612215889008,1978972
0.342827666656828,-1.16675114673043,0.40682618166852,0.357946715254645,-0.265660924665453,-0.159092028587448,-0.617704490560308,0.233814063336715,0.858623434142655,0.581956972484007,-0.164847581367793,-0.87991751940399,-0.649676547188897,-0.698012371006129,0.471372560880411,2.18623962903645,-0.251727807092209,-0.325648436395171,1.55533181984382,1979045
0.119159607567356,0.207606612854478,0.237314676933225,0.429328464501163,-0.0972117673831534,-0.235889797640991,0.0962833871081948,0.403298838572526,0.350785616161645,-0.464242018402776,0.410016980406535,0.349596773252126,-1.20162616478859,-0.0635049672060723,9.78719440531212,-0.722042498005914,0.949653049861191,0.270998268625757,1.37780538130739,1979422
0.664778302231428,-0.35091009932144,0.419976356583193,1.52468992179052,-0.829410395539556,2.74199888339873,-0.186869649431279,-0.926382669750331,0.708842134908748,0.390675610389569,1.64711377253753,-2.52115729228251,-1.24816520627193,-1.84646958939474,-0.0805990321207829,2.19160440463599,0.0963620419492789,0.936425948197799,1.87865572166663,1980052
-3.75375189562033,0.789429502780535,1.29611594872349,0.603158065535793,0.519086342572618,-0.246421240676975,-0.425940618019233,0.401018818429499,-0.873023121403521,1.0805379704366,-1.57770640371361,0.941686721217389,2.3002022878942,-0.153186078828194,-0.335187052243252,-0.531205688359317,-0.463778028150761,0.691523066477367,-1.27985823948028,2001182
0.802455778007907,0.889750842035304,-1.15410864203264,0.476397347657465,0.74837387614345,-1.63968269077265,-0.537770407009325,5.22174877765726,-2.44649392398601,-1.39052085215611,0.0983003521079323,1.87142011991646,-0.0107600985538582,-1.03900698473747,-0.433653531707402,1.34234139999014,0.558001540956417,0.160225959887199,0.0489027848876059,2002465
0.684479019323245,0.591766046961484,-0.521202827422107,1.03941055294784,0.200737663031534,-0.0495906203230023,0.462696046539194,0.372870984403811,-0.0196752593440178,0.0170576368066759,-1.43774370584274,0.712579387749694,-1.62293153366889,1.156817831078,0.884147811245739,0.877319406487113,-0.00123066706997601,-0.00375681266824558,1.96673393261105,2004451
0.300258626054899,0.391645654352802,-0.656817549212134,-1.12122944195917,0.223862918196583,1.22203822198109,-0.617704490560308,-0.514790169076776,0.566735013067798,-0.199699913715269,0.576429501117157,-0.695396922444732,-0.611431025196722,-3.10527242960818,-0.205675464760329,0.385917111841273,-0.312653356966464,0.154728620891484,1.73081298384677,2006164
0.440639036620591,0.653698322984842,-0.951570397223876,-1.4028423538998,0.397935647160283,-0.507274520554855,-0.364803146746697,0.0912679115367669,-1.09915632975106,0.308922046721519,-0.0630040675871885,-0.197296668072722,-0.688933902871811,0.857860036801266,-0.263490294629772,0.904342949359049,-0.449090961691942,-0.561338974444945,0.00637114358482176,2007309
-2.49487050161826,-2.51310655194008,1.44380756086518,0.361119480469359,-1.40171307018414,-0.321517485162982,-0.537770407009325,0.378194868333049,1.62994517163852,-0.740036987880967,-1.21708970484176,-3.21351098598598,0.347735833095921,-2.18539795663337,1.64040010217133,0.957761232138428,0.484371727412178,-0.0357056732483306,-0.0733130492718301,2009915
-0.88872303396039,0.645984560011074,-0.174168575082437,-1.04109316529169,0.445926255909481,0.844291111990916,-0.425940618019233,0.133242629881111,-1.34047645425382,-0.805869542682529,0.203673014403724,0.0335996052092344,-1.18227462328476,0.00534578361126811,-0.392550977457801,-0.887982276322339,0.173819997676149,0.157293851095593,-0.275370382034537,2010259
-0.666484197465637,0.213968133674098,0.3708554815737,0.0497294361973106,0.088051450042214,-0.328130987498848,1.91713995899344,0.349460092406416,-0.686646237893244,1.39302816385763,-0.467518423778066,-0.359367995299212,-1.07482596056261,-0.644445585643345,-0.200198221985247,-1.21533609998762,-0.318120871468108,-0.441754982815081,1.90496255432199,2010554
0.668298866183114,0.0154596907666781,0.626688083838086,-0.0208608764955109,0.060435025733355,-0.0658174990266425,-0.617704490560308,-0.207462194565601,-0.159034019935694,0.908733361073944,-0.62178136763987,-0.165079411959493,-1.63747089246619,0.171474061836438,-0.166320522691235,-0.208783475340128,1.5402585855641,0.280024677645477,1.64077762792323,2026671
0.591584916540898,-2.16851961097556,3.67384478129022,0.384346144411976,-0.0720791077849849,-0.341211401257638,-0.165242927087096,-1.82913234403946,0.542121141846892,0.407517452897331,0.273562525945021,-1.63069650966935,0.471413954413167,0.0544152566052132,-0.39590604997185,1.70953273738509,2.65372373683035,-0.743921988592452,-0.260994837504009,2033049
-1.46879606004793,-0.42803227252726,1.11581357669553,0.987312540003466,-0.376597773496916,0.393379146892719,-0.0920994566959228,0.180009954650103,1.02742980793415,1.16145038091884,0.832486577039717,-0.286640881198558,-0.473870563863716,0.933125171513428,0.272844331577816,0.363222640817593,-0.459314597940758,-0.086899477131114,-0.266073537188889,2034136
0.616976253728925,0.503100665210071,0.083848627314047,0.0699252082337243,0.338199261118688,0.321054043720375,-0.617704490560308,0.216528829296462,-0.73170894661327,-0.040136870746036,-0.691825301635429,-1.39354541219964,-1.8455774688442,-1.14928477131694,0.0696639258988101,-1.05753340628296,1.613734392995,0.274637461544428,1.77491512456815,2040495
0.755108630078848,-1.02464210050864,0.404164011279657,-1.51273564531053,-1.13487335841514,-1.1218161076325,-0.617704490560308,-2.66688884857928,0.782575087642172,3.33797050617996,-0.43934232464935,-1.66396713046145,-1.49513171694869,-0.104091039034064,-0.409118576864608,1.77057964956377,-0.377822895600036,0.715785882657984,2.00447562316384,2047354
0.900704096319534,-1.51737153125165,0.350500089863915,-2.74516143016061,0.302128810915595,-1.19426816542819,-0.425940618019233,0.0549149049599386,0.190301378970449,0.351110346282707,0.338041374714444,-0.158119119027498,-0.0964893549608705,0.596665896234751,-0.177786214216517,-0.100834731025036,-0.297436810176807,0.522864216167124,-0.366173561097947,2051378
0.317736750575455,0.572110116691948,-0.342558502302676,-0.750841778712985,0.522875890016543,-1.35542567873268,-0.617704490560308,0.173352484416668,-0.230521094137135,-0.102964381258703,1.48024479411029,-0.00890597065430853,-0.794448827009973,0.535217689910563,2.13319127655814,-0.00139421941353616,-0.243097925601496,-1.07381708007674,-0.0568940518581206,2055667
-0.422818825697558,0.147033042404946,-0.295577598027365,0.590794575731637,-0.140479493267374,0.0340463481745778,0.952516750188804,0.383234050099662,-0.478321114091121,-0.0187617317195553,-0.515725868678567,0.668821239476733,-1.29255312536843,-0.266052884819867,0.805463152700848,-0.723375849618096,0.324042896853751,-0.722611882065958,1.70939153308644,2057358
0.11411225220746,0.368417885540198,0.156163457888153,0.0124583870594337,0.542445049329775,0.301929259431513,0.757925061536208,-0.468383143573911,-0.256937724873095,-0.646980318369524,0.570762165601372,-0.344509980899822,-0.970565373164574,1.68164378358672,0.0416662234139635,-0.576886020660614,-0.148962580033869,-0.255439414709804,-0.298622699322798,2059713
0.0529083234095336,0.927075079784226,1.93516118308538,-0.325485207478834,1.11426724830496,3.5237607683417,-0.617704490560308,-1.65764188263731,-0.862000564694247,1.5312972095805,-0.157904559915925,-2.18448129496159,-0.3337145428621,-1.14699781232198,-0.367561211091378,0.9070915865029,-0.285859943984424,-0.27974511535202,0.139884553331822,2069079
-0.163743746555508,0.777474623951291,-0.903742321240687,0.714465632257675,0.287844716786542,0.550659494853549,-0.617704490560308,-0.0877042488330636,-0.255611724905111,1.63811862979778,-0.432074395853736,-1.51638166307055,-0.446938060253154,0.484206738433985,-0.0182673089680925,-0.59040598042524,-0.394467712327043,0.0694120973759544,-0.0417806737865403,2070958
0.912339816724456,-2.65407971278061,1.02002894261756,0.309583980105035,1.39533393973466,0.54610155137182,-0.425940618019233,-0.233074741192916,0.613696664581773,0.191270586686513,0.890335747208819,-1.00063628059756,-0.249882866712643,-0.917282920233473,-0.335461900563594,0.355227828076476,2.00166548197074,-0.712750859032228,-0.39939495488367,2072215
0.513476178431078,0.629935585535639,-0.697104745527938,-0.218918602988302,0.111605585482382,-0.917200479897972,-0.617704490560308,0.452509316586868,-0.560757052919799,0.394088208876471,-0.336038889096556,0.87337553574949,0.00575930572921414,-0.789558390392692,0.171874407057786,0.873874237076769,-0.401617711227824,-1.28323260785912,0.102490326975682,2075832
-0.180522957540727,0.867167330085345,-0.31111124070242,-0.382050264409911,0.338481652136554,-1.22754209859264,-0.617704490560308,0.249613769211799,-0.953594664774627,0.0374454660478614,-0.126323942462389,0.0569176204756447,-0.240193549758122,-0.264109698222494,-0.131328338051964,-0.959076360010937,-0.397558623905889,-0.150878156308438,-0.271676464309639,2075846
0.606249278811833,-2.94162132882052,2.86118751350765,-0.556786707827854,0.187300958603455,-2.20681095384397,-0.537770407009325,-0.286541365007815,2.17198909520991,0.138332560271225,-1.16960848457742,-1.75517313616986,0.796071542812939,-1.19982983570611,-0.424643393001917,3.30236747919848,-0.0186171571846669,0.587237367584142,-1.10667014101535,2076301
0.672333858922744,0.54644577875892,-0.552377054074689,0.178482018249161,-0.114724708222383,-0.149739143630786,2.35547336104889,0.505723914893132,-0.273389297703294,0.661137217472491,-0.285769224529958,0.813600517236088,-0.518326342394714,0.639164438619642,0.379732980770775,-0.472670215048633,-0.481470719866266,0.096502998622968,-0.14225444565951,2078198
-0.545243029145047,1.09558869176452,-0.79676495548956,-0.0476116145753509,0.0477757298093207,-2.54228117240845,-0.425940618019233,-2.66844658969675,-1.1694047751369,-0.976797846621661,0.410455608312411,0.319010373788592,0.372034902590058,1.10153232114096,-0.427540040503368,-1.6717125233406,-0.250291028038608,-0.165688241741846,-1.21207355250439,2078899
-0.412264736403846,-1.68143394438635,-0.193507083502075,-0.103002584245824,-0.501073434210531,0.259317919916232,-0.617704490560308,0.317951775533821,0.0417734662815157,0.211833852042031,-0.690572228624342,0.0736682263246201,1.4292682017966,-0.224787998418756,-0.357146666214689,-1.61985444483682,-0.0496351286080012,-0.425443582553798,-1.27317826159695,2085349
0.0837505687936518,0.469961296247185,-0.585343236586171,0.511793502660385,0.0486110930866267,-0.823370313471212,-0.537770407009325,0.137646883765026,-0.136158327827212,0.111628991872339,0.545614074586446,0.18750171726096,-1.36340487816321,-0.863218180176142,-0.395709174159396,-0.0063081199889411,-0.391811208371279,0.501554296331031,1.75698529012848,2086044
-0.698110617573731,0.652845486143838,-0.0712082718880574,0.822694569897709,0.276490004591486,0.312742363001015,0.955929276100572,0.306317189592693,0.790828818611366,-0.941678585232335,0.735553600860347,0.254656685449079,2.3321772077952,0.0161782784170982,0.668524624477902,0.0824497132895132,-0.456956585167817,1.10747234044431,-0.946146452535356,2091555
-0.782463951375678,-0.625060085091465,0.154423095699421,0.287000250352117,0.106754032504514,0.214131852075823,2.73709877859685,0.430488851838706,0.385768515466361,0.157758627845309,1.15559067519821,0.72261358233996,-1.7196773967969,-0.149610158096291,0.0768547222876019,-0.135987718348456,-0.336730759941858,0.00693830369552769,2.03033598325273,2092954
0.385644775965097,-0.707326755235349,1.02977391408232,0.366497922099428,1.16905921388447,-0.0287354781801468,-0.617704490560308,-0.687401028058159,-0.360824685337038,-0.380165087812088,0.643022490345282,-0.133327461898396,-0.0493216295205868,1.18936344468278,-0.340101195231929,-0.155144548546449,0.300420318585533,0.693879417780331,-0.405180592311572,2096627
-0.119641691942459,-0.910331488782262,0.830332435016354,-0.0470544371442355,-1.31646744374815,0.0760506658599558,-0.537770407009325,-4.00439834980515,2.65716584804134,-2.25875353351863,0.526576140530441,-0.918217621073871,-1.21769668908993,-1.1897379325378,-0.418460934631207,-2.27266384972408,0.812801237353131,0.708071301233285,-0.195378021415701,2100050
0.800473824748881,0.576918645410364,-0.886183529700719,0.485157769387754,0.497072577344841,-0.109462710478487,-0.617704490560308,0.370227513999745,-1.14460567209058,-0.846970963493965,-2.96293650202513,0.00940900141527872,1.84711180967345,0.317567398377788,-0.292112700268545,-1.17268214217849,2.40233315519438,-1.42372502010859,-1.18351898299143,2108003
0.15265755777808,0.395823736255322,-1.07720414623938,-1.6874738612032,0.506969957244827,0.71947892806208,-0.537770407009325,0.234070432119609,-0.21427715592686,-0.171223041629124,0.607673326729368,0.476197490317916,-0.0926099739161635,0.207868700859862,-0.124735973276146,0.720995434896078,-0.431608422649077,-0.520446844327031,0.0338658232176177,2109902
-0.80450638435798,-0.327150554835481,-0.053750855258385,0.722354607094145,-0.220571746913544,-0.234596768008138,-0.617704490560308,0.354720812740611,-0.031425255847447,0.504872567333098,0.768506185140959,-0.26060352424582,-1.1926462089697,-0.597213011378579,0.483531727394604,-0.700933367297283,-0.305538509017668,0.569892870271632,1.57839672780356,2110540
0.49962653451919,-1.08020395306227,-0.358241246968549,0.292416038024731,-1.98640416131517,-0.313750250628211,-0.537770407009325,1.09369203847419,0.879778264278947,-0.306216438240598,-1.24340212911809,0.959000360969187,1.59621585295991,0.847772952085141,-0.411139536177489,0.0492988989950543,0.0710843669596422,-1.01857665839724,-1.27016566848469,2116787
-0.492787866239022,-0.00723736510479992,0.58186604390345,0.0570938914495502,0.384515544187868,-0.160653634573099,-0.617704490560308,0.104209455040851,-0.451910428123648,0.649707152542725,0.393320090777901,-0.823810413706844,-0.127068297525389,0.373474099790227,-0.302880762484051,-0.621344015044301,-0.295641840927578,-0.996653071440149,-0.198346399552051,2119177
-0.852544559420276,0.413602467054765,0.692389779728436,1.58473980583713,0.023973788172439,0.445359611377639,-0.617704490560308,-0.158888880741744,-0.147761009972683,1.08511198964283,-0.0223520694765592,-0.740234104357245,1.07431716256215,0.293098421310612,-0.0987808597336431,-0.185597260817386,-0.463901706920403,0.0198341916784692,-0.337891753703545,2131601
0.905211152208236,-1.01849685412956,0.631960864743283,0.0767400899714365,-1.08379509749421,-0.0420503853033654,-0.617704490560308,0.337759684442082,0.816268390564361,-0.0814431773709328,0.0883698409078053,0.902392193921297,2.09646138257317,-0.281349681757357,-0.414436979058612,0.570809114706887,1.05546179659883,-0.530016131962959,-1.3202137920128,2132424
0.391405754196768,-1.73240514440043,0.46936689270119,0.312480833041032,0.0776224978699468,-0.650301406860877,-0.41106613205633,0.49037095672752,0.119433851173028,-1.32459288917763,0.686805415038739,1.31746103202574,1.81840507083084,-0.920911120496429,-0.0581910077444526,-0.811853393394431,0.287539444763409,0.319538930826922,-1.09775497370553,2132982
-0.149444099843948,0.0181868927320913,-0.470997887862714,0.212035363679214,-0.403567404889974,-0.403348235610231,-0.617704490560308,0.330235033997026,-0.532822923691936,-1.5418051124769,-0.20974885040236,0.114995565960905,-0.208270766205335,-0.4701150869843,-0.0776508326900475,0.455329721559846,-0.361120096214012,-1.12986146263353,-0.200723333283565,2133204
1.0023934406194,-1.07914973742098,0.0351446828682541,0.515346658676726,-2.80013255910866,-0.978520003788716,-0.425940618019233,-0.040775537844821,1.08873834841694,-0.576833854205959,0.553866368682997,0.157059421608582,-0.727239089421481,0.514003799688469,-0.38887592653123,0.141548742667456,0.0455647101888989,0.559971616935749,1.43321558578376,2133380
-1.66786154417735,0.288260160103602,-0.122871930158354,0.802611030961147,-0.871644528077371,-0.72603905672061,1.09132764249347,-2.95836509970582,0.309681304743591,1.03315364123417,-0.381133875498019,-0.405285256799537,-0.7180485551261,0.0176928490821219,-0.368778025888321,-0.698240466724471,-0.20106050270205,-4.38403676539553,-0.423022832560968,2134220
1.1203749179975,-1.10367242276779,1.34988487048477,0.5887522240002,-0.660662822913916,-1.07592946506819,1.51794609653743,-0.440084864996499,-0.399072655735936,0.577794340488225,0.661690745654374,-0.0662515477970894,-0.131940705480451,0.434609056517034,-0.35743745836222,0.499424494948749,-0.44402548335496,0.580045635780998,-0.195031559015562,2135748
1.10269282713843,0.78925337808586,-0.475446235987714,0.426012084521518,0.575969788227787,-0.265556784851054,-0.617704490560308,0.369674923559561,-0.414069874824851,-1.10907871267389,0.219732836067651,0.801430918685368,1.01654777541545,0.0720206771435763,-0.422212067926343,-1.19853789997437,-0.218011694589274,-0.821730155386782,-0.432661062138399,2137799
0.289559552491206,0.640397803720433,-0.404521634082209,0.58127356820116,0.311430273928265,0.0608462768074114,-0.617704490560308,0.355441786194147,-0.600328621437389,0.186171460037511,1.02754936319414,0.186753382116329,-1.55463665622196,-0.392399061927769,0.482483123864351,-0.498989194864594,-0.392751113286077,-0.638287827274469,2.33405257932572,2138375
-0.429136603722912,0.378619353629667,0.0251115268681093,-4.76557134242974,1.08207066151184,-2.42273928845901,-0.617704490560308,-0.444239509393454,-0.684975178073341,0.882743469744525,0.411087990353385,-0.429356716875762,-0.43028682097945,1.10111911612866,-0.359103882115035,-0.697535339738482,-0.423795741047254,-0.294148434701714,-0.00694204667051371,2138678
-0.398917265376697,0.946734595600679,0.0308590696084619,0.74125396452652,1.13075361118155,-0.783291203740006,-0.617704490560308,-0.0810514107926781,-1.00940078380813,0.410302797145243,0.314611530909672,-0.318257446486244,0.307687161730042,-1.65470382857645,-0.410487985828617,-0.780351624993405,-0.128598378598473,0.934963712890284,-0.455746471142914,2139733
0.275471653985171,0.72230337665758,-0.596111733507653,0.565684050316679,0.938770936287739,-0.884091451492068,-0.617704490560308,0.434998363588458,-0.497859047141993,-0.30663099198048,0.914595043274042,0.604094061436414,-0.255982891279839,-0.0993245369384572,-0.340246674139247,-0.974883062282705,1.19724531910258,1.14846612662337,-0.320423597899799,2141116
-0.0934764165258062,0.98419689721078,-0.076788969873191,-1.32869214978667,2.80340055957334,3.42100590829364,-0.617704490560308,-2.32925681933837,-1.43267207895372,-0.616571738630785,0.0469619765383426,0.307098915713352,0.21742113997662,0.920326718826091,-0.434496745771045,-0.469256798850489,0.301273605825387,0.911960902431572,-0.0375925391214635,2144796
0.852732583078139,-1.59381254947594,0.394203287771568,-0.491826324342051,0.0347567713209638,-1.53368062961042,-0.617704490560308,0.388082373023501,1.62244761202469,-1.88057037660922,-0.964408376653569,0.138437375546896,0.630776356308583,-1.98958903184554,-0.402170486966866,1.29467225048608,1.10784942757387,1.38592436083146,-0.448572448398138,2145166
-1.93653138435706,-0.47237163259369,0.66894155646453,-1.30533525769451,-0.453086710653177,-1.85329426380787,0.411282270502844,-0.655444931444755,0.585996043019175,0.185677725345183,-0.0482981976872347,-0.0950647786755926,-1.01799688373278,1.18474158314486,-0.166455570976451,0.319834913069916,-0.35700123179492,1.07491661669514,1.7911977010501,2145694
0.010252480370189,-0.488053542565111,1.15540379186562,0.208449514366493,-3.40776455056123,-0.521767244387278,-0.425940618019233,-4.39519275345425,2.1972490433697,0.101966101030301,0.0248520537194089,-1.017475564121,0.900159917055939,-1.46234652389708,-0.394042641728848,0.958537641330167,0.42265099632457,0.117154763105849,-1.22633065060252,2146138
0.114451430270202,0.0530678292709993,0.510381258128265,0.448185349007841,0.072389374218134,-0.245631711557497,-0.617704490560308,0.666615392205327,-0.635353155572776,-0.026784693643659,0.314694343340163,0.947669588756756,0.0139355641422785,0.880814089829301,-0.0950651857203592,-1.08569243674781,-0.0817886283286148,-0.277489988173535,-0.476150029084063,2151024
0.740533615986595,-0.964267567059246,3.15575997013608,-1.25046567919037,-1.33785911559067,0.466000958408263,-0.617704490560308,-0.0785062172076931,0.670039315191095,-0.25716171617163,0.778510536443467,-0.954243855786025,0.571899844338756,-0.143198127446191,0.122086104023973,0.803653827967066,-0.286045176940518,-0.373080353038649,-0.213637684394786,215131
0.795095733073851,-2.94546987178807,1.43605228970978,-1.63020974023894,-0.78484061469965,2.13665519484915,-0.617704490560308,-3.162556852996,1.0784606683377,1.33821597380624,-0.0514931833285672,-2.37752105335308,-1.89216171628632,0.308688212348463,-0.377681940855742,-0.127501199824381,-0.135618198944797,-0.495685330415725,2.32333164406184,2152442
1.17293908717071,1.04318095760835,-1.31391510211899,0.482272577119881,0.0723066677072802,-0.718662884904249,-0.617704490560308,0.305134838456971,0.549262503488628,-0.490521728026895,-1.75146595866212,0.451758197906678,0.708803452776161,-2.00815992510472,-0.372181854716558,0.287680365842676,1.18901867492453,0.955409659362028,-0.381754578676343,2157529
0.541300136820423,0.968863219299569,-1.39264833367462,0.581367150435674,0.489054061771195,-0.633172871816761,-0.537770407009325,0.984055706860495,0.347001367929807,0.0564157170904579,-0.0268253607265757,1.32387983907538,-1.02920258542253,0.659511149314869,-0.398353235909083,0.947322339221877,-0.421301087949953,0.415647869120687,-0.149127896659899,2158101
-2.52726386688986,0.345464962394572,-0.748662951840193,0.121741539494138,-1.31094787285466,0.230565532968155,-0.537770407009325,0.254782818291621,0.84960700774055,1.12362199234774,-0.613649276915991,-0.836890820942327,0.204288462197683,-1.00921424084843,-0.36256724370733,0.0657005597267428,-0.381144343934435,0.388849784511948,0.00178163486498105,2158329
0.640177364270704,0.141063141378188,1.80885022636579,1.35706088933959,-3.55922561557141,0.0929508889634602,-0.617704490560308,0.134569532319013,3.56761514647358,2.44489786321015,1.80058401052151,-0.13787179757512,0.544916992129596,0.260723465392842,0.042640742710845,-0.862360551973575,-0.261782228575683,-0.490865751412337,-0.000598907527130467,2168082
-0.273697024034419,-1.14073835358102,0.66524430445889,0.5776304635235,0.193685629830984,-0.454718292007144,-0.617704490560308,0.387944029012421,0.572980637131622,1.66788532247951,-0.533681506951226,-1.47970649659812,-0.400658780230811,-1.09063825659796,0.0841815466852389,1.48648365907327,-0.201882235722403,0.348832785477259,-0.141933302300753,2172217
0.591416211291972,1.26695472909281,-1.90759204269476,-0.136874682668797,0.161806494354088,-0.110271223431765,-0.617704490560308,0.244936050994835,-1.79291821922519,0.421485546882036,1.08338007693711,-0.152237700641385,0.305574244473301,0.428378673694085,-0.271111404853962,-0.773305855040437,0.579580882649996,1.41116216140402,-0.21061807578404,2176530
0.294023925501328,0.71290187000776,0.588380386378948,0.799012836361937,-0.445719620859136,0.576497245296188,0.014991562201325,0.235122484860261,0.550043695337868,2.45530399383063,-1.73564240307936,0.572714837173698,-1.69504034038605,2.69122564882062,-0.405137453231164,1.88361192799395,-0.336344324053071,0.588085289848269,1.68217588771584,2176784
0.18527911716742,0.271155187547328,-0.364130514059664,0.416979260843324,0.589200774148276,-1.65071700315556,-0.617704490560308,0.542445320765985,-0.914114711906262,-0.357110086678469,0.633130085548748,0.855733748916061,0.486812924565156,0.342463822598084,-0.394924140300916,0.254096317035894,-0.374292259201448,-0.299028237978157,-0.126673116403055,2181724
0.384780829677462,0.393296593526078,0.395605531297514,-0.809294024937706,0.330262373119203,-0.719934755433211,-0.514946205113871,0.425513796100913,0.0717050256158262,0.0187170768885598,0.819463728005311,0.230558112163579,-1.6012663812816,0.0666154779637457,-0.375857230022739,-0.425088293695412,-0.408913223946945,0.531845099134124,1.83740065307527,2183291
0.429741375529904,0.756318779599615,-1.98944122675914,-0.261589762259812,0.476374487401102,0.0304046580098249,0.132205247087993,0.474483208551604,-0.675678450167889,-0.968726228062394,0.632341242384877,0.926612297276012,-0.917664291074275,-0.826554399867244,-0.283809544977132,-1.29492926827215,-0.332452819413607,0.394254487413344,1.68257543432001,2183356
1.17210700691141,-0.611574698062638,-0.138499503239252,-2.23197469485357,0.115346669192852,1.5116884411437,-0.189332274938579,0.192474532891337,0.492976862459557,2.77747596106292,-1.08629236433588,0.066221757923617,1.10106547093427,1.4974148571025,-0.285286323743329,-1.20129416353422,-0.382472001176066,0.314883913295509,-0.0459149593253744,2185290
0.820754704618732,-0.755062339391553,2.29391598741157,-0.0784147439037512,-0.75252222567261,-0.116853167445066,-0.617704490560308,-1.33778465961184,0.172987551259676,-0.13080181216819,0.471002044851919,-3.5475942385085,-0.456770445688545,0.564973205162948,-0.316101949753923,-0.780631050884792,-0.410621439126767,-0.139838763090216,-0.152414114717354,2186951
-0.308874933470992,0.687152013835536,-0.719934706790126,-1.17873291791086,0.513577810654216,4.51897505215197,0.296744234725242,0.333600285619536,-0.45861708497071,0.0567613972847262,0.897381568855675,0.464887894731907,-0.894751946120619,0.620786283387877,-0.148765906585843,-0.129065147810585,-0.45236497881065,-0.751650230199897,-0.221276169960295,2196212
-0.242026005392688,0.457700675647383,1.93432306623086,0.94851441526267,0.0792370793842938,0.725348615762869,-0.617704490560308,-0.361618300826315,-0.16281109706552,1.60180969522291,0.780807510740953,-0.692165845828069,0.121107977320858,0.283626794088076,-0.201971434893052,0.508714199260609,-0.407867929691617,0.131826265495543,0.0250567001992526,2199403
-0.11606584724581,-0.267518310550356,0.519267476762842,-0.365753316411522,-3.0050968216445,-0.137019937415408,-0.617704490560308,-3.20920892001047,2.69787449327505,-0.613609541263534,0.794717957509226,0.0638623175389365,0.145532365611332,0.75312366646923,-0.375680335858097,-1.00626439941091,-0.444252786411806,-0.719976367100251,-0.291606383983079,2200416
0.207420576874672,-1.42072725129083,2.46526865521355,-1.89486602453648,1.01873389173789,0.197528156982245,-0.617704490560308,0.232630296802746,1.54114995908612,0.638482930863779,-0.0920409341339763,-0.80261471536891,0.674354796954821,-0.129037267006865,1.04769972849471,0.192845229420107,-0.230621024424049,0.276197826246981,-0.459496834257724,2200813
-0.235484938294477,0.737120237045257,-0.882074741998102,0.802597560153205,1.03641147526716,-0.300191031995767,-0.617704490560308,0.303469225255553,-0.629191256938368,0.718382765050599,0.0193010390197026,0.318126856399885,0.208047317799703,0.14886774902176,-0.169150623431001,0.350158463062497,-0.354994694785947,0.260433937667648,-0.264171934367522,2205389
-0.115348865576264,1.04156894233086,-1.43104325401451,0.178731689039512,0.309590239327067,-0.0343725434742026,-0.537770407009325,0.916238416500324,-0.974663658998034,0.82385624175939,0.411238716344649,2.05873768900069,1.28447062248369,-0.472856534743297,-0.329439868509795,-0.605584915604163,0.153212411860775,0.0378961673498649,-1.33802263097454,2212664
0.583772963549634,-0.849202641624124,-0.987832065796444,0.370028842420292,0.0574357457515364,-0.518900626624714,-0.617704490560308,0.380909283118792,0.628985248129385,0.184493084567425,0.270907119873148,0.319750099932221,1.39852603598399,-0.213157143591496,1.01785082159853,-0.305242937777676,-0.239067507492981,-1.93174924184469,-1.30219713186398,2217034
0.894954406571301,-0.747325585256443,0.206994229532188,-0.53355722121923,0.167612757788084,0.819353625315154,-0.617704490560308,-0.745939946170416,0.707302929771203,1.40022883174489,0.012209455766997,-1.57559664723864,-0.471596991577426,-1.16188480390442,-0.398109800498825,2.17786393848559,-0.426518608536519,-0.468032089666519,0.0548865201815443,2218615
0.455873116389572,0.511020537009783,-0.259713154863512,0.36039661210056,-0.548553624828108,0.0432529628107809,1.90424835012795,0.235508360869267,0.566075249382026,5.73804405225778,0.0369716567278643,-2.71421217383114,-0.0563915613584203,-0.251555368662075,7.26632082434462,-0.939715222058414,0.801196651518395,-6.89949773184374,-0.447782568970087,2219842
0.0116047222725659,-0.476800439988651,0.810993655803114,-2.64208649453806,-0.174169614377136,-0.00580874755899448,-0.409379291656468,-1.29690790499945,0.440181726165075,0.411554554653009,0.674365945241441,-2.22467156107623,-1.13173038872007,-0.0576059616480494,-0.0303488651382989,-1.16511940623923,-0.448940031339653,-0.520728992499939,2.08226959128974,2224150
0.89020098550631,1.60926075574002,-0.84723947471426,0.593849537844663,-0.392985848980426,-0.123734444652522,-0.617704490560308,0.400021323975957,-0.833599278768455,-0.765115720735879,-4.07754774506534,0.0743413840626238,-0.994819832558217,-1.63723710782361,0.152211889894293,0.661338922898374,1.00374369137853,-0.167781974561119,1.59382086971172,2228399
1.65266438841416,0.968998330761753,-1.14157729454086,0.64999087139817,-0.353113174270523,-0.298436549557412,-0.537770407009325,0.384972304186967,0.261803354913793,-1.02975676216527,-0.16898653745085,1.0278653882781,-0.366296253334132,0.282068109865689,-0.108233402135677,-0.403281801359136,2.15162757913555,-0.508074355156821,-0.413015948347669,2228400
1.15842245730547,1.16661914282625,-1.08945124708074,-0.995008680535221,1.85846451117538,-2.56130801569369,-0.537770407009325,1.48799273870235,-1.47025158306954,-0.468779980515013,0.527769712492995,0.770923183925887,0.284058915050034,0.0665575881032984,-0.431725797358158,-1.59690891882522,-0.397089501864824,-0.0516788025219651,-1.1739598728891,2234271
-0.76556165641524,1.37907940340391,-0.541834842121937,0.0844960317171084,4.33722560747237,0.465191903202855,-0.537770407009325,-0.596533139260531,-2.80320295545228,-2.56753842382032,0.858579856124828,0.493513037359887,-0.776795420042307,0.15273714622661,-0.428539220520332,-1.59593947188199,-0.0603034857536704,0.499541843394598,-0.209041316378768,2234422
-0.438499486140546,0.646717278118867,-0.885686529307511,1.01462979645624,0.388133058515464,0.1286769138097,-0.617704490560308,-0.14641446367182,0.0506207440634334,1.35804863994408,-0.280542420639678,-1.47950315429944,2.27642374538187,1.1077649603485,-0.208325687884789,0.241888204171619,-0.462138961327191,-1.55221525378732,-1.13745564139465,2237571
-1.25805431912773,-0.829017935890659,-0.0108424939131206,-0.145553853326653,0.245650088051793,0.192155828445075,0.84849012404914,0.269155987604655,0.326770439319008,-0.000283322446579221,-0.251491281438597,-0.589999508656642,0.121557979897966,-0.634805773805939,-0.356500493428894,0.215891091223462,-0.412803745935574,0.646389403017511,-0.0707242169727041,2244172
0.907354639001358,0.630561258387434,0.0729471291180485,-0.371991009478426,0.0994286144700302,0.706326421068631,-0.537770407009325,0.367129964944434,-0.00928367920768357,-0.443832457879423,0.787913176744159,0.599132135172417,-0.21414126069567,0.413588872748935,-0.28291575939953,0.608536780662727,-0.415610251070295,0.505596495955375,-0.30158392492335,2247869
0.409361590232367,0.772744551558839,-0.581841772159249,1.51815824606503,0.245623893338099,-0.737693054336507,-0.617704490560308,0.547318508257463,-1.22836523028055,-0.300505838582172,-1.40157031087117,1.25487291063952,-0.931706007896495,-0.898883861976561,-0.346844568527343,1.14523104822884,-0.311754406395443,0.629044595036947,1.66832965826803,2250648
0.875103167145701,0.294922592881596,-0.0215370373363124,-0.706949455252063,-0.150156244598833,1.31627538056527,-0.425940618019233,0.410104130546901,0.101530336146607,-0.642637744540512,1.10269987351549,0.752756958992015,-0.294232132093353,1.01727906637698,-0.1155459097957,-0.490700104711163,-0.47026331815731,-3.3922992455715,-0.295012903458923,2250836
0.772288023866177,-0.602164903349318,-0.765912051778373,-0.215202964213537,-0.704129043474024,-0.361825738371553,3.43247926645358,-0.141941163471029,0.187620812179125,-0.736703870896913,0.791891290760115,-0.196703664680012,0.920447994033818,0.658087256402218,0.073844169649523,-0.463955642072172,-0.327184286501604,0.58290943919746,-0.384833864549901,2267382
1.06354095701452,-0.427430222590921,0.802070313637636,-0.949461326520681,-0.255195315817279,0.447365758915303,-0.176932798157399,-1.13965792513117,-0.236801936947581,0.469196547285198,1.00072953753801,0.0810496359185557,1.41407881254041,1.8656408742886,-0.394410671313233,-0.418821193231634,-0.464617524879733,0.0887127286017107,-1.18115756245696,2269346
-1.28776183992932,1.52809756302435,-1.0086354099377,0.939061151716343,1.27143483832941,-0.795466985659336,-0.537770407009325,2.96375629125427,-1.74503709219067,-0.817106797047106,0.0166999120097035,1.37600854877956,-0.886131130258705,-1.58627654562075,-0.429462744358319,-0.866202505346915,-0.155540670710023,0.710240426383613,-0.014991610391953,2271329
-0.0923441358933407,0.443476344438368,-0.252161426343581,1.03573915514232,-0.0176950231709373,0.0922914302255245,0.797689316580874,0.413374426139217,-0.544874433335886,-0.556288840877781,0.602277703785016,0.829605199261288,-0.422177473639782,0.88012810459032,0.538163600770379,0.357309873041071,-0.468090900623885,0.487066246662447,-0.242514491062906,2274521
0.643139999775248,0.582421419809053,-0.860881699546425,0.385208058992091,0.0457599823294483,0.361783355081564,2.62337223231873,0.416234207097794,-0.546946053047156,0.431656544502989,0.04830648125158,0.50052294920824,-0.715141619265049,-0.485896905945609,-0.0231434262642476,-0.768273170530242,0.208118208807703,-1.75480542908126,-0.0895450278492353,2276121
-3.76110818991315,0.169581879376277,-0.451617394963074,0.710550005159218,1.14638440297387,0.259594861729139,-0.617704490560308,0.838589276483878,-0.656624342665962,0.919249343080726,-0.608721194184873,2.50810145154008,-0.296159258583781,-0.162733558781106,-0.390937451862608,2.65577106280122,-0.442283002773329,0.506562559193144,-0.0241459353722283,2278618
0.698403254834508,0.839815767445693,0.0315595567769097,0.199416735000167,0.352037914596617,-0.591829726035401,0.695016510238026,-0.212604077035557,-0.881079105019103,-1.36667677400994,0.412964507722523,0.284066079126015,-0.161342915128903,1.03611702540018,-0.356734807884957,-0.728201012759717,-0.343779071812824,1.24426113589825,-0.275542238583464,2285214
-0.949758822103754,0.179504369184181,0.821287925991832,-1.11968384399533,-0.0961358770319937,0.376434151045233,2.00523509745086,0.133841214056503,0.53088775076271,1.06490182477692,0.981094633917417,-0.487568152011079,-0.327542889003208,0.647774263219921,0.730885990427435,-0.741546727688686,-0.427931304674784,-1.18317256744248,-0.286633561891975,2286108
-1.75140480459153,-0.400503512608833,0.272627928005139,0.421507313410205,-0.00260329289682591,-0.17599503683815,-0.617704490560308,0.394306627609338,-0.144387911324785,-0.617806699579865,-0.879326776815082,0.47923398920762,-0.138544943045569,-0.803365334793511,0.597160352827303,-0.890771807294096,0.410973635254164,0.215830813563428,-0.28436617954455,2293123
0.421003506466283,1.00190062349646,-0.871451612023803,-0.480048442463666,0.414350419509359,0.313286208074698,-0.014626644370161,0.452938354375639,-1.25717943318461,0.827625622923132,-1.16103080971021,1.2854720688129,1.69373911504004,0.371947794012659,-0.237474040470118,-1.43282907850953,-0.289493681395864,0.316781229893192,-1.14423067021256,2294852
-0.374543646026671,1.16382285001284,-0.187212613357969,0.399738718198113,0.188545735636877,0.140218523723206,0.148848492104285,0.39309115144976,-0.0598759712755499,-0.440835980342414,-2.71805792713663,1.29697430432993,-0.107853948289747,-1.62962547220171,-0.411401099683674,0.633364969659792,9.95105141725713,-0.416085144243247,-0.376702811794422,2294873
-2.3837550329073,0.0117951704351872,-0.348600590656461,0.485670303719425,-0.251333562771973,-0.438349000111359,0.196031949617277,0.430967255194515,-0.179844081174022,-0.321170523154681,-1.48597826990683,0.955512971813849,-1.43568901285027,-1.57810788714407,0.647293409808664,-0.430036673018051,-0.188059880874298,1.07186825639474,1.88812867963491,2296332
0.0751943648105785,-1.78449429324962,0.752354030788117,-0.0904405595472528,-0.132452669748046,-0.0942990454375092,-0.537770407009325,-0.269429157644854,0.49351868242791,0.335983942794537,0.174750248962336,-0.0228720420475885,-0.305898906184427,0.613788237601089,-0.373521651020582,0.401581396968104,0.290632918046435,0.128557101073394,-0.312276455517152,2305114
0.775643423700017,0.809675725364649,-0.438435698680446,-0.919984646380605,0.461307373781594,-1.23142371215701,-0.537770407009325,-0.0665201082649789,-1.15371337605215,-0.021139380233829,0.782047325653081,0.335061393206392,1.21652800126532,0.196699620297265,-0.379225429873848,-0.524963309153627,-0.446144187574711,-0.0914805463145087,-1.18430669082588,2305115
0.75153658519025,-0.671747128835597,-0.259816677349807,-1.01423074357916,-2.97591991697735,-0.555871552157267,-0.617704490560308,0.0776498209247555,0.765272195316343,0.0748681138177316,0.994262721478651,-0.283618401967436,-0.198623710639811,-1.66084822107887,-0.293928811474776,2.05930327858131,-0.368180000135153,1.20455846875723,-0.157294162937383,2306459
-0.767658965030854,-0.732251380245726,1.25453180954284,0.27818361541664,-2.04872313712068,-0.135331572167455,-0.425940618019233,-0.171747477464301,1.63043591701537,-0.329256796204356,-0.0989209861727966,-1.36435885292221,0.757699714159168,0.323427705962489,-0.369268944387879,0.34585090439749,-0.259083716881087,-0.244328185762031,-0.175436488092112,2306893
0.243969372984885,-0.852775994976787,0.795792513969417,0.297616700439464,0.0818063479559415,-0.239451590147823,-0.425940618019233,0.198127229627744,0.207702464642102,-1.14631878671357,-0.480489954422764,0.197233153155924,-0.309005171985866,0.890398564608288,-0.310431131700775,-0.0810885813281713,-0.290816782211235,-0.727310141308272,-1.27598019819169,2317120
-2.03238042612473,-0.348952380578901,0.478149769620383,-1.00584360585769,0.077699068774983,0.707582782936218,3.76129092265036,0.372309432768395,0.320900109010682,0.0954935556985372,0.417460111368069,-0.208705919862945,0.695770955728916,-0.0414594477773371,1.73462910208756,-0.4716334939128,-0.450144962454575,0.0618240139502291,-1.16426790846814,2319068
-0.217844614023328,0.748100648283298,-0.438778751179576,-0.158395503638498,1.0548841560776,-0.352497118258463,-0.537770407009325,0.201900675677652,-2.22979081104863,-0.544126427815744,0.307882899860137,0.639125072442027,0.3848712019602,-0.169647873541672,-0.378415527797809,-0.32590913059184,-0.306403291642865,-0.37558170530631,-1.12990443761458,2321962
-0.26831788237598,-0.779016043562327,2.78885661709171,0.402080232645526,0.448439149027947,-0.151017556250109,1.23101444577561,0.0903033128197662,-0.708796078999743,-0.0916257649824257,0.641822396559157,0.0793799416036948,1.37770626647607,0.767530650089742,-0.205442157489669,-0.636460279011575,-0.407713573996291,0.263628010521344,-1.26991300696977,2331869
0.230760826680736,0.712647088465095,0.0801972110513248,3.55669479654598,-0.564601000765802,-0.0204205915359555,1.21274640656029,0.112476077863163,1.16726338754417,-1.00110055701399,-0.362795583784463,-1.28820986375626,-1.39707288647763,1.41727490663226,0.0754204783940335,2.31041326624352,-0.427973187454852,1.26353170082762,1.69026325981727,2336735
-0.945154726842479,-0.684880522078363,1.47388528181878,1.20966869716455,-0.304898098533937,0.617645891625399,-0.465560563324025,0.0152426418799707,0.762585726851523,-0.593047055977057,0.598684658262172,-0.0486311881973783,-0.414213495000832,1.63617623872014,-0.353278123262166,0.0667401686191634,-0.475363492168725,0.184777232668007,-0.113058964024,2339674
0.732005094265476,1.00402888357819,-0.829176224192846,1.09889948419216,-0.734699443259065,-0.141501519775045,1.26221564229412,0.395873967116661,0.293802085436694,-0.733364294284358,-0.713731086042438,0.54269543222435,-1.33490725607508,0.401688820158613,0.721439333986332,0.550703338943362,-0.400983160961051,-0.433176096057943,2.16381803265486,2340155
-0.944405281459701,0.182099887726866,-0.559578340864403,-0.2429251070687,0.200128717185206,-0.0443970220952147,0.297013014709373,-0.505414257481589,-0.693920491149632,-0.0511310587452505,0.805821674751502,-0.868356460237616,0.0807214990902145,0.0370384394460964,-0.288540721476255,-0.633718556746728,-0.451539774665516,-0.184852239053331,-0.0945607383863574,2340322
0.367452056586285,0.649090387261687,1.26474066650789,0.410443251417126,0.20188947608568,0.859796367070426,-0.617704490560308,-0.663732248241855,0.481411554178718,0.0719281040347903,0.567387408979876,0.279331933157502,0.0893282474775249,1.99055865451043,-0.365036514231927,-0.63290407803531,-0.457353121061209,1.00426463205039,-0.17466412430892,2350037
-0.456467542275666,1.21833673535087,-1.16639969411487,0.592290792549521,0.951773953603362,0.491168029376054,-0.537770407009325,-0.0154549784121889,-1.3075565761381,-0.187457849683934,0.628365905237888,-0.403065889042159,0.245399239536843,1.23301974667713,-0.298322895509638,-0.229571509559782,-0.433993606471406,0.279719220308853,-0.0523634036182274,2352038
-0.0223913097374272,0.849552294508907,-1.2634968297622,0.0826747430338944,3.04035109077508,1.01756213212488,0.746634512819446,0.2014307652393,0.133469894883266,-2.65242280773981,-0.834985328759648,0.177302529070737,-0.0744259478677186,-0.109328972806899,-0.410887536933439,-1.34893814841801,0.556874045256628,0.847850356341492,-0.159035951453974,2359944
0.45466556409401,-2.24824053249016,2.34016986082169,0.0887721270012375,-0.887729968210177,0.00923930256541608,-0.425940618019233,0.327021822365948,1.30974249930852,-0.858487030290497,-2.05955576767701,-1.22198874763185,1.96303032181216,-0.00787048114049732,-0.226359807181139,-0.167742424929092,-0.275412976066844,-0.259909034529847,-1.17429282760505,2381907
-0.00957512792335869,-0.552615486141958,1.23496655305535,-2.2275450678084,-0.15652861701271,1.05388582150791,1.18084465502678,0.561712253429975,0.626390162909458,-1.19185259571362,1.16890530061711,1.30411021749202,-0.228452677124442,-0.167847942592784,-0.294655649914681,-1.42297745978007,-0.470790109034162,0.792213888517963,-0.00694179382332618,2393207
0.133628217047494,0.437475560060782,-0.14289528031761,-1.12376167025626,0.356296711243468,0.109336050187164,1.42531811657858,0.131485554437357,0.103521995660984,0.14724105177503,0.129868031271455,-0.250923625439403,2.27592374209806,0.815626515907682,-0.0989040418154333,-0.589963873689898,-0.454070969912863,0.45483979305344,-1.24113818038581,2395415
0.665610809008631,-1.58805380098424,1.62025682561532,0.339956779156313,-0.658490848082596,-0.126778309984234,-0.537770407009325,0.335571912229629,0.70715637718379,-0.756445566888805,-3.09670564247089,-0.592171042474604,0.378506333135662,-0.771510738572892,-0.230691445026024,-0.214390337245563,0.24300239799824,-0.286685417894876,-0.192015959381314,2395943
0.0837348888214994,-1.40184457941742,0.626359230064713,-1.75639200351178,1.17863108402188,-1.22908695362105,-0.617704490560308,0.240460339156991,-0.175438672803703,-0.30165442951936,0.739031283931377,-0.000191332651201968,0.314910780168551,1.18820291631131,-0.122681262129343,1.21399464284674,-0.345913262365569,-0.419761053003472,-0.218626681138417,2401405
-1.17429347299147,-0.0643805335686911,0.639448865178537,-1.68971625443257,-0.103126666784084,-1.2091297108755,-0.617704490560308,0.0681645398038503,0.151808490632292,-0.713410228720475,0.816878065158093,-0.320372297977099,2.31948097186527,0.832665957449402,-0.111087997778931,-0.321833314072872,-0.45976235957428,0.27343757961053,-1.17947305938195,2405144
0.523459501543318,0.620550804014333,-0.625017627439578,-0.537497007148246,-0.263538334653437,1.45338925911121,-0.123531368483588,0.281368732764251,-0.0017514737849577,1.42368367629283,-0.0420227899469413,0.654447241386678,-1.3642857906701,0.932124613181923,-0.288212893098923,-0.867533627969015,-0.474979873071143,1.09777970586029,1.9550304580941,2414406
0.572472224931085,-0.72179212890288,1.41319130496813,-0.390559844685679,-1.73022626105385,-0.349655005783833,-0.578361242833565,0.0807128038768297,2.22100954141232,-0.650961970535738,0.530200744632746,0.491227202723524,-0.935380880641672,0.504203803677801,-0.229981136899054,1.49540234874152,-0.0787750921608749,-0.813903893577061,-0.165660535755924,2419459
0.443639886423912,-0.526268903811772,0.572688726869013,-0.856577836994921,1.08511923069136,0.41192918900733,-0.617704490560308,0.461104513193006,0.172830365782445,-0.554562445595782,1.12725697450672,0.584393259596151,1.99491533588125,0.411021817986868,0.25143143219872,-1.23338829406265,-0.428189391718382,-1.4593913332485,-1.37912209441414,2425694
-0.176762961165203,-0.797730898545608,0.436680546392462,-1.24129723460828,-0.681421873971862,1.0299783584066,1.43785590541298,0.271457020577694,0.341183515358744,-0.806670174270968,0.848239625859818,-0.304741794871715,0.715121008426711,-0.273314824536027,1.54941920588168,-0.530532922082316,-0.467879223353171,-0.224192228155818,-1.13917092541131,2426863
-0.416680477354883,-0.013880882615798,-0.311653831709686,-1.02827689681796,-1.90483399701507,2.78763874989911,2.40071114612575,-1.36288559261592,0.45840949354571,-0.571299121353029,-0.169793182404113,-1.41216793946137,-0.363641279622615,-1.18617108416927,-0.352883453774761,2.94436202599729,-0.199193292939103,1.72214223944675,-0.217501185531877,2430773
0.63410524142317,-0.112683962463144,1.18765787624537,-0.971857041016702,-1.22241061651961,-0.136320309441179,-0.617704490560308,0.2033471075495,2.33592842998558,0.922439718929696,-0.239451960896502,-1.02285537489082,1.9194662388749,0.290834115059835,-0.323529138754869,1.36373175483222,-0.255155007495941,1.23978419956203,-1.15541717313289,2439458
-1.26244429067481,-0.196810876675393,0.352019901377679,-2.06882165738672,0.448555849395028,0.759844006288298,0.683769195678754,0.304338755552471,-0.572933665120543,-0.791365751740302,0.943978203858149,0.318365502578553,2.06768242531236,0.0146590284254975,0.0125681419455671,0.115559394535744,-0.426350968388978,1.6805682143432,-1.23255825336681,2443354
0.477360272551875,0.856964709651828,-1.24181073723593,-1.18195407168568,-0.0767627304114035,-0.36538770119314,1.9551704251852,0.425310390518584,-0.418380907342085,-0.880317827351327,0.940629914339144,0.731326754661187,-0.0478237113503795,0.307772976528343,-0.044405805549742,-1.49465686811043,-0.420145395923888,0.550759711405181,-0.272058094708704,2445526
0.272205573736954,1.29735055278779,-0.325000295223633,0.066987721314561,0.333829727072313,0.308594797934808,-0.617704490560308,0.507771194671363,-1.19490419195424,-0.769461258956989,0.507266847836407,0.844919254256913,-0.155481798539797,0.113038593940946,-0.0914490260513199,0.25473517357737,-0.426321749307198,0.61712548866194,-0.0847436031061338,2448298
-2.38998414409896,0.953823130482789,-0.762732686957443,-0.204438477036809,0.173188176685812,-0.793346266382989,-0.394792862764244,0.142657007505941,-1.08692261027048,-0.0557920649003939,1.1762378238739,0.624322838369106,-0.341079897232289,-0.715497026735549,-0.37942145831844,-0.262332825976059,-0.45104064585881,-0.100279834282024,-0.222077079118859,2453577
-0.100323023137846,0.898914620257405,-1.23013080759693,-2.40397337380483,0.547390194053753,2.21352525750766,-0.617704490560308,0.488375577508837,-0.904572921328417,0.230721971700333,0.094343020113386,0.661018730545518,0.670577330722441,-1.19255513119454,-0.349542872011978,-0.173567665423939,-0.389353404764183,1.26464520281539,-0.283971771935381,2474709
-1.23624195781727,-1.36627741446143,0.419322560585579,-0.0990900589781425,-1.8347448273369,-0.820306811849904,2.29117995236456,-0.113014272055625,1.46428885428177,0.355851496132781,0.53833142889031,-2.31583016110849,0.0368551448686509,-2.59027449674829,-0.366493295119996,0.378017088020675,-0.0486560536559902,0.622148245727824,-0.172775956192413,2480056
-1.58711395959706,0.148432096805637,-0.546321349290346,0.254462355694407,0.472689128333418,-0.405558700744843,-0.425940618019233,-0.832128887727803,0.750930905484291,-0.301230872845404,0.178338189717358,-0.0488011159866487,-0.2840529025522,1.47695318676382,-0.247977418429909,-1.17079596350985,-0.446610025197072,-0.389163758825549,-0.121272342221878,2480330
-0.268918247698153,1.0892012687864,-0.942088259990852,-1.51416567792203,0.233234820315666,1.74155413322511,0.149507236682239,-0.0419749365694915,-0.604463473760192,0.0370016616232665,-0.110441491173366,-0.708445521971311,-0.367897025580442,0.541937278790102,-0.24152605975146,-0.460396406110836,-0.459989141401349,-0.535143223522102,-0.218014201011028,2487135
1.00425457942112,1.40925372325351,-0.485910037091916,0.518996339235631,0.498160198977146,-1.12149375189065,2.24045255779275,0.458682214944544,-0.806257748089959,0.130228677771397,-0.14288545894237,0.891738935281295,-0.451538702193923,-0.951762853347538,0.292455979613694,-0.112284782639797,0.0379579442772081,-0.0996995327196051,-0.458693469946798,2488660
-0.492029771222744,-0.13476938239569,-0.128291313451082,0.247799126894523,-0.200148409501813,-0.67354810881729,-0.617704490560308,-0.000162307999444295,-0.327295355998989,0.185915902280081,-0.274330862732681,0.108659461569722,-0.0425620370833919,-0.124244296864189,-0.224064805118716,1.03836568534777,-0.302156522882464,0.190094518500747,-0.371075104318399,2490180
-0.854320159610576,0.842657586544934,-1.14851293822975,-1.3491924507063,0.520491796183703,-0.867121649801195,1.45235852620065,0.346338935681876,-0.614904809877588,-0.304822339434399,-0.369272428193323,0.181376480280182,-0.0881456198506532,0.0404050200509737,-0.266384453346787,-0.228019924032005,-0.449863990486412,1.48552167386195,-0.163799830966133,2493534
-2.86880730404454,1.23370319298062,-0.619353939366939,1.24355961926915,0.840571603289865,2.59201802553969,-0.617704490560308,0.102824015408784,-0.746070787026357,-1.41044438438814,0.868612718263232,0.10436964389823,-1.56991465067974,-1.73530157066195,-0.335921883544724,0.394958578479294,-0.410989268692616,1.5899768841079,1.88992633304065,2498991
-1.6079628649701,0.359335439463703,-0.989262373284171,0.167400878462066,0.700231855455483,0.423344725926819,-0.0974967774601309,0.378726786448255,-0.91347879896908,-0.372303947905121,-0.160582572375793,0.973647188703031,0.256355913557493,-0.703679183796237,-0.238893841173731,-0.249844856578999,-0.443778603351303,0.563382773837084,-0.100582071778031,2500377
0.55310658377489,0.222668030499877,0.887065312297475,-0.469517425658265,-0.617489141680906,0.509566270949871,-0.617704490560308,-0.257155210503614,2.68346483049105,0.362198882165857,0.332581570700202,-1.02166129568009,-0.81520536640341,-0.713212782761458,-0.41154813741204,2.63368602738866,-0.239228244865017,0.35029227737429,-0.274351623880555,2504802
-4.22375187549332,-1.0614271541599,-0.0271126488194107,-0.52302606261585,0.0344293665117835,-0.104359972668769,0.865224377296704,-0.211332220677561,0.857582719272909,0.31717706347905,1.13569825147763,-0.322387114352754,0.537158174489626,0.801518413258628,-0.398499960813145,0.67750034536053,-0.0914525898439496,0.637801784116865,-0.166919725966689,2510402
0.35315599901327,-0.153477359100221,0.305084222919237,0.88749638779424,0.090502270469322,-0.0186328163196094,0.543257140561568,-0.198691034330613,-0.723421735236536,0.407006575870191,0.175474453505455,-0.1470711226364,0.0714397077863214,0.491068079055047,-0.254418325477573,-0.87834678104128,-0.427937753414641,0.839635526433665,-0.228262253257668,2520618
-0.591094040315178,0.685296253178846,-0.20127854424825,-4.15882034550296,1.36280830624217,1.65688309367298,1.30288054159268,0.383177829614598,-0.736801357602898,-0.612521107294877,0.61413335823683,0.798428426815297,-0.377556415212328,0.218693380119934,-0.306279611757884,-1.28881536852294,-0.438906435768307,0.584246245349615,0.000896379615636969,2559453
1.15822163328708,0.585939910248434,-0.366101013262995,0.633780331542829,-0.177730963561072,-1.3098355040672,-0.617704490560308,0.350464306439726,-0.240007798367942,0.384590615168355,-2.27503287825802,-0.104767692478844,-1.17262815210716,-2.18992216961676,-0.128436686330775,0.0827046844908861,0.112160126305879,-0.594619841897037,1.81048369121018,277752
1.09707464192926,0.48767008985558,-0.528255302915503,0.653231433771275,0.00297785383041037,0.722001910756718,0.222064007745732,0.434209107846923,-0.036529703849382,-0.357629411156084,1.74976789396475,0.867604790513548,0.68894343741703,1.94685610534693,0.229897581740408,-0.140172195185698,-0.457081496771626,-0.714765422867435,-0.191529252401011,308862
-2.01245813002991,0.607749903240991,-0.320825189814925,0.984508821752113,-0.33648111022944,-0.750881627984316,2.11094218222294,0.287221674033098,0.288370207691219,0.824129134568459,0.479957355576879,0.204039644822047,0.749198387557808,0.462077463916158,1.4361622562866,-0.081213847317547,-0.422328428678438,-0.526454439864054,-0.239300161966332,58325
-0.381554960253218,-1.74664443364239,-0.179455108336677,0.443509405580745,-0.424085782337952,-0.330629645238823,-0.425940618019233,-1.08726273716762,0.694821955305947,0.913243849945964,0.175796604241031,-1.80892996803817,2.45430666553326,0.494164585677179,-0.331576936016567,-0.766857604346492,-0.114997824752268,-1.04772592437725,-1.30037589945229,92173
-0.480345683958706,0.358881227392547,-0.51785324472478,1.22746250007172,-0.172629610128946,0.077436937812844,0.989539933800847,0.43906318105682,0.188351538962715,0.351384407117765,0.885208880407709,0.473501256683184,-0.513948893320153,0.639473829119558,0.0701288569002927,0.621384137423416,-0.472433717430092,0.763745727748446,-0.253101159998779,923666
-0.0157551088468639,-1.25883646016806,-0.0309970574876211,0.496134929160454,-1.07330708492515,-0.585256738574599,-0.000203980271357045,-0.503598261086334,2.04704768871072,-0.550153445412205,-0.269516709674563,0.0846172708601898,-0.18440516071389,-0.193379809745103,-0.396490104353566,2.24378039870962,0.369924997623443,0.557947174362571,0.0648921062222917,965005
1.1038587136652,0.336118851666918,-0.449636300626342,0.783432340373827,0.492006104995716,0.199509097935918,-0.617704490560308,0.437714426699433,-0.0472871496960186,-0.230120679114347,1.29627008513828,0.365758965311841,-1.62145418018873,0.747155134830041,-0.243287657696349,0.263956659722082,-0.386336664117693,-0.507213023632415,2.06311387141657,983079
