"mkm7d_gtv_wavelet.HHH_glcm_ClusterShade_250","mkm7d_gtv_original_shape_Elongation_247","mkm7d_gtv_wavelet.LLH_firstorder_Skewness_246","mkm7d_gtv_wavelet.HHL_firstorder_Median_246","mkm7d_gtv_lbp.3D.k_glszm_SizeZoneNonUniformityNormalized_244","mkm7d_gtv_wavelet.HHH_glszm_SizeZoneNonUniformityNormalized_243","mkm7d_gtv_wavelet.LHH_firstorder_Skewness_242","mkm7d_gtv_lbp.3D.k_firstorder_10Percentile_240","mkm7d_gtv_wavelet.HHH_glszm_SmallAreaEmphasis_239","mkm7d_gtv_wavelet.HLH_glcm_ClusterShade_238","mkm7d_gtv_wavelet.HHL_firstorder_Mean_235","mkm7d_gtv_original_shape_Flatness_234","mkm7d_gtv_wavelet.HHH_firstorder_Median_232","mkm7d_gtv_wavelet.LHH_glcm_ClusterShade_230","mkm7d_gtv_lbp.3D.m1_glcm_ClusterShade_230","sub"
0.207493165821138,0.69847015605371,0.744525105789163,-1.14724958975154,-0.617586150467894,0.272232144557935,0.122345686821816,0.0456325279689637,0.323824572522319,-0.11848496437236,0.443661480099808,1.10620067850787,-0.498990939681538,-0.0682221203541666,-0.61279953854173,1085983
0.0814043570651641,0.962137579248856,0.516744168105671,0.00788222624760714,-0.521554424587981,-0.676606086439224,-0.148041722047554,0.247086578066546,-0.327843624406603,-0.0952060348113571,0.414802451160534,0.796438141055738,0.0604266706145087,-0.111009565992263,-0.300251941166803,1125173
-3.50732154472751,-0.8858295034978,-0.665102433029827,-2.4156476654152,-1.51636022233652,-0.870363260274114,0.201768397652277,-1.22694169470588,-0.437148403081325,1.79856567526114,-3.17372246749319,-1.6700560069843,2.52997366512887,0.937973243123692,-0.0927537951122579,1154608
0.110217256766379,0.623014364482949,0.271768751614941,0.329369422410657,0.272536121440004,1.11833607745941,-0.285312068642163,-0.381148661136205,0.808902802912546,-0.145501608843604,0.258441787296652,0.822227092376877,0.0648610936499519,-0.157166064512499,-0.810427113761723,1181124
-0.41080881474985,1.17941388477205,0.646264350305489,-0.467270583629751,-0.774354554703394,-0.920263387831311,-0.144494312781216,0.453993570242578,-0.481190302973396,-0.246888540240234,1.47691602235127,-0.241603380840388,0.762029651369354,-0.263280285568277,0.637573287793687,1183075
-0.209112183659601,-0.643321885140262,-0.102487079065921,-0.537948082483609,-0.0400190569378619,-1.2543602923762,-0.570896831747251,2.53733774966538,-0.732605628114635,1.80779747788172,1.17981428863413,-0.347241854915511,0.828016054560218,-0.272134730663623,-0.856174883771076,1232870
0.0942998727894825,0.753640874637782,-1.64996825883164,0.404721342109692,-0.361569037809692,-0.203695412650883,-0.405370899456317,-0.274171482143047,0.0114936950633537,-0.112549086385124,0.324142677677797,0.738301545200129,0.0850872857136554,-0.303544619958727,-0.180131963543294,1279943
0.0108072554287683,-1.48853422497875,-0.131946154454393,-0.325697430080978,1.18155856395435,0.964529822710259,-0.36724402863527,0.585385645157083,0.706894140655434,-0.188639504447857,-0.173877004664841,-1.60397004644515,0.316619036981385,-0.175845496515682,0.541522837831571,1329352
0.0485759675083397,-0.447657071602672,0.672788459837653,0.0831142567779258,0.632755555804264,2.39810537397344,-0.422353514226869,0.104232604886957,1.5076652156795,-0.123499997900238,-0.087109486289681,-1.37603671622577,0.217520099897548,-0.216471266130575,0.0264229551383617,1330263
0.860320905575729,0.655066831636685,0.62508683581028,1.12714133867139,-2.00906362121324,-2.70520719976103,0.0255742237209645,0.79346956615097,-2.84240086549832,-0.0517009269191412,1.10064571319556,-0.578075999521888,-5.58176603698045,-0.141696147420749,1.45827040128529,1364384
0.208744681172926,0.363635750342831,-1.2300948042104,1.77984197596758,2.53741763282759,1.97398083495444,0.13278706672768,-0.0197543436877195,1.21120841875802,0.00223567745443777,0.734306783355531,-0.943475186393943,-0.132312170058592,-0.283007939950146,2.72039399380924,1386095
0.263509158834227,-0.362001457343579,1.32016530792826,0.824482984057034,-0.21063607837736,0.245635486938051,-0.208853659945749,-0.0298316957879285,0.304138046029865,-0.164579196017156,0.0345795239733883,-0.982195069017342,-0.104178519270766,-0.105893030907099,0.54045903683098,1458656
0.00604241323702692,0.146635415210695,0.850787303737174,-0.373161755883254,0.762248354985121,-1.65578945835589,0.151091005695037,0.294667759830047,-1.02257905029021,-0.123539650045136,0.261991157180256,0.532727165187558,0.483261147503853,-0.0897137152667181,-0.547758742488199,1485662
0.045988596093644,-0.378308628064865,0.355667728868695,-0.202081901260897,2.40066923878402,-0.530470079366157,-0.295584235187856,-0.933495723896794,-0.24748624275987,-0.115895733276963,0.495295131024216,-0.213830036761333,-0.0324717283844055,-0.223253784067752,-0.561581152439719,1497807
0.125816850690153,1.46732281128987,-0.306883043829126,0.0429678975875985,-0.552578737640249,-1.47976304665332,-1.71418815698945,-0.325082613672954,-0.919240261798559,-0.121869256956099,0.059668560287697,1.70581052643604,-0.0150068174083615,-0.170981356004271,-0.0793447437921947,1501387
0.395886841859961,-2.11439199153579,0.516353720417978,1.4303424029639,0.16775521311392,-1.29143245869971,-2.31680790359428,1.07590762001676,-0.805118919669872,-0.168292944764875,-3.36748798136041,-1.33821568673436,1.35967344816461,-5.14905792285319,-2.96820940471503,1518948
0.841598416599511,1.18685892917443,0.549977334087429,0.0930271892831437,-0.489045852665364,-0.257810510164451,-0.456882498540831,0.214095761870238,-0.0123101952914112,-0.269517248148417,-0.0100684908535127,-0.349201686809449,0.159942886702146,-0.297012257079659,0.225369794771978,1526417
-2.55886193669952,0.353180363437608,-0.807328257671216,-0.737563240455431,-0.0838787735871801,0.107218090680043,0.538862210525039,-0.428863195876875,0.225834953216174,0.0985294624207358,0.525626971206589,1.23937153475419,0.455636658560945,3.85934321473068,0.384436251065198,1565177
0.103579235128184,0.44411516853019,-1.62337826732146,0.0500874083003418,0.376942073981409,0.271302147826081,2.34155226081092,-0.675178737358595,0.322604611020948,-0.121504699401466,0.313766205054448,-0.0479086016323747,0.0849561950342458,0.0306809616069059,0.245386431664814,1606693
0.0853821656823876,-0.520238955852486,-0.382167846297815,0.515544867244003,-0.0635658259036938,1.28544278180087,-0.0140788523507052,-1.03730891784574,0.902660937366574,-0.124029924142616,0.106970501543902,0.403256439431639,-0.0638296831264481,-0.0838316283113282,0.410671381140099,1612262
0.227541242703922,-0.310872187356838,-0.162196034667702,0.07546246478887,-0.562753854938657,-0.0497735619161118,0.539920646785727,-0.446380223393325,0.0788352387255211,-0.166805962804406,-0.20534476168797,0.430438044809545,0.0594991293503721,-0.922668699083408,-1.21929703805483,1614566
0.0866910496981552,-0.32339521099519,-0.676083340800865,0.189373237971287,-1.52712888841763,2.48114097911928,-0.724574038886898,-0.812676957917675,1.52256280755849,-0.124458695486226,-0.016449359296675,-0.715574095612324,-0.123579655487863,-0.11031200841805,0.382344511711057,1644034
0.264075062189095,-1.01341278083625,-0.343158026987803,-1.25925671768701,-0.352441190029924,-0.455041902716031,-0.0155772257396099,-0.0162832916185991,-0.154030673137078,-0.109962492216856,0.236554206094898,-0.840884954206186,0.39225608339335,-0.0927728704709139,-0.621606800005706,1668599
-3.16518927902103,-1.33231230633857,0.543191098892262,-1.32271093782011,2.1691605587533,-0.910280762209992,-0.148559602884413,1.10870179707724,-0.512611344045843,0.433377528020836,3.75248929627716,-1.05973398640578,3.49621154704884,-0.14781774501795,-1.66648403549483,1671370
1.34309321199498,0.79617137603312,0.919097330570226,1.18799819596012,-0.033955303130447,0.87357441289175,-0.12915864809028,0.264742447665761,0.64178682236391,0.100149581851709,0.126167602620538,0.439891853901493,0.276314143600428,0.0158327526688925,0.0999372021105234,1684230
0.0314908852947431,1.21009201148683,0.077350988607291,0.430774024164563,1.16641296341703,0.687764850565483,-0.694397271307263,0.470494790334894,0.558375531890364,-0.127698260096254,0.261305105206105,2.13895556958249,-0.066904930642479,-0.466425046710162,-0.0491825816819918,1692385
-0.0814959581597297,-0.328802924185343,-1.60496067458065,0.0201394684784968,-0.826571052971546,0.674892210174125,0.753545995098016,-0.463557249251287,0.565591651671662,-0.0147907975290967,-0.102685761546196,-0.59684527512536,0.136888836571624,-0.0384722514839581,0.0599911859415984,1720713
-0.0223100719462047,1.13386657406349,-1.35741088711405,0.0113551420630978,-0.280123790652699,0.261323639636171,0.310912535500857,0.340644831204772,0.312242236032278,-0.0875695022325937,-0.332006607423317,2.27236949683126,0.209423981781345,-0.095312283268732,0.141208154276506,1738800
0.0876220589091652,-1.2927661108235,0.170836697851607,0.159486120783596,0.0460070351307639,0.481105234413765,-0.32498637466866,1.10795334138457,0.458272991443431,-0.132795718311281,0.0760360592890785,-1.04667599375971,0.475302426222869,-0.175745627809594,0.406993455825448,1740845
0.924561164476819,-0.364968697797447,0.80070846606536,-0.954236034600001,0.0903681396359853,-0.79376635957447,-0.731981771833995,1.21154923132956,-0.384078778725624,-0.117999352057222,0.831971702199208,-0.38251068760625,-1.59124827717389,-0.953540690280685,1.72224197882826,1742294
1.1495232742404,-0.278366282503119,-0.897274871746745,-2.21868326903169,0.194488960843907,0.336417734108877,0.493282180898144,0.468912636368505,0.358895585480455,-0.0468276862646036,-0.996559624790713,0.308141245948789,2.04283308246617,0.19178591255258,2.03639336525897,1767700
0.0933997445887817,0.346343764089411,0.248274756031499,0.229431359399259,0.210126630915704,0.572994185515001,1.23110387619276,-0.850495603931423,0.504601831009673,-0.123719872841281,0.230877878454326,0.146638646983544,0.0485054198792002,0.262112083933509,-0.0528326185648537,1768972
-0.262126937484754,0.344240716889966,-1.39619495657079,-1.01037475997697,0.784992258576952,0.189001847174074,0.35875931019379,-0.805387748572523,0.277222638583721,-0.0991840496154886,-0.672374427109766,0.00696185386081,0.154530090964833,0.00295877586533838,-0.466517926260137,1889409
0.0807810967589574,-0.577509722958234,0.778516916428875,-0.342151600523402,-1.37505961602788,-0.0370818253901126,-1.03976796434959,-0.0464491557634895,-0.888482144752054,-0.123209841708577,-0.88186247394348,0.442788700561938,0.368632306104191,-0.164466594835046,-0.73499281748073,1915938
-0.00577030173046769,-1.03786059356782,-1.69470311422975,0.312684753493563,-0.151160822340986,-0.148510233470002,0.0818332556353825,0.425079545062521,0.05568750706201,0.0160713981078292,0.328134032790369,-0.985615695821922,0.144086690751362,-0.0946964008317202,-1.24818951542872,1916742
0.0950745939215693,1.8427269248102,0.388198226081041,0.597047180364305,-1.16159077198422,0.805484082305966,0.13994385186636,-0.604049615469616,-7.7287006786015,-0.113887936268798,-0.230078106408574,1.24703259868161,-0.613223690613212,-0.132606212420387,-1.84224745180238,1919296
0.151993799615439,0.771152517679206,2.35320587203242,0.775807582066167,-1.06552002406918,-1.21654672414532,-0.46154352963601,-1.05068231641307,-0.762039422838707,-0.122601483329488,0.0776298884640271,1.73857332311571,-0.157071987792358,-0.16042061107945,-0.140806018202571,1926770
0.373341892606513,-0.834611120491842,-3.73479948706181,0.02566203548934,-0.322114738340968,0.4906042662875,3.18210673682418,-0.525351662738567,0.463224035185584,-0.0957151900378909,0.21769528878692,-0.761800223154846,0.0545484056172992,0.0317635800902251,0.283016019398565,1938156
0.179574528602919,0.416692437082743,-0.19442143523532,0.378596064895215,0.135618663370588,0.414044467888153,-0.0955710320645728,0.704398818283132,0.406333461794829,-0.122401264388762,0.14077453062855,1.2562956144084,0.102586317876182,-0.102847540365435,-0.119544601464256,1938561
0.173842650524576,-0.382074986644887,0.985765261927465,0.29999964716864,-0.000483327820969848,-1.86408430200241,-0.419020720771125,0.158451083983744,-1.40179134954457,-0.122193280896502,0.511281109198599,-0.361338733660135,-1.06724758882277,-0.196933791674405,0.0586296037238757,1966316
0.119605341793814,-0.547924233463134,0.921057182086648,-0.335427686615064,-1.90105119793956,-1.09625092813597,0.174119333281421,0.689451660852091,-0.594441455660983,-0.123280500215293,0.451660060573549,-0.335140774967176,-0.304032762359598,-0.0876494768812884,0.312872614054102,1967281
0.129527468326631,-1.15730347984324,0.487158822218666,-0.316749345298091,-0.610507802451043,-1.53497677240536,-0.0731032288227541,1.25326772542618,-6.77871097895544,-0.125809342167133,-1.71803468779754,-0.280617972851056,-0.332094758748127,-0.109344738425808,1.94242851325158,1973544
-0.772448594790072,-0.21703094704056,0.792276097194477,-0.214320134337927,0.847417651831898,1.43526900791439,0.0040088610581772,-0.916828539082288,0.967292115071624,-0.0966455418414744,-0.0412089424206058,0.427454114694408,0.406994220352147,-0.11311117415948,-0.740785444199655,1975401
0.0946280898090326,1.03252010456709,-1.57481820248134,0.622672218877934,0.184104070230079,-1.62534730330291,0.00925468635463146,1.56021076112283,-0.99422463714436,-0.118025790232094,-0.0906968790635649,0.509930861525611,-0.105815095485064,-0.0833649424778324,0.67936327667226,1976407
0.114837305241917,0.0351420845702384,-0.54025777116531,-1.40550202829381,1.49354603811886,-0.561798318043372,1.81494913530988,1.41249860660072,-0.24781883707639,-0.123133790735816,-0.309053295726851,-0.064073624996048,-1.90915873472702,1.09482468098777,0.852825956332305,1978972
0.155960067313959,-0.577341057944758,0.797145951476044,-0.8168615736851,-1.15791249144715,-0.591549583995639,-0.250868476456253,0.398734421302182,-0.27410514905636,-0.138100445214203,-1.18242336787079,-0.345372093150059,0.294563698774631,-0.358808269248068,-1.69377324108325,1979045
0.0931025979975271,0.0236697483678978,0.767268671290564,0.300053195722026,-1.67028822382336,0.287839621056012,-2.4179701412501,-0.117179187386657,0.288103414858855,-0.131886788000109,0.0476565926358333,-0.378005160806538,-0.0709341349316967,-0.0998074855999266,-0.350706182040512,1979422
-0.677808106008274,0.343070831821898,-1.05420400504403,0.70698049617025,1.97822982047573,-1.53497677240536,1.78809568898715,-1.20051907769004,-1.30181586032312,-0.178970635407433,0.813639759102852,1.05766164775072,-0.0993721853651902,0.0460328608986764,-1.13044815708595,1980052
0.118564671513056,-2.19121090030807,-0.724090480680104,1.73717970865654,-0.311840776031898,-1.41182144364461,-3.80434609897196,-0.208317390733435,-0.930906398499566,-0.131730984037814,0.153250767696212,-1.43450092633157,-0.322175569852859,-0.49073873760267,1.04348565282635,2001182
1.43955692910126,-1.22181136349908,0.810418377375328,7.34433345925688,2.55515498340338,-1.19784667698988,0.282294959204147,-2.18262985122672,-0.74076062895388,-0.269368780575286,-4.80230104660734,-0.453477607326258,-4.73971267900035,0.0443826060755925,4.12586235570036,2002465
0.0940100401747428,0.372198135177628,0.370815021042338,0.796023184667208,0.00494544628702655,1.08633938487133,0.176637657197015,-0.190357037217829,0.536652326617779,-0.125050777269385,0.45746432409053,0.442172552647169,0.224291938218183,-0.08412544180383,0.123657179518823,2004451
0.324724263479694,0.647199389606937,0.106260020858041,0.40272086170287,-1.39505678372265,0.0478259756529819,-1.45834748105648,-0.221066322816892,0.152594559494096,-0.0822887389681357,0.582155464709966,0.772404288106745,0.603691925505401,-0.385615706831634,0.59112864297788,2006164
-0.0889054115843654,0.514079988310174,0.264862282713667,-0.205934567370744,-0.26253168220965,0.393375272289731,0.142576058082999,-0.597237958311462,0.400217315263691,-0.122337050284068,0.269509552346464,0.746043146170833,0.0112752644259253,-0.0551501160591071,-0.298485408851543,2007309
0.0856200108487212,0.885186056919769,0.0327198156560548,0.134301155833665,-0.673625957307673,-0.0649352438263469,-2.12617750991269,-1.30424896638933,-0.463741117971026,-0.115640420689535,0.375079121919898,0.486699643587093,-0.0344004538143335,-0.151613562903561,0.603633575171601,2009915
0.211280199824053,-0.450471195547387,1.28281260984635,-0.499459439692855,0.344196929912161,0.101416039739422,0.0473695839349003,0.60171638008731,0.22038710602946,-0.1539342971117,-0.68979415410961,-0.234061239857471,0.12505886861869,-0.131648489668539,-1.04208356006042,2010259
0.269511707800908,0.585254796088233,1.33694343998535,-0.0219648418821276,-0.122776252891864,-0.021954733013643,0.582602901719594,-0.127604613359474,0.12436791505019,0.0980182857511069,0.0153707554144413,0.43034206122469,-0.0370996952901003,0.211760580850296,-0.689508755640221,2010554
1.05043440392703,0.678192645633134,-0.558152728586571,-0.447187595677397,-0.431057560298877,0.641748137737683,-0.777230487512919,-0.36474204739331,0.51651751194376,-0.260159760451872,-0.488811276756996,0.478817889294204,0.119905438579938,-0.3593093899377,-0.686893007111747,2026671
-0.0515521229304878,-1.58854706210476,0.419659021806863,-0.870296538221663,-0.682969849889555,0.114297183803988,-0.0414611220594232,-0.467969521486128,0.219294474399907,-0.0607019823315484,1.01197706967615,-1.03515676602848,0.172636119472962,-0.0968127628789388,-1.57789379510719,2033049
-0.137074756775324,1.0466531711338,0.0875181616821442,0.312043069709595,-0.543324104955448,0.537398659605816,0.768670679553857,-0.108334300937412,0.491479463197806,-0.00302533905496938,0.366974834287513,0.776569667685776,0.08084216690265,1.18202872845433,0.344433718666482,2034136
0.0199355592587855,-0.00270695504409918,-0.0504359052305003,-1.20359551823468,0.0484631156990296,-1.27683429368695,0.437522515168696,-0.683139232029489,-0.760365893267144,0.125720022804835,-1.87992749678638,0.153303632369458,0.996709236028214,0.137071918386558,-0.597919151851661,2040495
0.190111347413808,0.302764231776339,2.32569279577805,-1.84482188403488,1.05518071111829,1.97571450966163,1.20979658362813,-1.03588562505312,1.0609297197696,-0.121783556354222,2.45230459938388,-0.0731567912313076,-3.4297015935135,0.259799684163153,0.266152913573899,2047354
-0.00141600660162182,0.788102502295654,1.07653339149909,0.514309305534109,0.860656642113252,0.159535417719787,-0.0804670636103999,0.338408505006566,0.245083872046145,-0.100828935726585,0.500965857760473,0.454618051219092,0.0226228922366017,-0.0916176044266494,-1.10625479677436,2051378
0.0360743912922917,-0.198209299264224,0.268298426516874,0.0158864283075394,0.626706673167949,0.199817301205565,0.328035376724987,-0.394677046214533,0.282836075690934,-0.111941372092501,0.0149805686417664,0.0714198307559272,0.179506950869241,-0.0641824981801634,-0.100228318785081,2055667
0.0790495182319186,-1.58528290215196,0.0655117103743562,0.286462141754397,-0.0235552703382994,0.764163134667332,-1.66510334937105,-0.254181773999123,0.611065436234176,-0.139166004049195,0.0279223859784933,-0.57374190885243,-0.0792334310920676,-0.172497529856495,-0.158584551421419,2057358
-0.720879550416405,0.510499569468789,-0.573829207971645,0.261518736209731,0.810503066716869,0.56207955519712,0.45089403604985,1.83395794638466,0.505665712318794,1.63096363249432,0.757553276758423,0.539081283123891,0.162188155120373,-0.0545128571323078,0.183571178370701,2059713
0.473750068226558,-0.874997442682632,-0.652039640183307,0.514512996441098,-3.42900165183021,-0.400404335910952,-0.466494362377766,-1.15138318748813,-0.133395863504731,-0.273482528486717,0.986544790342655,0.0647948177149462,0.850212541354088,-0.131971662666458,0.764940397967954,2069079
0.0522683326953865,-0.234723487803068,-1.8594123699407,0.224685071634827,-0.0982637680774804,-1.21702474785035,0.70575886654105,-0.794876111352968,-0.705847466890412,-0.122618607636726,0.46156273541795,0.520089656951165,0.152678704798418,-0.0968624121320766,0.430261988347955,2070958
-0.359276838829063,0.637006286057911,0.398894284693319,-0.299237986256772,1.18776421501498,0.648733896318863,0.0167230321114622,0.771271623113961,0.549915811935572,-0.0602730912788293,0.206813775200227,1.21540810717446,0.206200990571025,-0.107853852468965,-1.81419860089076,2072215
0.14970234189095,0.0814454885282906,0.749491634797365,-0.0580820344696552,0.354629851557338,0.361363413543442,-0.769980228639224,-1.02361263071384,0.348069457423009,-0.125457433197792,-0.104336666428768,0.570864953549801,0.0467390094161846,-0.143660575807457,0.598366905534309,2075832
-0.00133315532657738,0.518945383196301,1.18832055546779,0.193112581559701,0.453612455866801,-0.109214075081722,-0.717319790945384,0.457509503822175,0.0793650996644821,-0.129526887155136,0.132697515632173,0.737617989760641,0.141850617079419,-0.196041918230205,-0.247192985466954,2075846
0.00212980927761192,1.43976150825143,0.638711126509387,-0.557062702191706,-1.53748235428527,-0.00317885333832745,-0.676264171752893,-1.41438625576393,0.0851492406708248,-0.120670501113405,0.43296181071102,0.471198225516391,-0.64055552813748,-0.205637985733199,-0.0596027144748988,2076301
-0.0254138787613345,0.93375773319947,-0.826627310513019,-0.0863682047142002,-0.187392364774569,0.183921852676544,1.53729289160353,-0.585098639837914,0.273869900292581,-0.0981845384315174,0.0586073191437934,1.51168731831603,0.0682122370981735,0.674682681933062,-0.593852150399116,2078198
-0.999324604086886,1.08052341945232,0.28322572868498,0.076252792832004,-0.744357097366671,0.669042201210395,0.212747202069979,-0.160486938998088,0.571218012410314,-0.697694060915024,0.00820193990967412,0.282082302169222,-0.531839447727432,0.108228507649217,0.520615138842254,2078899
-0.0413784056329531,-1.47592074322733,-0.719259165311046,-0.80309455188032,-0.68513398384515,-0.529138756801015,-1.26916526792138,0.213801933276479,-0.187922791476187,-0.129150665843681,-0.773854693575541,-1.5128820344396,-0.0466877071490706,-0.343055090316518,0.0635661526189018,2085349
-2.48382544800036,-0.963367336552622,0.230905220487797,-0.982242144412244,-0.935972990578316,0.398094295831061,1.11626553812003,0.922239463032615,0.388348647271696,0.404327464703607,1.07803398839514,-0.865925462163489,0.345279319632067,1.59146115631199,0.732406684276797,2086044
-0.000976032520276326,-0.277441920443354,0.719928948107109,0.0963416067071701,-0.369429185360294,2.14392683800969,0.402939946782991,-0.756767188519672,1.30138324329519,-0.144183439696776,-0.134368680961,-0.639969979047102,-0.0975820458099601,0.10749581224417,-0.382380572781093,2091555
0.155227104063746,-1.2288434823846,1.41931828412306,-0.14186414770461,-0.247519593893804,-0.793444620417616,0.289463340438115,-0.540479960654337,-0.431974254843128,-0.122176879865201,-0.226820214978486,-1.30091134352397,-0.0635179553787731,-0.0153734534575313,-0.262967286882552,2092954
0.0229581688459174,0.811028516226543,-1.53797504450996,0.375426779531173,0.326677144504189,0.357407944274029,0.0867699793644809,1.20514215354281,0.377012801223308,-0.118639663663065,0.885677105634339,0.341945804417394,-0.148824780423581,-0.214348380972089,-0.0694138501654158,2096627
-8.33039755966137,-1.61723324137741,0.710239995699506,0.360084274227307,-0.774542187108469,-0.895925918229951,-0.00759678853043491,-1.6153856787626,-0.549428953527916,0.0548090323511878,-0.652368861545931,-1.54680000823308,2.77759259896005,-0.229032059526842,2.69139959290883,2100050
0.136307263936356,0.65107443659903,0.860138835514955,0.778325362804929,0.0544103062430213,-1.16784565794084,-1.71775537521234,-0.948554600771181,-0.720400770824197,-0.138676705107551,0.345216668238972,0.347760754540267,-0.218553807233171,-0.168194797311565,1.43244838911302,2108003
0.129850042336148,-0.579137527617302,0.046632175002325,-0.104708525989641,-0.621044709686345,-0.0689070112787753,0.160262374235666,-0.808731582547202,0.111761005651277,-0.134815471106683,-0.00686128982744247,-0.647003672373744,-0.271602294007356,-0.0764892971910912,-0.289592183251592,2109902
0.153860889353951,-1.00870233100653,-2.2451564234618,-0.171973865080188,1.79392104429988,0.70603820354255,1.83405031365115,-0.240669856237592,0.55386526500455,-0.162916893036769,-0.195683589668444,-1.1419123702386,-0.095284681214802,0.531002118408674,-0.235871571184435,2110540
3.59640358953397,-0.282689237492029,0.657289336362939,-0.841466010395092,0.129388026854491,-0.835430831814615,-0.0930336649736756,0.105322353792378,-0.396273243078292,-0.12373247943673,0.0358433584462055,0.898159705694384,-1.87612488422915,-0.179408433222348,-0.308554489316043,2116787
0.639883062982999,0.596201423943628,-0.0545845390381829,-0.410030059730647,-1.13660767861243,-0.44339856696993,1.25372518880181,-0.370069708708704,-0.135402683386938,-0.903000906020123,-0.342550771983841,0.13822047208558,-0.0741829378996541,1.37076522755015,-0.385477348104079,2119177
1.19980481055681,-1.91942972262445,-0.449772079811859,-0.488422511899586,-0.105253549229934,-0.229855477463296,0.188722649282654,-0.568930317855668,0.00521546414716137,-3.92290890673063,0.482297595228377,-1.55187043980609,0.520381601140834,1.88356769921001,0.071467772469461,2131601
0.456083574907408,0.175738352897081,-0.481996047548562,-1.06564399134254,0.195094424820827,-1.82189277250083,0.39939496328469,0.551869812154786,-1.13195875042389,-0.142420232676782,0.409791015593302,0.106031187669125,-0.273728990817895,0.00664513253725903,0.468181253250322,2132424
0.130466596452094,0.392679323655687,-1.47901636757285,0.46286440964803,-1.07649885525413,0.348720498560314,-0.322904720466168,-2.15052891591437,0.372294083719111,-0.126995021370643,0.284798086039514,0.511034793104355,-0.104609557159967,-0.11523445668973,0.0849830039042432,2132982
0.160434560619045,0.759244580460027,0.926156318333737,-0.175291578311976,-1.08239215398874,0.676655334824832,-0.679966696530116,-0.255555341952802,0.572014790841752,-0.13238339474191,0.112263186415048,0.573837795299104,0.238156049921078,-0.201238469881808,-0.901829849489735,2133204
2.6846863007046,1.62063023517723,-0.219493904656821,0.663725399599388,0.218126372697917,-0.0211761026570619,0.070617674064575,3.65185575976358,0.144856129897065,-0.121599193767612,0.616333355453996,1.82316197968891,-1.52215028321682,-0.420199185559159,1.22534737445094,2133380
-0.925535681465615,0.461584670197623,-1.98757531960077,0.688022627076774,-0.0476148080055181,-0.50930399416836,0.144444366939615,1.6482130707305,-0.181064316482171,0.00959525771759676,-0.359431985220468,1.5677657101161,-0.361986118224023,0.0883363321640428,-0.156356088070814,2134220
-0.676053513771996,1.66246866076595,-0.507157870244884,0.150841183732839,-0.149625238842325,0.866355972519824,0.530002617999851,-0.444274021286643,0.680195775047425,0.870197324539553,-0.310650699002519,2.15395465938949,0.0262481517504643,0.321895972863801,-0.233301953264672,2135748
3.77957733446022,1.03170229872514,0.509826048699903,1.61435893558093,0.738665889031604,-0.642017881459722,-0.0722368434712175,0.251148516208829,-0.261854898184868,-0.090024693185053,-2.01693332864253,-0.216163063505936,-0.255173786029503,-0.129802672047963,0.153991446174245,2137799
0.0870775576819862,1.23099825543478,-0.414198302078099,0.129177489757735,0.537466590618717,1.06969975711069,-0.269842576070183,-0.898317014786964,0.794767485695213,-0.0708453861552559,0.0324125404614183,0.936222166486533,-0.0295571562901666,-0.120850554668692,0.138723190132276,2138375
-0.14316264169518,0.404945351629495,1.17613717126357,-0.524543499659688,0.796684360295939,-0.189645199623148,0.0885766643902956,-0.435970618960179,0.023139627586582,0.575412000632084,0.0177052561595674,-0.309558549851542,0.079326135566139,-0.0750804735743549,-0.641001111931044,2138678
-0.400685505818176,0.711154850993972,0.7384005860157,-2.43626996736498,1.23198588035609,-1.99162621938616,-0.744823937614835,-0.510581125352343,-1.27125801722591,-0.24862061497134,-2.04226825391229,-1.71187627432904,0.106865323850759,-0.578896241884299,-2.49324393982182,2139733
0.224284677100026,0.828222250128241,-1.23220309345234,-0.314119856650789,-0.103113922334163,0.117987532208371,0.251878141775587,0.604125451667561,0.229390711741843,-0.115279098506216,-0.296621455787915,0.338523578532022,-1.13948854646347,-0.0108902267147666,-0.328789464843475,2141116
-0.0113765568072596,-1.16997529686111,0.715007386855417,-3.43092477534909,2.22634308151589,0.234925726479052,0.445559922632685,-1.21121831316561,0.295175006864752,-0.144034785092184,-5.05926020339481,-2.43244707845226,0.503323493066097,0.270187441848613,-1.63621931549678,2144796
-0.16082122953213,-1.21213826956798,0.204380942263904,0.13648564385112,-2.63773102041484,-2.12308380967395,0.276967226836936,1.49383229868435,-1.4585793238816,-0.128818784048443,-0.356050588695471,-1.66087365449925,-2.04018078218708,-0.0498823712113655,0.939705572924508,2145166
0.381051981887808,-1.94533783358834,0.203613716597955,0.0740570524607761,-0.56320155253415,-0.81607704441137,-0.0160299618722704,0.669349587487694,-0.383415207936265,-0.115069584760319,-0.289503697460973,-1.45270728113733,-0.981878040099103,-0.158319093840253,-0.459614367369153,2145694
-0.00235744763652483,0.256617482807473,0.80110090247419,-0.621156075993718,-0.0359617344129691,-1.59769622636965,0.351342507707915,-1.53991305990303,-0.969697670435716,0.139289250106195,0.415299540575668,-0.935682879270665,1.66616965846222,-0.0526266707418535,-0.251894935778223,2146138
0.361476418503624,-0.150842105640216,-0.440274038538223,0.36841631344797,0.130020622264642,-0.0620992349387855,0.0985375331349751,1.81201766842218,0.112895792876373,-0.069176089949504,0.532260251217212,0.476463923880031,0.0697094205895555,-0.0615461642183847,1.39730631365537,2151024
0.0539154634172035,-0.676020906485583,1.39983123967474,0.318519997781708,-0.45442583162238,0.06142148675223,-0.220535924732939,-0.401422834105514,0.179325586519382,-0.129340293529388,0.145069592515072,-0.348384838551272,0.385671419088614,-0.0921271886403723,-0.467603678191324,215131
0.0841883516868607,1.18746518944587,0.722751161616364,-4.20220238379896,1.30959001600381,-0.937675688161679,0.95633457318775,-0.942555977018609,-0.485425958662705,-0.103966552834263,-2.26822237029417,0.48542790691272,-0.497283094951875,0.317447355285493,-1.80069769719483,2152442
0.0896872027596435,1.54085505221775,0.964889175935128,0.50430564676522,0.900899517511876,-3.27253491094306,0.0480958753156762,1.87515013212103,-2.58834753342279,-0.126290030250793,0.490748008638058,0.850062014786956,-0.347550765368123,-0.074808641856723,0.452931701001904,2157529
0.165962577727007,-0.127979438218689,-0.387396683608504,0.594127660633946,0.966125968225047,-0.0778303449542329,-0.0370286534803047,0.70772263316681,0.0819624000917885,-0.136094918855626,-0.080455085300628,-0.727749079666295,-0.0727531954720223,-0.443031052249024,-1.44846900669353,2158101
0.191243762182944,-0.266789248160318,-0.623264205456498,-0.854534853610125,-2.20449748705097,-1.78365073821844,-0.0638510602254624,-0.325321228322166,-1.18052031874499,-0.156082619109247,0.15416865582688,0.170673210039386,0.269398837696426,-0.624928600251991,0.188210187533169,2158329
0.0170692943094778,-0.314425412825082,-0.435914318589733,0.0160654339473006,-0.337568067369849,-1.02867299567189,0.773791318118538,-0.576627981235001,-0.560681113199716,-0.121174738910211,-0.504968016593614,0.159850965595553,0.560710688890323,-0.0768090232062374,-2.2006882286692,2168082
0.126443160621909,-1.26339605153975,0.904250138235083,0.654696800563243,-0.875514692372527,1.01825325091609,-0.0170311926525534,-1.12852429155945,0.705941104945905,-0.122930428318236,0.0261158016613231,-1.14296012443341,-0.619897436869486,-0.108542757948309,1.49776969836357,2172217
0.170314609947921,0.643908338073263,0.0825449335981843,0.528022945240442,-0.111239896957277,0.80098345832103,-0.199116968544283,-0.24153035426217,0.631158056652745,-0.138779496597847,0.43237296274977,1.63327776812404,0.149982952895036,-0.323797366151834,-0.296111684561734,2176530
0.585802037151837,-1.17609751493327,-0.595792939191977,-0.464167131193481,-2.07561862828734,1.08633938487133,0.342127520742295,2.06558334973274,0.379012883256264,-0.72325342393496,-2.43654039567736,-0.521657464953468,-0.0686664150847953,0.0723421956749022,1.20626155947058,2176784
0.0228166997861383,0.613580800527581,1.72260380176696,-0.218516912740018,-1.57620502498893,-0.457878870410184,-1.50274568747771,0.018079478088566,-0.179629841040846,-0.0658878270373283,-0.414018737804217,-0.132764810793344,0.131805930975396,-0.434076071825823,1.03249395960889,2181724
-0.559965791986321,-0.404479952618977,-1.07981334314604,0.38425573251531,-0.403565193408275,-0.300599796071694,0.818150994233778,0.0456125088779568,-0.035387365167577,-0.0422508151045349,0.0901415507989827,-0.0868651303122379,0.113381555610068,0.703545275990645,-0.359269456374555,2183291
0.125564082942705,-0.485987197468912,-0.086051764582586,0.062855966808169,0.499296535691375,0.140994654331052,-0.572140670492731,-0.0236219029141274,0.229443368711597,-0.129064617432388,0.0591899360108629,-0.856257366456982,-0.0284784168397139,-0.205003918370411,-0.365877495760086,2183356
0.0608056974215106,1.12577796179179,0.320695809555938,0.0520504779599664,1.05644198120505,0.594842605381946,0.266850240132732,-0.675982729884373,0.464346836031876,-0.125307989474667,0.560747724669779,0.430046711793469,-0.0391740337441945,-0.0799611436787192,0.730937626816483,2185290
-1.32547072656004,0.389588823223062,-1.36092769482469,0.137428203257322,1.08625880998992,1.416285923438,0.638479791455102,-0.551348066849172,0.960203518066459,1.38446290985798,0.0433501086884786,0.927558975875454,0.142132050169059,0.360487882338095,-0.0570592245925929,2186951
-0.0218211224947466,0.542405279254365,-2.4598095985215,-0.261491799069133,-0.0138290969912482,0.585259268636856,0.0213271994465102,0.287548712758426,0.515538426765812,-0.10306332223984,-0.714462710404073,0.151820853091267,0.273111942117647,-0.140355538777577,-0.518820240690991,2196212
0.235702886268463,-1.31588969450682,0.37682736960589,0.433933476203173,-1.16022331760282,-1.24183938434005,2.69260227082144,-0.89065583781543,-0.742547082501262,-1.23032614423742,-0.910492454949437,-1.35350026963594,-0.0398088848166648,0.0432635724837696,-0.205622625512008,2199403
-2.53513379468266,-3.09632341471798,0.197954716158025,1.23596668047702,1.79959700759991,0.626127434659598,-0.464223336489455,1.94363544244332,0.518137602427105,-0.226351323848384,-0.748681661412093,-2.96958333153507,-5.09032529673405,-0.317873656355613,-1.13214820035197,2200416
0.160221983018523,1.08340670556585,0.376705097169343,-0.0414668854571984,0.577220225845668,-0.758290503582641,0.244451505105402,0.958797874978845,-0.360559363350483,-0.0720296537267154,-0.0738048358258386,-0.413388766583921,0.391863700365229,-0.0687669586480151,-0.29704605486363,2200813
0.120642494157499,-0.565318058793912,1.28889754351172,1.31179759090413,-0.505153205320149,-0.0380768083410456,-0.338384752657032,0.590507626456849,0.120107740145231,-0.143353730119224,0.571165594590567,-0.188506419866587,-1.4758780659663,-0.269193145458846,0.254800916707359,2205389
0.0912741393020573,-0.969638558416546,-0.977845553518679,0.211475590643121,0.0600522050087545,0.209287602354526,-0.0881597363929792,1.26403315305749,0.285273885907935,-0.0511574013918723,0.511804401144456,-0.24541719093878,0.893607962516184,-0.0942534783080041,0.536584470938682,2212664
0.0318974875640999,-1.44436487196656,0.571858263841604,0.375923014990776,0.588221213367601,0.589791865345497,-0.565279988852245,1.00930862468869,0.515897662756373,-0.114833604329312,0.0384164123809662,-1.0676863355403,0.629078583065831,-0.127064917996571,-0.70143388362793,2217034
0.0878458743395971,0.691709785097993,1.29535924998469,-0.360450524455894,-0.69176548524676,-1.19365956442663,-3.57569642692247,-0.35606183411199,-0.788201377359817,-0.112612299403843,0.764441584644532,-0.71633635215037,-0.609563605536219,-0.902915948642062,-1.11811874700544,2218615
0.207335023397788,0.862790503302103,-0.249476206648002,-0.0915975197389457,0.574725030399625,-1.69705854904742,0.404824513596937,-0.682596779241012,-1.05178692535933,-0.0432938263710204,-0.293989633249715,0.125613307763027,0.0187675129641613,4.92996437482566,1.48119100848369,2219842
-0.00152158712392841,0.792592428069282,-0.379144395829963,-0.125077350360629,-0.186016145803651,0.101989549761089,0.814270495400468,-0.633541288291689,0.214938444184287,-0.00286396226369144,0.243724313640524,1.39157940005862,0.172611762626985,-1.51118024413738,0.551183764136128,2224150
0.108410622532959,0.976348649085494,0.638445012463096,0.30780069930013,0.604858646118438,2.62584252485922,-3.08331875735482,2.55362876930216,1.13840480400711,-0.123989600762654,-0.19028119452331,0.491883001873623,-0.323966514409972,-0.152977555594588,0.562839108234086,2228399
0.204668656313069,0.723891944943586,0.924307941640398,1.06588888457826,0.0157931054965381,0.344016316696494,-1.02433873698556,0.417713165350441,0.368730181696126,-0.149626574064543,0.394565854152379,1.45628313098918,-0.230281443937513,-0.191606145367293,-0.312563941537756,2228400
2.29630843838614,0.596696918154888,0.379140899827649,-0.380641108879832,-0.0530355982754777,0.343618641066589,-0.323910285600143,-1.5663418118016,0.371721139789223,-0.0252258643592789,0.630125632648347,0.362547636536768,-1.32787842539052,-0.517028848736901,-0.0416045502880335,2234271
1.8851980089006,-1.5783978417463,0.924322588124472,0.351197598832227,-0.040947353687125,0.756999959138688,-0.038567942247675,0.684995798661034,0.616678958211019,-0.0860361401323462,0.113826010138905,-1.21092775176269,0.34087130656667,-0.21748642998947,0.416461942413298,2234422
0.08516057174297,0.373991172290205,0.555434723331134,0.30970989581924,0.11562627623119,2.80881484160181,-0.0466017951818461,0.526995122917497,1.68011140394118,-0.133409431313633,-0.256966771062148,0.0174495835981285,-0.0356693657280673,-0.119278996501135,0.753676641993298,2237571
0.135020211739681,0.00883582998078685,0.479952920519311,-0.401434593087307,0.571912499992112,-0.472658786178322,-1.29039745002225,-0.772869641234745,-0.182433364331332,-0.163414490371402,-0.955115243642077,-0.368146584566269,-0.0365586860197536,-0.471721479900576,0.535813215856002,2244172
-0.361624555279487,1.59046987461327,-1.01700050847083,0.30927294328562,0.22845387060406,1.16879053036755,0.553082638555781,2.56779582796121,0.822042851947542,2.64244212106304,0.538746433683928,1.46046603575632,-0.0119221129665352,-0.075605087446386,1.54995511851503,2247869
0.0997999557482666,0.474021129580263,0.661961428882864,-0.224066537000947,-0.271620831889205,1.20352164263102,-0.641821332789806,-0.0647672698086348,0.565362411034667,-0.126819471665286,0.546997347271452,-0.60620266714862,-0.519558723031823,-0.241686614786342,2.14802283002872,2250648
-0.141332907005561,-0.150773615415505,0.790823857148391,-0.409374027531068,0.523177306110733,1.13156779858461,0.153057661253223,1.47063533842857,0.826559410782571,-0.0794497294508946,0.107707437430481,0.714246806410511,0.186106459704121,-0.0828366527293042,0.398563384741688,2250836
0.0828259739643926,0.351942814041002,-0.186460773251417,0.57342615942492,-0.999218614935705,0.283309420589351,0.133701111654809,1.25002108090943,0.336164064390198,-0.160658172035276,0.757334599868345,0.884916875407764,0.213715483748461,-0.158748155007427,2.29024818214159,2267382
1.16662869558813,0.481074868852358,-0.349674080765452,-0.61043744333189,1.29375367783585,0.0904047143613187,-0.375912723279958,-0.684700398239182,0.216966930357086,-0.345342384861011,-0.463601047474386,0.949334846541333,0.141226592913013,-0.741503120450105,-1.88937477880448,2269346
-2.91905358736504,-0.00380793486415735,1.02899096396925,1.42105701389571,0.915716280254084,-0.284669910275631,-0.461098505132723,-1.11537852943014,-0.0420950133997959,-0.688363736942893,-1.37191230215887,-1.01416526884891,0.0825772206036558,-1.01160857236668,1.26276080151551,2271329
0.0754002823650392,0.176927244099817,-1.82233474831951,0.435492842702938,-0.0201603655823175,1.12959493372048,2.52710776418842,0.375644660049828,0.829173179695933,-0.0829581976651699,0.430926445298705,0.00679825767381911,0.0846604990098588,1.61907319410592,0.924918069183249,2274521
0.0881490553592383,0.985009278007516,0.496929474479296,-0.123672903471172,-0.0144065836545767,0.110123615709884,-0.673505122383094,-0.871664178224588,0.224256233898231,-0.126414272953389,0.352383340685091,1.07009904270962,-0.0496068655384434,-0.101162344291054,-0.126623849620925,2276121
0.113158575090514,-2.65608044675613,0.617894475326705,0.7967659731802,-2.08876400742219,-0.286730983225988,-1.00642190529993,-1.73935809735187,-0.221579905776681,-0.228055642920101,1.56648694509997,-2.48146952487975,-0.389495971944598,-0.238779974612344,1.41233451157747,2278618
0.201904184220174,-0.668671858529148,1.00052790375117,0.288899241784965,0.982815999759729,-0.100628404133416,0.100766172921705,-0.428420838543415,0.0948788930897221,-0.106316023212349,0.253943530399035,0.120696561341397,0.0458845405363128,-0.094913846746127,0.0650701047158021,2285214
0.00268707311398347,-0.917188119462901,0.0928263913172457,0.243285395522605,0.251840090724063,0.114889826362215,-0.255669575731162,0.297435883494103,0.223189036833438,0.129329657218112,0.0533285417741647,0.0931677353198432,0.158251533433085,-0.101953182704591,-0.325110757831877,2286108
-0.0102020364097237,-0.765044059585851,-0.606211760970011,0.000110079016009598,-0.871213250518376,-0.227471223281,-0.407581456549503,-0.766302410719968,0.00580858893934925,-0.0677707974545688,0.113676983722984,-0.227004631007545,-0.00693198753003854,-0.28475111021844,-0.26943515590694,2293123
0.0693031246510377,-0.671267788708524,0.770745138688894,-0.370559465972736,-0.250914774482941,0.0773611446628786,-1.73492289572033,-0.594545390571517,0.191080268671771,-0.114932340526775,0.497224061684753,0.113982417952226,0.132934992275234,-0.175566034596279,-0.721747273147704,2294852
-0.0793875819232476,-2.2228782500932,-0.792546888094365,-0.813788615793376,-0.513596025844759,0.447250278013416,1.27159718729927,0.882561947552638,0.221324094463379,-0.127086466567461,-0.724475485140301,-1.81464887504744,-0.912263604199815,0.288195392390046,2.3694807764001,2294873
0.104508560519598,0.614854590865542,-0.814395307269225,0.216782419570875,-0.297065697545596,0.24115527455622,1.29033570823711,-0.708399450212875,0.27341615945019,-0.113800632557386,-0.145753896043115,1.58873042549151,0.110543141125202,-0.0565742094339212,0.482838603153769,2296332
-0.132775779940186,-0.944097027597603,0.57405570662944,-0.42606599549717,1.35061049021696,-1.64945472494605,0.140792360877856,1.99598956296828,-1.02703115132895,-0.130200085062922,-0.460012253208722,-0.858681236363903,1.16054191951896,-0.0866130512933837,0.181102424454824,2305114
-0.0215211187571353,1.54090329665011,-2.41546044675934,0.429795223357099,-0.369231480533564,1.28048207468748,-0.24136838694595,-0.461731314418648,0.920541382942483,0.48698667801515,0.478386639586072,0.678982620645194,0.451581132925742,-0.128067879010204,0.405525786388341,2305115
1.3964407944458,-0.469487291772843,0.65965725106191,-0.709490814996099,0.949283521025503,0.268069610505038,-0.383130131548968,0.650470616005894,0.296014519642302,-0.194070572391353,-1.34252712786721,0.218082939681389,-0.0398213808092035,-0.259222913240986,-2.5506160393024,2306459
0.0593451235244134,-1.02613018105618,-0.216302961184194,-2.55991189593814,2.25082268824168,-0.942838015073042,0.0876926077800534,-2.11036674469897,-0.505428895354271,0.580359214667703,-0.814191915522372,-0.732855928121595,0.516981701534963,-0.0686954042119983,1.53319557380826,2306893
0.186338840836229,0.862886469815465,1.02984527199431,-0.223177467888903,0.109261336214493,-0.208720780900923,-0.204422166163068,0.366481082587351,0.0257797951013774,-0.0883822321325551,-0.0986507268094511,0.196712412949358,0.146869604418304,-0.210674149163956,-0.465030324748272,2317120
0.062856320825571,-1.11177402168498,-1.93827014022409,0.25968067420815,-0.48757184854047,-0.120820787480795,0.891424727605495,-0.472345307313169,0.0829255666794201,-0.102850508677429,0.483353425826041,-1.25099291612695,0.0174650051461376,-0.0293285226287784,-0.280013850364138,2319068
0.0461863494427679,1.27201770318929,-0.667967673388363,-0.0343393682619626,-0.893207595494935,0.51577969017421,0.305613824692897,-0.830177841005897,0.475794089007745,-0.102647918886214,0.0652536354758832,0.631699847487318,-0.203659499908993,-0.0771473337561014,0.481467165751367,2321962
0.248836318194996,-0.494208393595623,0.418792514972292,0.293747807785728,0.327186832662125,0.265940998981564,-0.0751432923807833,0.499023609457418,0.324456354407246,-0.130528049881032,0.32487082850725,-0.0801224141365286,0.55373699450109,-0.111989922110607,1.56391231741266,2331869
0.0479522540776802,0.437938483147475,0.813956823946733,-0.215947464388663,-0.127021522772099,0.549660737321552,0.303989243088806,1.0597722326681,0.488177602894133,-0.122109874739701,-1.53872331972155,0.056741752418524,0.160948334054518,-0.190609799470407,0.0716005146801416,2336735
-0.119155638229969,0.665981154450617,-1.81145407900615,0.409873297202246,0.188315493461623,0.376959948253306,-0.128305153317657,-0.129076016548214,0.394143012337329,0.0220921568100967,0.883433641202016,0.0377043424584366,0.183680841322658,-0.11270460556494,0.0225104299822837,2339674
0.0983178921902921,0.805638481537991,-1.5363425865907,0.249111917572025,0.423236183366338,-0.666159796117344,-0.0151749997660604,-0.318552192454539,-0.288016100060992,-0.116951284085858,0.0628038428688357,1.21265909994569,0.050097528971113,-0.11642863670828,0.163689953431955,2340155
-1.82740394040479,0.697918505887181,0.662929810514919,-0.0714712867938351,-0.0428509719365576,0.973215891060638,2.40781751478804,-0.686201830064429,0.743616470224511,1.88013077449838,0.489998534249469,-0.142598647094511,0.116754159005287,0.897136140244776,-0.515889714207494,2340322
-0.253376974788099,-0.267541603527099,0.518793986577977,-0.0871845496640617,1.20213925470228,0.368579492057057,0.300087243542166,2.13646449320412,0.382802336482116,-0.228056121712915,0.300349279626866,-0.445483527244484,-0.0445678787032256,-0.0383512602889426,-0.777387155874698,2350037
-0.757677852300002,-1.62843023196744,0.842318038146151,1.56420586317361,-0.669447158096891,-1.25190564891247,0.167124639557023,-1.2336151555584,-0.718727136935481,-0.156635040631681,1.48732693758134,-2.00873917157198,0.537504493403838,-0.137525629517162,0.42812193479979,2352038
0.150354739346837,-0.327008254349914,0.539051387640891,-0.0535954080849383,-0.0670346499444653,-1.76035448434053,0.129137840656568,-0.612765669381602,-1.14901588707384,-0.124010839237898,-1.79727932043562,-1.0727941499547,-0.222389131619241,-0.127273700668198,-0.193972303306066,2359944
0.0857415058668059,0.52893415509897,0.406359724965798,0.0126508605873952,-0.594977974780642,0.497156981154609,-0.175066165411562,-1.47532566033223,0.456719979729645,-0.121339975365276,0.249945097179459,1.17868783041859,0.0914860878232227,-0.103741928976512,-0.73364428230177,2381907
-0.0707413669688752,-0.582033799411317,0.482493254293362,-0.182612149943696,0.193131179074847,0.813115876851042,0.425941513594177,-0.661839242090546,0.647094430941272,-0.31763015740019,-0.0155499543911117,-0.142104774913684,0.14286700211793,-0.137928312535246,-0.158798646962054,2393207
-0.12364983021701,1.48211371560253,-1.48111196597004,-0.467389765364984,-0.15676162973083,0.152604360793467,0.311751977694245,-0.0229231720603982,0.25582607075446,0.202736591189755,-0.192033089266575,2.34221567091547,0.0883929234762822,0.000235343574694627,0.836506994754636,2395415
0.0552744580376021,0.391610550112764,-1.39460125574976,-0.0361361161480616,-0.518446239293296,-0.0336603577260107,-0.251454344169702,-1.28790208703087,0.107933878462068,-0.118551340301384,0.710941470556411,-0.0947126209329558,0.246667150200845,-0.094475249193122,-1.2036334327082,2395943
0.0531538083133366,-0.196373083295275,0.745937383661781,-0.321030133507125,0.249963140887991,0.789005201379814,0.160519099388372,-0.144766463454897,0.632260249461083,-0.123685759638907,0.157914928805224,-0.725579993920798,-0.0286179701937396,-0.0860901228652223,-0.437543059829627,2401405
0.121269455671335,-1.59034292545739,-1.12773114115937,0.279987211141534,-0.151309278528056,1.14808610834437,0.0942169927133727,-0.641971585824025,0.839809646631201,-0.134566196992104,0.0812420381996894,-0.62996038341641,-0.0501117937381353,-0.180919660496678,0.143508075149392,2405144
-1.36044757367525,0.00569517953620561,-1.15231895706491,-0.181646494914919,0.845795082297806,0.280625324076015,1.86392189147578,-0.608427984405176,0.334050928378071,1.15477889968781,0.330152702503489,-0.628105766968696,0.123274511783412,9.13036902079336,0.0250916053608666,2414406
0.032846777546679,-0.048728334177061,0.8565897028263,-0.736247047973824,-0.286865095233307,0.962399913486427,0.205666402849151,-0.340946774627373,0.726635291714706,-0.0122293781689081,0.252197922232305,-0.169891566786338,0.0669742088232096,-0.0433564050713098,-0.448487718688333,2419459
0.069021545450585,0.247656398073319,-0.00208126411988494,0.126779489991981,0.270623270998511,0.784495121097891,0.404928393577324,3.64841247611101,0.63242371684548,-0.128401577464555,0.232317399588201,0.975617241015594,-0.103663495313509,-0.0448605735819473,-0.263555592832843,2425694
0.0369914255245979,-0.0716196818557047,-1.05976725434713,0.0367174148124278,-0.701626915280898,0.598989167688917,0.188801615741919,-0.372679939864684,0.521812240719729,-0.00120927823609613,0.498441836425059,0.145606826841871,0.158579774797378,-0.0823330821480333,-0.522517859249896,2426863
-0.323089973698217,0.601133397127539,1.01400645762095,0.167198310946715,3.98781808188972,-2.02206539981667,0.31009274166499,1.74662175588569,-1.6455917994184,-0.228525338941316,3.04453816899149,1.27849553478489,3.19741706302728,0.0383435692880238,-3.05378454347576,2430773
-0.115250428775466,0.403744438963613,0.750414309798424,1.0398299979156,-0.347325885156552,-0.232571558488866,0.0949598510830351,1.11216800581789,-0.0297716502416686,-0.123916260263737,-1.09517034564427,0.320157821288022,2.64244906002238,-0.117141421127697,-0.29591783189914,2439458
-0.566672831748699,-0.993320575304859,-0.654553271552218,0.316079102578566,1.42745524114397,-0.696035245287801,-3.00134655409474,0.359650375003886,-0.317044687443774,-0.165252714465031,0.584415542674836,-0.412792626933663,0.559346690744949,-2.18113737194463,-0.0945421370134802,2443354
0.0645969788300159,0.947520160246129,-0.359934618170642,0.107561068984874,-0.0836954217343375,-0.337673122365163,1.08301478058672,0.0410881943112137,-0.0610997720958383,-0.119972205819539,0.585752288666775,0.308365232333617,0.0929359552979395,-0.0359322848580203,0.625267671918007,2445526
0.255024257144165,0.497474819764765,0.899408437145947,0.354295129634096,1.41910867256857,-0.304055066494365,0.155894118251993,-0.446463528642987,-0.0773641006685172,-0.13507858177665,0.598237757385389,0.82104735868662,-0.390623860821969,-0.0658256004727369,-1.46178397393637,2448298
0.0474857350282703,-1.04922563250274,-1.69339115897052,0.0495211951850248,-0.115724527842816,0.551526290730671,-2.55983908037539,0.243583237140969,0.495132320945894,-0.199524505253564,-1.44411807551771,-0.538612061823148,0.237839602942179,-1.2584436765185,-0.117647856912553,2453577
-0.136901090122064,-1.0042606702468,1.27635649931905,0.9390863429433,-0.112502849005806,-0.490045257367525,-0.353444196909875,-0.991526871164018,-0.167712100783813,-0.166007914332352,2.8605719868396,-0.370413637529496,-0.664581274623978,-0.620460075006623,-0.0457519979015934,2474709
0.080049179880601,0.976272264496466,1.81451845498252,-2.25543731821,-0.9156616758675,-1.71754568561498,-0.408809853783879,-1.05145692607947,-1.06460565947368,-0.122781779046629,-0.720749935050585,1.22757954910264,-0.17774991607924,-0.176381784469014,-0.952023421817429,2480056
-0.443465158866547,1.05047352623718,-2.45021544159469,-0.666898059266946,0.102542963746252,0.0931825992437483,3.48085170226477,0.126228742571116,0.219085660734769,-0.0523462237243309,-0.36310143333127,0.673895205279498,0.0560356142860319,1.43437024535713,0.0508633861338876,2480330
0.0642198561918893,1.10606858674729,-0.0165104406711543,0.0229362776289491,0.277954058560659,-0.100526468071689,0.192816010587406,-0.146149072288387,0.0942825473889683,-0.0532121209850795,-0.086349023885932,0.852702250650153,0.0842575327918391,-0.0625349122741688,-0.110405213215211,2487135
0.152697990136541,0.86384808486688,-0.957593289400135,0.127993379269015,-0.467253927044448,0.0835839005912866,-0.219758982143463,0.118936627228881,0.200772628237651,-0.199525397965229,-0.438748042051643,1.72898509722018,-0.176945194838695,-0.212774065394082,-0.14432856499705,2488660
-0.179215460063277,0.457473961669387,0.769976015380416,-0.410912870137042,-0.475501800826169,-0.753787242678258,-0.185155539241504,1.82384507654235,-0.349022815863965,-0.111120969185883,-0.276487607014295,1.29078680587881,0.00816302374994969,-0.132500618515891,-1.56934661633604,2490180
0.0738127439191177,-0.840181309680952,-0.390072076917,-0.309635161143347,-0.0537678863296171,-0.189678182732916,-0.304558261700451,0.455814015969623,0.0215263680283503,-0.141441725624409,-0.712389135658766,-1.63573139695041,0.326071117994805,-0.281096100448561,0.013983583521846,2493534
-1.44281698081741,-1.52926985863685,-0.388885053728465,-2.56946987161194,1.48719148081721,1.38938081365627,1.98142841357996,-0.208228919266741,0.908720549325336,-0.245515793520056,-0.583027287303203,-1.14829203986268,1.9919127695702,1.70747586810341,-0.306217618158948,2498991
-0.0565112248152572,0.214250694668852,-1.66769892795201,0.240043019795518,-0.732572015061409,0.581811230539925,0.166393025711968,-0.673098689225642,0.499910039031123,0.189203633289504,0.205688383515352,-1.66644427758114,-0.125226320074387,-0.110459109301353,0.827534956035687,2500377
0.371265247416817,0.0131662796200682,0.42451319470002,3.22360831809877,1.20429391144918,1.71489392131609,-0.0717828826893448,-0.856268851465922,1.04506768067629,-0.111649285762837,2.35749892818673,0.226685814118851,-0.165928899156423,-0.0713124539857768,-0.651617111167658,2504802
0.223595133667598,-3.56490109803309,0.0689937529290904,-0.308034530464582,0.0905045580839255,0.195554232138428,-0.225843191688114,0.498696200452944,0.273192561788249,-0.136163720971669,-0.404030855251114,-2.82786225545807,0.0742746231970291,-0.0999787098098912,0.0164097719562505,2510402
-0.334579147523388,1.54439226209418,-2.36415158241418,0.279935177328079,0.168652979856691,-0.582768080774351,2.21912404584105,-0.359327851942609,-0.230770777632621,12.1890726581137,0.251368058746235,-0.0290918086197587,0.0116782823413136,2.4390744951065,-0.212708199130751,2520618
0.0338213115678818,0.0973193611559645,0.937438869528965,0.186360070693104,-0.263599555318229,0.203185264524399,0.521574638563275,-0.603531056434919,0.280979977308277,-0.0751157099017527,0.34847902840819,0.087867840118878,-0.0142330739696506,-0.0836103543877422,-0.566801208665788,2559453
0.111485174839589,1.74606729567088,0.439515943578192,1.03737998098188,-3.22291818203564,-1.20062522173232,-0.756533111740963,0.28285003836681,-0.836382100145887,-0.128902203426568,1.01216892284247,2.16075522535239,-0.979597122652517,-0.270014538788811,1.56809870820283,277752
0.0846345533022686,0.93201283840556,0.366702331456965,-0.328257440437378,-0.050792405329358,2.76991521520772,-0.918599365389837,0.671609161662552,1.57176595397857,-0.124446011988462,0.00502090981827174,0.136570745668241,0.0392929247818263,-0.292817766139124,1.01710106238014,308862
0.0655192576048408,-1.62173293692513,1.21370121163298,0.410208470864347,0.330203398303335,0.206321837871649,0.346355658447675,0.767445070735251,0.284635702350406,-0.126565951307003,0.392547297488525,-1.58426747718927,-0.171027677691164,-0.0131941643653747,-0.306601231762705,58325
0.625401094174695,1.30483313900889,-0.66974020837058,-0.489958458189648,0.248615723553381,-0.146609161394244,-0.264308836303977,0.122517461409955,0.0654429650398343,-0.143961239369901,-0.214434113018963,1.51509760497956,0.181956194948181,-0.419648394108628,0.152997247875024,92173
0.0872925270632,0.480287095170157,0.774844434870055,0.611883725078848,-0.129818695815301,1.59945910720527,-0.0189588752226077,0.629256837313688,1.08134840949716,-0.122119602981989,0.138228483333357,-0.303376539592044,0.109097409439978,-0.0775956791874192,0.671516379781105,923666
0.498447403678218,0.301654514283517,0.558356840079573,0.911122113193327,-0.503191974576366,0.213362594484156,0.14615342794161,-1.74242392427245,0.28849282430428,-0.1237320445099,-0.148574408475942,0.463397128242179,-0.593039797151912,-0.106075734784477,0.0099682225399205,965005
0.161533471647677,1.64686895508772,0.610359848968556,0.0547660571009306,1.47095922201825,-0.0556507710142686,0.00170137917761536,-0.222584867736064,0.104222868452409,-0.135033811726123,-0.398176016297783,0.440430964705138,2.5454866570198,-0.116625030848996,1.11233731881945,983079
